unit,year,month,coal,gas,oil,nuclear,hydro,wind,solar,other,fossil,low.carbon,total.prod,coal.perc,gas.perc,oil.perc,nuclear.perc,hydro.perc,wind.perc,solar.perc,other.perc,fossil.perc,low.carbon.perc
Gwh,2022,1,14511.336573107601,69.495,102.3766068924001,955.895,432.942,736.162182,641.249568,6.926896,14683.20818,2773.175646,17456.383826,0.8312911034583251,0.003981065075831588,0.005864708745686359,0.05475905030091425,0.024801356587677955,0.04217151669772181,0.03673438751071146,0.0003968116231314127,0.841136877279843,0.1588631227201569
Gwh,2022,2,14119.29642279296,138.514,99.61078720703915,611.544,347.364,582.148106,558.2908170000001,8.27552,14357.421209999999,2107.6224430000007,16465.043653,0.8575316725759403,0.008412610553556727,0.00604983438284961,0.037141960439842144,0.02109705915882639,0.03535660872019189,0.033907642686284475,0.000502611482508409,0.8719941175123466,0.12800588248765335
Gwh,2022,3,15367.914308692856,141.323,108.41971130714487,678.684,406.469,683.521087,499.510565,17.203992999999997,15617.65702,2285.3886449999995,17903.045664999998,0.8583966435798541,0.00789379654414237,0.006055936701267688,0.03790885711288834,0.022703902319516318,0.03817903946568524,0.02790087085442286,0.0009609534222232013,0.8723463768252642,0.12765362317473594
Gwh,2022,4,14297.73513838477,245.063,100.86966161522989,657.2,434.161,769.183122,506.305352,21.285865,14643.667800000001,2388.135339,17031.803139000003,0.8394727805211257,0.014388552873702866,0.005922429985363974,0.03858663669585994,0.025491194118245963,0.04516157894278958,0.029727055195973042,0.0012497716669387109,0.8597837633801927,0.14021623661980723
Gwh,2022,5,8409.548381869265,157.205,59.32885813073514,372.548,217.199,302.28497,264.25696899999997,10.167114,8626.082239999998,1166.456053,9792.538292999998,0.8587710489608873,0.016053549682044633,0.0060585781087162255,0.038044068744291615,0.022180051126811567,0.03086890864813696,0.02698554359382989,0.00103825113528203,0.880883176751648,0.11911682324835207
