unit,year,month,coal,gas,oil,nuclear,hydro,wind,solar,other,fossil,low.carbon,total.prod,coal.perc,gas.perc,oil.perc,nuclear.perc,hydro.perc,wind.perc,solar.perc,other.perc,fossil.perc,low.carbon.perc
Gwh,2022,1,1634802.3258065535,79497.32877227025,7919.930673127914,118274.74570903124,289074.1530316268,144749.587002663,79090.1205512635,101126.35748184855,1722219.5852519518,732314.963776433,2454534.549028385,0.6660335363597476,0.03238794451018783,0.003226652758366338,0.04818622160191214,0.11777147449240644,0.058972315977365804,0.03222204412749901,0.04119981017251475,0.7016481336283018,0.29835186637169814
Gwh,2022,2,1019207.6741934462,49562.13122772973,4937.6330910144,72734.05428570362,188285.84695609816,175020.41299574618,95629.87944786731,63046.61876200937,1073707.4385121902,594716.8124474247,1668424.250959615,0.6108804002382704,0.02970595230752817,0.0029594589554631915,0.043594460008519846,0.11285249950532858,0.1049016237297444,0.05731748348351122,0.03778812177163412,0.6435458115012618,0.3564541884987382
Gwh,2022,3,1238760.0,57981.72000000001,6657.05577994763,106465.07999852776,266759.9999963111,236639.99999672762,113279.99999843352,85001.22422305237,1303398.7757799476,808146.3042130524,2111545.0799930003,0.5866604562399902,0.027459380597354907,0.0031526941304846298,0.05042046272527636,0.1263340302434819,0.1120695940801378,0.05364791927568463,0.04025546270758953,0.6172725309678296,0.3827274690321702
