unit,year,month,coal,gas,oil,nuclear,hydro,wind,solar,other,fossil,low.carbon,total.prod,coal.perc,gas.perc,oil.perc,nuclear.perc,hydro.perc,wind.perc,solar.perc,other.perc,fossil.perc,low.carbon.perc
Gwh,2022,1,544934.1086032768,26499.10959113513,2639.9768910639573,39424.91523920023,96358.05101726299,48249.862337064726,26363.37351876434,33708.78582592427,574073.1950854759,244104.98793821654,818178.1830236925,0.6660335363494981,0.03238794451008697,0.003226652758336273,0.048186221604565295,0.11777147449857227,0.05897231597981576,0.03222204412898763,0.04119981017013765,0.7016481336179214,0.2983518663820786
Gwh,2022,2,339735.8913967231,16520.71040886487,1645.8776970072,24244.68476079977,62761.948982736976,58340.137662935245,31876.626481235653,21015.53958600469,357902.4795025952,198238.9374737123,556141.4169763075,0.6108804002475442,0.029705952307394288,0.002959458955521949,0.04359446000734132,0.11285249950267727,0.1049016237275143,0.05731748348207205,0.03778812176993461,0.6435458115104605,0.3564541884895395
Gwh,2022,3,412920.00000000006,19327.24,2219.018593473815,35488.36,88920.0,78880.0,37760.0,28333.741406526187,434466.2585934739,269382.10140652617,703848.3600000001,0.5866604562380454,0.027459380597263876,0.003152694130698571,0.05042046272580644,0.1263340302448101,0.11206959408131602,0.053647919276248644,0.04025546270581093,0.6172725309660078,0.38272746903399213
