unit,year,month,coal,gas,oil,nuclear,hydro,wind,solar,other,fossil,low.carbon,total.prod,coal.perc,gas.perc,oil.perc,nuclear.perc,hydro.perc,wind.perc,solar.perc,other.perc,fossil.perc,low.carbon.perc
Gwh,2022,1,1296328.2172032767,62524.77918113513,14016.322891372509,113735.13046983103,209484.2922649169,155734.7246655983,71016.74703249917,178968.69780355398,1372869.3192757843,728939.5922363994,2101808.911512184,0.6167678755680078,0.029748079779598306,0.006668695148546218,0.05411297375649733,0.09966857173243199,0.07409556778097023,0.03378839372291219,0.08514984251103577,0.6531846504961524,0.3468153495038475
Gwh,2022,2,885931.7827967231,42567.98081886487,8738.39211211825,83374.66952490385,136445.70772280806,175915.2753328109,82043.25296663165,111576.95720095537,937238.1557277062,589355.8627481099,1526594.0184758161,0.5803322770000475,0.02788428377399621,0.00572411001638985,0.05461482785590034,0.0893791709331066,0.11523382982231808,0.05374267943781503,0.07308882116042625,0.6139406707904336,0.3860593292095663
Gwh,2022,3,1032300.0,48318.100000000006,20371.1399958101,102165.10999852775,369914.99999631115,225419.99999672765,94399.99999843352,260110.7600071899,1100989.2399958102,1052010.8699971898,2153000.109993,0.4794704817750131,0.022442219011385513,0.009461745915041469,0.04745244067770155,0.17181373947886786,0.10470041267088488,0.043845794322203,0.12081316614890261,0.5113744467014402,0.48862555329855983
