unit,year,month,coal,gas,oil,nuclear,hydro,wind,solar,other,fossil,low.carbon,total.prod,coal.perc,gas.perc,oil.perc,nuclear.perc,hydro.perc,wind.perc,solar.perc,other.perc,fossil.perc,low.carbon.perc
Gwh,2022,1,517563.3146435344,25168.119921872123,2505.6975491643425,36587.650054115795,90039.29510915582,65834.87326105092,35722.50422761321,32017.349850526472,545237.1321145708,260201.67250246223,805438.8046170331,0.6425855219250622,0.03124771215094232,0.003110971975525492,0.045425735443069874,0.11178911990957197,0.08173789601849867,0.04435160563762309,0.03975143693970637,0.6769442060515299,0.32305579394847
Gwh,2022,2,367106.6853564654,17851.700078127877,1777.2864602621858,27081.949945884226,69080.70489084421,40755.12673894909,22517.495772386803,22709.846140047117,386735.6718948555,182145.12348811148,568880.795382967,0.6453139011474829,0.031380387988155276,0.0031241808032308905,0.04760566741869503,0.12143265417202125,0.07164089044614873,0.03958209866660759,0.03992021935765821,0.6798184699388692,0.32018153006113087
Gwh,2022,3,412920.0,19327.24,2217.532339739452,35488.36000000001,88920.00000000003,78880.00000000003,37760.000000000015,28335.227660260545,434464.77233973943,269383.5876602607,703848.3600000001,0.5866604562380453,0.027459380597263876,0.003150582519989748,0.050420462725806456,0.12633403024481013,0.11206959408131606,0.053647919276248665,0.04025757431651974,0.6172704193552989,0.38272958064470114
