country,coal,gas,oil
China,980.6280414,585.9850491,777.327106
India,1219.78924,728.8984482,966.9061047
United States,939.0453835,561.1368755,744.3652431
EU27&UK,1111.921127,664.4406732,881.400893
Japan,995.327624,594.768946,788.9792141
Brazil,1266.025657,756.5275268,1003.556923
UK,1027.783262,614.163169,814.7062446
France,1157.122749,691.4513987,917.2314472
Germany,1285.185346,767.9766092,1018.744482
Italy,1026.399239,613.3361309,813.6091532
Spain,963.6840312,575.8599698,763.8958784
