unit,year,month,coal,oil,gas,nuclear,hydro,wind,solar,other,fossil,low.carbon,total.prod,coal.perc,oil.perc,gas.perc,nuclear.perc,hydro.perc,wind.perc,solar.perc,other.perc,fossil.perc,low.carbon.perc
Gwh,2022,1,90976.0,156.60551528281866,1730.394484717181,3665.0,7849.0,3360.675313795011,4249.533983318554,3763.7907028864347,92863.0,22888.0,115751.0,0.7859629722421405,0.001352951726402525,0.014949283243489741,0.03166279340999214,0.06780934937927102,0.02903366116746301,0.03671271940042466,0.032516269430816445,0.8022652072120328,0.19773479278796727
Gwh,2022,2,87825.0,138.8026673822329,1680.197332617767,3460.0,7809.0,2894.8152928753257,5071.075670033995,3648.1090370906804,89644.0,22883.0,112527.0,0.7804793516222773,0.001233505446534902,0.014931503840125187,0.03074817599331716,0.06939667813058199,0.025725517368056783,0.04506541247908498,0.032419855120021684,0.7966443609089374,0.20335563909106258
Gwh,2022,3,68207.0,90.718917674034,1255.2810823259658,2801.0,7261.0,2563.3684529469774,4538.487887154338,2346.1436598986857,69553.0,19510.0,89063.0,0.7658286830670424,0.0010185926554689827,0.014094304956333896,0.03144964800197613,0.08152655985089206,0.028781519294734933,0.05095817440636783,0.026342517767183743,0.7809415806788453,0.2190584193211547
