unit,year,month,coal,oil,gas,nuclear,hydro,wind,solar,other,fossil,low.carbon,total.prod,coal.perc,oil.perc,gas.perc,nuclear.perc,hydro.perc,wind.perc,solar.perc,other.perc,fossil.perc,low.carbon.perc
Gwh,2022,1,225.818,0.0,0.0,0.0,67.484,4.849,0.0,0.0,225.818,72.333,298.151,0.7573947429322726,0.0,0.0,0.0,0.22634168592424642,0.01626357114348099,0.0,0.0,0.7573947429322726,0.24260525706772743
Gwh,2022,2,259.57,0.0,0.0,0.0,25.461,4.543,0.0,0.0,259.57,30.004,289.574,0.8963857252377629,0.0,0.0,0.0,0.08792571156250215,0.015688563199734783,0.0,0.0,0.8963857252377629,0.10361427476223695
Gwh,2022,3,96.115,0.0,0.0,0.0,20.749,2.3895,0.0,0.0,96.115,23.1385,119.2535,0.8059721517607449,0.0,0.0,0.0,0.17399070048258541,0.020037147756669614,0.0,0.0,0.8059721517607449,0.19402784823925504
