unit,year,month,coal,oil,gas,nuclear,hydro,wind,solar,other,fossil,low.carbon,total.prod,coal.perc,oil.perc,gas.perc,nuclear.perc,hydro.perc,wind.perc,solar.perc,other.perc,fossil.perc,low.carbon.perc
Gwh,2022,1,728.99,131.806,6472.836,5039.279,2436.68863,5272.03,611.326,706.3396720000001,7333.632,14065.663301999999,21399.295302000002,0.034066075060512284,0.00615936170513434,0.30247893253732716,0.23548808168131705,0.1138677043151166,0.24636465479810776,0.028567576238964505,0.03300761366352026,0.3427043693029737,0.6572956306970261
Gwh,2022,2,570.251,118.747,5493.6405,4614.568,1545.288,4416.864,490.486,599.986916,6182.6385,11667.192916,17849.831416,0.03194713645804216,0.006652555827141264,0.30776988151695833,0.2585216572893598,0.08657157392617472,0.24744569834093044,0.027478466802792575,0.033613029838600685,0.34636957380214173,0.6536304261978583
Gwh,2022,3,408.59,69.901,2595.465,2518.192,1059.454,2988.325,319.1775,361.307412,3073.956,7246.455912,10320.411912,0.03959047405122603,0.006773082372683498,0.25148850861099237,0.2440011136640764,0.10265617390407895,0.2895548186914267,0.030926817914009634,0.03500901079150648,0.2978520650349019,0.7021479349650982
