unit,year,month,coal,oil,gas,nuclear,hydro,wind,solar,other,fossil,low.carbon,total.prod,coal.perc,oil.perc,gas.perc,nuclear.perc,hydro.perc,wind.perc,solar.perc,other.perc,fossil.perc,low.carbon.perc
Gwh,2022,1,728.99,131.806,6472.836,5039.279,2437.92713,5272.03,611.326,706.3396720000001,7333.632,14066.901801999998,21400.533802,0.03406410357539174,0.006159005248162641,0.3024614273591193,0.23547445342363615,0.11391898690733415,0.2463503970871651,0.028565922965102308,0.033005703434088575,0.34268453618267364,0.6573154638173262
Gwh,2022,2,570.251,118.747,5493.6405,4614.568,1546.366,4416.864,490.486,599.986916,6182.6385,11668.270916,17850.909416000002,0.03194520719985709,0.006652154085414019,0.3077512955769065,0.2585060454042696,0.08662673502863513,0.24743075532281325,0.027476807403457607,0.03361099997864668,0.3463486568621776,0.6536513431378222
Gwh,2022,3,581.413,94.252,3520.116,3404.386,1466.8825,4478.9945,470.5685,496.175412,4195.781,10317.006912,14512.787912,0.04006211649515353,0.006494410348411904,0.24255270740154394,0.23457836086649209,0.10107516962933757,0.30862398921274886,0.03242440410852467,0.03418884193778743,0.28910923424510937,0.7108907657548906
