unit,year,month,coal,oil,gas,nuclear,hydro,wind,solar,other,fossil,low.carbon,total.prod,coal.perc,oil.perc,gas.perc,nuclear.perc,hydro.perc,wind.perc,solar.perc,other.perc,fossil.perc,low.carbon.perc
Gwh,2022,1,564.283,0.0025,10347.6445,4092.3555,583.652,6081.1435,0.0,1911.1275,10911.93,12668.2785,23580.2085,0.023930365161953508,1.0602111512287943e-07,0.4388275235140521,0.1735504374356995,0.02475177435347953,0.25789184603689996,0.0,0.0810479474768003,0.4627579946971207,0.5372420053028794
Gwh,2022,2,665.0055,0.0,5195.254,3431.5525,621.8215,7586.72,0.0,1579.1795,5860.2595,13219.2735,19079.533,0.03485439082811933,0.0,0.2722946101458563,0.17985516207341132,0.03259102306120386,0.3976365668908144,0.0,0.08276824700059483,0.3071490009739756,0.6928509990260243
Gwh,2022,3,474.53575,0.0,6673.669287878788,3405.1689166666665,434.1460681818182,4090.0776666666666,0.0,1259.642681818182,7148.205037878788,9189.035333333333,16337.240371212121,0.029046261132093045,0.0,0.4084942827699635,0.20842987183238856,0.026574014846891016,0.2503530323195709,0.0,0.07710253709909297,0.43754054390205654,0.5624594560979435
