unit,year,month,coal,gas,oil,nuclear,hydro,wind,solar,other,fossil,low.carbon,total.prod,coal.perc,gas.perc,oil.perc,nuclear.perc,hydro.perc,wind.perc,solar.perc,other.perc,fossil.perc,low.carbon.perc
Gwh,2022,1,29520.72008945135,37480.83724092504,3026.958569623619,6507.524,3639.9616,1105.4815,5118.7661,1470.2723,70028.5159,17842.0055,87870.5214,0.3359570379134151,0.42654620279657335,0.03444794137324442,0.07405810158308677,0.04142414932796792,0.012580800504957515,0.05825350775715324,0.016732258743601812,0.7969511820832328,0.20304881791676724
Gwh,2022,2,27002.112029930162,34283.099003211246,2768.708766858602,5219.371,3004.064,1081.6884,5864.5854,1383.4842,64053.91980000001,16553.193,80607.1128,0.33498423516206327,0.4253110899564591,0.03434819423105056,0.06475074988667749,0.03726797667910021,0.013419267387530099,0.07275518494938575,0.017163301747733607,0.7946435193495729,0.20535648065042716
Gwh,2022,3,23536.379579255263,29882.8486674221,2413.3437533226343,4035.125,4720.3946,896.9391,7606.4071,1581.171,55832.57199999999,18840.036799999998,74672.60879999999,0.3151942855283672,0.4001848756544596,0.0323189961098913,0.05403755225436828,0.0632145397871783,0.0120116213215789,0.10186341715169862,0.021174712192457916,0.747698157292718,0.252301842707282
Gwh,2022,4,18491.633989862585,21658.179679727302,2030.2852713136667,4745.984931233991,6790.325158945988,767.4140548481097,8449.88772720119,1363.33418686715,42180.098940903554,22116.94605909643,64297.044999999984,0.2875969492822351,0.3368456463236733,0.03157664977159786,0.07381342223789589,0.10560866613614964,0.011935448275237374,0.13141953455561126,0.021203683417599525,0.6560192453775063,0.3439807546224937
Gwh,2022,5,14035.086153139275,16438.483343575626,1540.9795188425976,4226.742027170582,6707.408537184448,593.6390691563399,5642.894359741427,1031.8919911896865,32014.5490155575,18202.575984442483,50217.124999999985,0.27948804622206624,0.3273481574975794,0.03068633496725665,0.08416933520528273,0.13356815104776407,0.011821446750612268,0.11236992081369511,0.02054860749574347,0.6375225386869023,0.36247746131309766
