unit,year,month,coal,gas,oil,nuclear,hydro,wind,solar,other,fossil,low.carbon,total.prod,coal.perc,gas.perc,oil.perc,nuclear.perc,hydro.perc,wind.perc,solar.perc,other.perc,fossil.perc,low.carbon.perc
Gwh,2022,1,29520.72008945135,37480.83724092504,3026.958569623619,6507.524,3639.9616,1105.4815,5118.7661,1470.2723,70028.5159,17842.0055,87870.5214,0.3359570379134151,0.42654620279657335,0.03444794137324442,0.07405810158308677,0.04142414932796792,0.012580800504957515,0.05825350775715324,0.016732258743601812,0.7969511820832328,0.20304881791676724
Gwh,2022,2,27002.112029930162,34283.099003211246,2768.708766858602,5219.371,3004.064,1081.6884,5864.5854,1383.4842,64053.91980000001,16553.193,80607.1128,0.33498423516206327,0.4253110899564591,0.03434819423105056,0.06475074988667749,0.03726797667910021,0.013419267387530099,0.07275518494938575,0.017163301747733607,0.7946435193495729,0.20535648065042716
Gwh,2022,3,23536.379579255263,29882.8486674221,2413.3437533226343,4035.125,4720.3946,896.9391,7606.4071,1581.171,55832.57199999999,18840.036799999998,74672.60879999999,0.3151942855283672,0.4001848756544596,0.0323189961098913,0.05403755225436828,0.0632145397871783,0.0120116213215789,0.10186341715169862,0.021174712192457916,0.747698157292718,0.252301842707282
Gwh,2022,4,18488.718751435714,21654.76522983645,2029.9651932911574,4745.352659304202,6789.341863697045,767.3016117364532,8448.795107496415,1363.1345832025468,42173.44917456332,22113.92582543666,64287.374999999985,0.287594862155061,0.33684320179252075,0.031576420615885434,0.07381469004301704,0.10560925630727723,0.0119354945156254,0.13142230659591275,0.021203767974700274,0.6560144845634672,0.3439855154365327
Gwh,2022,5,17412.503825347136,20394.25700560396,1911.802426708057,5267.318423459656,8649.509205485987,731.090443528424,7398.626978607862,1289.0366912589034,39718.56325765915,23335.58174234083,63054.14499999998,0.2761516126393775,0.3234403861253525,0.030320011899424813,0.08353643401967717,0.13717590184572306,0.01159464526128178,0.11733767825426646,0.02044332995489676,0.6299120106641548,0.3700879893358452
Gwh,2022,6,3025.222830664213,3543.26826041812,332.1537371547269,817.8769799539647,1465.980960960153,93.71865547699674,1172.966727849605,193.76184752221783,6900.644828237059,3744.3051717629373,10644.949999999997,0.2841932400494332,0.332859079696769,0.031202940094103494,0.07683239282044207,0.13771609645514102,0.008804048443346072,0.11018997062922843,0.018202231811536726,0.6482552598403056,0.35174474015969437
