unit,year,month,coal,gas,oil,nuclear,hydro,wind,solar,other,fossil,low.carbon,total.prod,coal.perc,gas.perc,oil.perc,nuclear.perc,hydro.perc,wind.perc,solar.perc,other.perc,fossil.perc,low.carbon.perc
Gwh,2022,1,29520.72008945135,37480.83724092504,3026.958569623619,6507.524,3639.9616,1105.4815,5118.7661,1470.2723,70028.5159,17842.0055,87870.5214,0.3359570379134151,0.42654620279657335,0.03444794137324442,0.07405810158308677,0.04142414932796792,0.012580800504957515,0.05825350775715324,0.016732258743601812,0.7969511820832328,0.20304881791676724
Gwh,2022,2,27002.085472101022,34283.06528419383,2768.7060437051578,5219.371,3008.692,1081.6884,5864.5854,1383.4842,64053.85680000001,16557.821,80611.6778,0.33496493571432673,0.4252865865073686,0.03434621532843418,0.06474708308328994,0.037323277248547726,0.013418507460962436,0.07275106485874432,0.01716232979832607,0.7945977375501295,0.2054022624498705
Gwh,2022,3,23933.98799422882,28032.493738352106,2627.827484977678,3906.4685317677863,6302.9047501292525,900.4122382073738,7547.912865104231,1482.1023972327266,54594.309217558606,20139.80078244137,74734.10999999997,0.32025520868889495,0.37509637484613273,0.03516235738911829,0.05227156022554879,0.084337724101207,0.012048209822895785,0.1009968923842705,0.019831672541932018,0.730513940924146,0.26948605907585405
