unit,year,month,coal,gas,oil,nuclear,hydro,wind,solar,other,fossil,low.carbon,total.prod,coal.perc,gas.perc,oil.perc,nuclear.perc,hydro.perc,wind.perc,solar.perc,other.perc,fossil.perc,low.carbon.perc
Gwh,2022,1,29520.72008945135,37480.83724092504,3026.958569623619,6507.524,3639.9616,1105.4815,5118.7661,1470.2723,70028.5159,17842.0055,87870.5214,0.3359570379134151,0.42654620279657335,0.03444794137324442,0.07405810158308677,0.04142414932796792,0.012580800504957515,0.05825350775715324,0.016732258743601812,0.7969511820832328,0.20304881791676724
Gwh,2022,2,27002.112029930162,34283.099003211246,2768.708766858602,5219.371,3004.064,1081.6884,5864.5854,1383.4842,64053.91980000001,16553.193,80607.1128,0.33498423516206327,0.4253110899564591,0.03434819423105056,0.06475074988667749,0.03726797667910021,0.013419267387530099,0.07275518494938575,0.017163301747733607,0.7946435193495729,0.20535648065042716
Gwh,2022,3,23536.379579255263,29882.8486674221,2413.3437533226343,4035.125,4720.3946,896.9391,7606.4071,1581.171,55832.57199999999,18840.036799999998,74672.60879999999,0.3151942855283672,0.4001848756544596,0.0323189961098913,0.05403755225436828,0.0632145397871783,0.0120116213215789,0.10186341715169862,0.021174712192457916,0.747698157292718,0.252301842707282
Gwh,2022,4,18491.633989862585,21658.179679727302,2030.2852713136667,4745.984931233991,6790.325158945988,767.4140548481097,8449.88772720119,1363.33418686715,42180.098940903554,22116.94605909643,64297.044999999984,0.2875969492822351,0.3368456463236733,0.03157664977159786,0.07381342223789589,0.10560866613614964,0.011935448275237374,0.13141953455561126,0.021203683417599525,0.6560192453775063,0.3439807546224937
Gwh,2022,5,12713.146551260184,14890.17206927384,1395.8374207168247,3845.764891897426,5963.56217855809,554.625566335845,5025.717171300569,942.2691506572066,28999.156041250848,16331.938958749137,45331.09499999999,0.2804509035411606,0.3284758964960772,0.030792051696894265,0.08483723792459519,0.13155566126426224,0.012234991595412489,0.1108668822427645,0.020786375238833452,0.6397188517341321,0.3602811482658679
