unit,year,month,coal,gas,oil,nuclear,hydro,wind,solar,other,fossil,low.carbon,total.prod,coal.perc,gas.perc,oil.perc,nuclear.perc,hydro.perc,wind.perc,solar.perc,other.perc,fossil.perc,low.carbon.perc
Gwh,2022,3,29.19460533258745,34.19395010044954,3.2054159266958866,6.599571535136445,11.22321451538027,0.5270705766637299,0.0,2.056172013086668,66.59397135973288,20.40602864026711,86.99999999999999,0.33557017623663743,0.3930339092005695,0.03684386122638951,0.07585714408202811,0.12900246569402612,0.006058282490387701,0.0,0.023634161069961704,0.7654479466635964,0.2345520533364036
Gwh,2022,4,18491.633989862585,21658.179679727302,2030.2852713136667,4745.984931233991,6790.325158945988,767.4140548481097,8449.88772720119,1363.33418686715,42180.098940903554,22116.94605909643,64297.044999999984,0.2875969492822351,0.3368456463236733,0.03157664977159786,0.07381342223789589,0.10560866613614964,0.011935448275237374,0.13141953455561126,0.021203683417599525,0.6560192453775063,0.3439807546224937
Gwh,2022,5,12268.954656309808,14369.91583523143,1347.0674591301402,3682.418233345099,5709.566902242883,540.9439636081961,4713.57735021616,903.8205999162698,27985.937950671378,15550.327049328609,43536.264999999985,0.28180999578879384,0.3300677225120583,0.030941272962440407,0.084582777905847,0.13114507875774103,0.012425134852707192,0.10826783947167176,0.020760177748740505,0.6428189912632926,0.35718100873670755
