unit,year,month,coal,gas,oil,nuclear,hydro,wind,solar,other,fossil,low.carbon,total.prod,coal.perc,gas.perc,oil.perc,nuclear.perc,hydro.perc,wind.perc,solar.perc,other.perc,fossil.perc,low.carbon.perc
Gwh,2022,1,29520.72008945135,37480.83724092504,3026.958569623619,6507.524,3639.9616,1105.4815,5118.7661,1470.2723,70028.5159,17842.0055,87870.5214,0.3359570379134151,0.42654620279657335,0.03444794137324442,0.07405810158308677,0.04142414932796792,0.012580800504957515,0.05825350775715324,0.016732258743601812,0.7969511820832328,0.20304881791676724
Gwh,2022,2,27002.085472101022,34283.06528419383,2768.7060437051578,5219.371,3008.692,1081.6884,5864.5854,1383.4842,64053.85680000001,16557.821,80611.6778,0.33496493571432673,0.4252865865073686,0.03434621532843418,0.06474708308328994,0.037323277248547726,0.013418507460962436,0.07275106485874432,0.01716232979832607,0.7945977375501295,0.2054022624498705
Gwh,2022,3,31454.75871973665,36841.13684125732,3453.569021468399,5137.574667009318,8291.243330488269,1183.8111622709282,9995.053783116999,1948.0624746520853,71749.46458246237,26555.745417537597,98305.20999999996,0.31997041377294916,0.374762811058105,0.03513108838756766,0.052261468817464705,0.0843418505538849,0.01204220165208872,0.10167369341988082,0.01981647233805905,0.7298643132186219,0.27013568678137817
