unit,year,month,coal,gas,oil,nuclear,hydro,wind,solar,other,fossil,low.carbon,total.prod,coal.perc,gas.perc,oil.perc,nuclear.perc,hydro.perc,wind.perc,solar.perc,other.perc,fossil.perc,low.carbon.perc
Gwh,2022,1,29.520720089451352,37.480837240925034,3.026958569623619,6.507524,3.6399616,1.1054815,5.1187661,1.4702723,70.0285159,17.8420055,87.8705214,0.3359570379134151,0.4265462027965733,0.03444794137324442,0.07405810158308677,0.04142414932796791,0.012580800504957513,0.058253507757153246,0.01673225874360181,0.7969511820832328,0.20304881791676724
Gwh,2022,2,27.002085472101022,34.283065284193825,2.7687060437051576,5.219371,3.008692,1.0816884,5.8645854,1.3834842,64.0538568,16.557821,80.61167780000001,0.33496493571432673,0.42528658650736856,0.03434621532843418,0.06474708308328994,0.037323277248547726,0.013418507460962435,0.07275106485874432,0.017162329798326065,0.7945977375501294,0.20540226244987048
Gwh,2022,3,0.0,0.0,0.0,0.0,0.0,0.0,0.0,0.0,0.0,0.0,0.0,,,,,,,,,,
