unit,year,month,coal,oil,gas,nuclear,hydro,wind,solar,other,fossil,low.carbon,total.prod,coal.perc,oil.perc,gas.perc,nuclear.perc,hydro.perc,wind.perc,solar.perc,other.perc,fossil.perc,low.carbon.perc
Gwh,2022,1,29520.72008945135,3026.9585696236195,37480.83724092504,6507.524,3639.9615999999996,1105.4815,5118.7661,1470.2723,70028.51590000001,17842.0055,87870.52140000001,0.335957037913415,0.03444794137324442,0.4265462027965733,0.07405810158308676,0.0414241493279679,0.012580800504957513,0.05825350775715323,0.01673225874360181,0.7969511820832328,0.2030488179167672
