unit,year,month,coal,gas,oil,nuclear,hydro,wind,solar,other,fossil,low.carbon,total.prod,coal.perc,gas.perc,oil.perc,nuclear.perc,hydro.perc,wind.perc,solar.perc,other.perc,fossil.perc,low.carbon.perc
Gwh,2022,1,29520.72008945135,37480.83724092504,3026.9585696236195,6507.524,3639.9615999999996,1105.4815,5118.7661,1470.2723,70028.51590000001,17842.0055,87870.52140000001,0.335957037913415,0.4265462027965733,0.03444794137324442,0.07405810158308676,0.0414241493279679,0.012580800504957513,0.05825350775715323,0.01673225874360181,0.7969511820832328,0.2030488179167672
Gwh,2022,2,27002.085472101022,34283.06528419383,2768.7060437051578,5219.371,3008.692,1081.6884,5864.5854,1383.4841999999999,64053.8568,16557.821,80611.6778,0.33496493571432673,0.4252865865073686,0.03434621532843418,0.06474708308328994,0.037323277248547726,0.013418507460962436,0.07275106485874432,0.017162329798326065,0.7945977375501294,0.2054022624498705
