unit,year,month,coal,gas,oil,nuclear,hydro,wind,solar,other,fossil,low.carbon,total.prod,coal.perc,gas.perc,oil.perc,nuclear.perc,hydro.perc,wind.perc,solar.perc,other.perc,fossil.perc,low.carbon.perc
Gwh,2022,1,29520.72008945135,37480.83724092504,3026.958569623619,6507.524,3639.9616,1105.4815,5118.7661,1470.2723,70028.5159,17842.0055,87870.5214,0.3359570379134151,0.42654620279657335,0.03444794137324442,0.07405810158308677,0.04142414932796792,0.012580800504957515,0.05825350775715324,0.016732258743601812,0.7969511820832328,0.20304881791676724
Gwh,2022,2,27002.112029930162,34283.099003211246,2768.708766858602,5219.371,3004.064,1081.6884,5864.5854,1383.4842,64053.91980000001,16553.193,80607.1128,0.33498423516206327,0.4253110899564591,0.03434819423105056,0.06475074988667749,0.03726797667910021,0.013419267387530099,0.07275518494938575,0.017163301747733607,0.7946435193495729,0.20535648065042716
Gwh,2022,3,23536.379579255263,29882.8486674221,2413.3437533226343,4035.125,4720.3946,896.9391,7606.4071,1581.171,55832.57199999999,18840.036799999998,74672.60879999999,0.3151942855283672,0.4001848756544596,0.0323189961098913,0.05403755225436828,0.0632145397871783,0.0120116213215789,0.10186341715169862,0.021174712192457916,0.747698157292718,0.252301842707282
Gwh,2022,4,24207.017516249434,28352.277314414463,2657.8046673764165,6210.012998410683,8870.379444693384,1006.043790207708,11150.991554292452,1785.102714355431,55217.09949804032,29022.53050195966,84239.62999999998,0.28735901993217966,0.3365669734591008,0.03155052636599208,0.0737184268070822,0.10529936378748798,0.011942642556807386,0.13237227602130322,0.021190771070046622,0.6554765197572726,0.34452348024272744
