unit,year,month,coal,gas,oil,nuclear,hydro,wind,solar,other,fossil,low.carbon,total.prod,coal.perc,gas.perc,oil.perc,nuclear.perc,hydro.perc,wind.perc,solar.perc,other.perc,fossil.perc,low.carbon.perc
Gwh,2020,1,0.0,0.0,0.0,2232.915,1874.5565,12.016,61.827,0.0,0.0,4181.3145,4181.3145,0.0,0.0,0.0,0.5340222554414407,0.4483175087642893,0.0028737374335271837,0.014786498360742775,0.0,0.0,1.0
Gwh,2020,2,0.0,0.0,0.0,2086.505,1356.875,15.692772999999999,104.49,0.0,0.0,3563.562773,3563.562773,0.0,0.0,0.0,0.5855109430957118,0.3807636027294418,0.004403675198006677,0.029321778976839703,0.0,0.0,1.0
Gwh,2020,3,0.0,0.0,0.0,2230.834,1397.4565,11.952893,208.537,0.0,0.0,3848.780393,3848.780393,0.0,0.0,0.0,0.5796210155449105,0.36309073454584084,0.003105631337589284,0.054182618571659305,0.0,0.0,1.0
Gwh,2020,4,0.0,0.0,0.0,2017.761,1097.2005,6.577334,289.845,0.0,0.0,3411.3838339999998,3411.3838339999998,0.0,0.0,0.0,0.5914787365437225,0.32162915502635875,0.0019280545139617965,0.08496405391595699,0.0,0.0,1.0
Gwh,2020,5,0.0,0.0,0.0,1987.804,1403.297,9.1745,331.357,0.0,0.0,3731.6325,3731.6325,0.0,0.0,0.0,0.5326901831839014,0.376054448019734,0.0024585754358179696,0.08879679336054663,0.0,0.0,1.0
Gwh,2020,6,0.0,0.0,0.0,1509.63,1859.0385,7.525,307.54,0.0,0.0,3683.7335,3683.7335,0.0,0.0,0.0,0.40980977587005146,0.5046615071367134,0.002042764494228478,0.0834859524990068,0.0,0.0,1.0
Gwh,2020,7,0.0,0.0,0.0,1249.3745,2162.357,6.8315,364.544,0.0,0.0,3783.107,3783.107,0.0,0.0,0.0,0.3302509022345918,0.571582299945521,0.0018057908486331473,0.09636100697125405,0.0,0.0,1.0
Gwh,2020,8,0.0,0.0,0.0,1651.793,1952.365,6.689,277.571,0.0,0.0,3888.418,3888.418,0.0,0.0,0.0,0.4247982084230656,0.5020975111214895,0.0017202368675384178,0.07138404358790645,0.0,0.0,1.0
Gwh,2020,9,0.0,0.0,0.0,2103.926,1633.838,6.582,217.268,0.0,0.0,3961.614,3961.614,0.0,0.0,0.0,0.5310779899303667,0.4124172622572517,0.0016614440478047584,0.05484330376457676,0.0,0.0,1.0
Gwh,2020,10,0.0,0.0,0.0,2202.1395,1585.2775,12.1165,119.73,0.0,0.0,3919.2635,3919.2635,0.0,0.0,0.0,0.5618758473371337,0.40448352094723916,0.0030915247214176847,0.0305491069942095,0.0,0.0,1.0
Gwh,2020,11,0.0,0.0,0.0,2145.832,1611.372,7.9035,58.943,0.0,0.0,3824.0505,3824.0505,0.0,0.0,0.0,0.5611411250975896,0.42137832646300044,0.0020667875594216133,0.01541376087998838,0.0,0.0,1.0
Gwh,2020,12,0.0,0.0,0.0,2012.158,1578.99,11.8245,30.928,0.0,0.0,3633.9005,3633.9005,0.0,0.0,0.0,0.5537185181597569,0.4345165752336917,0.003253941598015686,0.008510965008535595,0.0,0.0,1.0
