unit,year,month,coal,gas,oil,nuclear,hydro,wind,solar,other,fossil,low.carbon,total.prod,coal.perc,gas.perc,oil.perc,nuclear.perc,hydro.perc,wind.perc,solar.perc,other.perc,fossil.perc,low.carbon.perc
Gwh,2022,1,766.230106,63.959893,3.560564,242.109349,5845.413873,822.855469,116.233617,149.801225,833.7505629999999,7176.413533000001,8010.164096,0.0956572295919167,0.007984841787690638,0.00044450575011041566,0.030225267060496434,0.7297495785284847,0.10272641847760718,0.014510766022639043,0.018701392781054954,0.10408657712971775,0.8959134228702823
