unit,year,month,coal,gas,oil,nuclear,hydro,wind,solar,other,fossil,low.carbon,total.prod,coal.perc,gas.perc,oil.perc,nuclear.perc,hydro.perc,wind.perc,solar.perc,other.perc,fossil.perc,low.carbon.perc
Gwh,2022,1,5525.266568,384.315341,22.933552,1484.694667,39192.61108,4670.061782,818.49375,885.6442940000001,5932.515461000001,47051.505573,52984.021034000005,0.10428175250146492,0.007253419682009104,0.0004328390249068388,0.028021555141072945,0.7397062419035729,0.08814094685269748,0.015447935698854756,0.016715309195421003,0.11196801120838087,0.888031988791619
Gwh,2022,2,3421.113858,244.702088,18.045548,1267.475597,38157.4704,4538.131681,799.564003,729.917721,3683.861494,45492.55940199999,49176.42089599999,0.06956817506575136,0.004976004425322138,0.00036695529424891156,0.025774051342217476,0.7759302060777613,0.09228267528044383,0.016259093045647748,0.014842839468607434,0.07491113478532241,0.9250888652146777
Gwh,2022,3,2815.494874,250.259641,11.75689,1476.862378,43129.554834,5414.994699,887.322649,795.129019,3077.511405,51703.863579000004,54781.374984,0.05139511147396942,0.004568334421563776,0.00021461472997773122,0.026959206088407735,0.7873032549218937,0.09884736738684557,0.016197524236278484,0.014514586741063606,0.05617806062551094,0.9438219393744891
Gwh,2022,4,1401.670973,2.102237,12.096623,1437.665819,39309.946334,5045.389898,869.893811,1174.184152,1415.869833,47837.08001400001,49252.949847,0.028458619785295475,4.2682458746743415e-05,0.00024560200023708437,0.029189435830056547,0.7981236952530341,0.10243832935231421,0.017661760639763695,0.023839874680552146,0.028746904244279302,0.9712530957557207
Gwh,2022,5,208.158081,0.034856,1.086933,239.875076,6221.868495,1076.200697,129.943833,238.131341,209.27987,7906.019442000001,8115.299312000001,0.02565008054505137,4.295097279832775e-06,0.00013393627988468205,0.029558376934452617,0.7666837975772247,0.13261380210692097,0.01601220460320589,0.029343506855979775,0.025788311922215885,0.9742116880777841
