unit,year,month,coal,gas,oil,nuclear,hydro,wind,solar,other,fossil,low.carbon,total.prod,coal.perc,gas.perc,oil.perc,nuclear.perc,hydro.perc,wind.perc,solar.perc,other.perc,fossil.perc,low.carbon.perc
Gwh,2022,1,5525.266568,384.315341,22.933552,1484.694667,39192.61108,4669.912352,818.49375,885.6442940000001,5932.515461000001,47051.356143000005,52983.87160400001,0.10428204660647847,0.007253440138772082,0.00043284024563936614,0.028021634170046442,0.7397083280913198,0.08813837514371914,0.015447979266547368,0.016715356337477207,0.11196832699088993,0.88803167300911
Gwh,2022,2,3421.113858,244.702088,18.045548,1267.475597,38157.4704,4538.149224,794.852714,729.917721,3683.861494,45487.865655999994,49171.72714999999,0.06957481577907114,0.00497647941577338,0.00036699032240521985,0.025776511635101276,0.7760042734232085,0.09229184100359591,0.01616483211125115,0.014844256309593554,0.07491828551724974,0.9250817144827503
Gwh,2022,3,2815.494874,250.259641,11.75689,1476.862378,43129.554834,5414.994699,877.116143,795.129019,3077.511405,51693.657073,54771.168478,0.05140468885798745,0.0045691857222385545,0.00021465472303594188,0.026964229886627545,0.7874499674280986,0.09886578741103628,0.016014194463503408,0.014517291507472227,0.05618852930326195,0.9438114706967381
Gwh,2022,4,1295.259898,2.068547,11.360918999999999,1293.761135,35376.934184,4373.282224,772.97357,1033.961549,1308.689364,42850.912662,44159.602026,0.02933133086746084,4.6842519069399554e-05,0.00025726950603655784,0.029297391182064272,0.8011153307761016,0.09903355155748748,0.017504088228532805,0.023414195363246956,0.029635442892566796,0.9703645571074333
