unit,year,month,coal,gas,oil,nuclear,hydro,wind,solar,other,fossil,low.carbon,total.prod,coal.perc,gas.perc,oil.perc,nuclear.perc,hydro.perc,wind.perc,solar.perc,other.perc,fossil.perc,low.carbon.perc
Gwh,2022,1,5525.266568,384.315341,22.933552,1484.694667,39192.61108,4670.061782,818.49375,885.6442940000001,5932.515461000001,47051.505573,52984.021034000005,0.10428175250146492,0.007253419682009104,0.0004328390249068388,0.028021555141072945,0.7397062419035729,0.08814094685269748,0.015447935698854756,0.016715309195421003,0.11196801120838087,0.888031988791619
Gwh,2022,2,3421.113858,244.702088,18.045548,1267.475597,38157.4704,4538.131681,794.852714,729.917721,3683.861494,45487.84811299999,49171.70960699999,0.06957484060129113,0.0049764811912328686,0.0003669904533364256,0.025776520831392136,0.7760045502783978,0.09229151716038687,0.016164837878381317,0.014844261605581645,0.07491831224586043,0.9250816877541397
Gwh,2022,3,2815.494874,250.259641,11.75689,1476.862378,43129.554834,5414.994699,877.116143,795.129019,3077.511405,51693.657073,54771.168478,0.05140468885798745,0.0045691857222385545,0.00021465472303594188,0.026964229886627545,0.7874499674280986,0.09886578741103628,0.016014194463503408,0.014517291507472227,0.05618852930326195,0.9438114706967381
Gwh,2022,4,1401.671153,2.102237,12.096623,1437.665819,39309.946334,5045.389898,862.587336,1174.184152,1415.870013,47829.773539,49245.643552,0.028462845683393943,4.268879129948181e-05,0.00024563843880376547,0.029193766500013835,0.7982421083093657,0.1024535275424397,0.017516013068022297,0.023843411666661287,0.02875117291349719,0.9712488270865028
Gwh,2022,5,121.450438,0.034856,0.59644,143.938893,3603.234615,689.143195,74.288511,144.81444,122.08173400000001,4655.419653999999,4777.501388,0.025421329715372972,7.295863919066642e-06,0.00012484350114436849,0.03012848795011172,0.75420901478972,0.14424761795589877,0.015549657648786016,0.03031175257504708,0.025553469080436406,0.9744465309195636
