unit,year,month,coal,oil,gas,nuclear,hydro,wind,solar,other,fossil,low.carbon,total.prod,coal.perc,oil.perc,gas.perc,nuclear.perc,hydro.perc,wind.perc,solar.perc,other.perc,fossil.perc,low.carbon.perc
Gwh,2022,1,5525.266568,22.933552,384.315341,1484.694667,39192.61108,4669.912352,818.49375,885.6442940000001,5932.515461000001,47051.356143000005,52983.87160400001,0.10428204660647847,0.00043284024563936614,0.007253440138772082,0.028021634170046442,0.7397083280913198,0.08813837514371914,0.015447979266547368,0.016715356337477207,0.11196832699088993,0.88803167300911
Gwh,2022,2,3421.113858,18.045548,244.702088,1267.475597,38157.4704,4538.149235,794.852714,729.917721,3683.861494,45487.86566699999,49171.72716099999,0.06957481576350685,0.00036699032232312206,0.004976479414660113,0.025776511629334923,0.776004273249612,0.0922918412066555,0.016164832107634988,0.01484425630627281,0.0749182855004901,0.9250817144995099
Gwh,2022,3,2815.494874,11.75689,250.259641,1476.862378,43129.554834,5414.994708,885.124881,795.129019,3077.511405,51701.66582,54779.177225,0.051397173463114204,0.00021462334039282387,0.004568517704676058,0.02696028770081623,0.7873348417930716,0.09885133334074096,0.01615805358602664,0.0145151690711616,0.05618031450818309,0.9438196854918169
Gwh,2022,4,850.779412,5.538212,1.197695,813.298363,22738.875331,2356.950494,473.929614,582.342967,857.515319,26965.396769000003,27822.912088,0.03057837401452095,0.00019905220497708526,4.304707559768932e-05,0.029231245112936073,0.8172715803105045,0.08471257381489376,0.017033789004581065,0.02093033846198882,0.030820473295095723,0.9691795267049044
