unit,year,month,coal,gas,oil,nuclear,hydro,wind,solar,other,fossil,low.carbon,total.prod,coal.perc,gas.perc,oil.perc,nuclear.perc,hydro.perc,wind.perc,solar.perc,other.perc,fossil.perc,low.carbon.perc
Gwh,2022,1,5525.266568,384.315341,22.933552,1484.694667,39192.61108,4670.061782,818.49375,885.6442940000001,5932.515461000001,47051.505573,52984.021034000005,0.10428175250146492,0.007253419682009104,0.0004328390249068388,0.028021555141072945,0.7397062419035729,0.08814094685269748,0.015447935698854756,0.016715309195421003,0.11196801120838087,0.888031988791619
Gwh,2022,2,3421.113858,244.702088,18.045548,1267.475597,38157.4704,4538.131681,799.564003,729.917721,3683.861494,45492.55940199999,49176.42089599999,0.06956817506575136,0.004976004425322138,0.00036695529424891156,0.025774051342217476,0.7759302060777613,0.09228267528044383,0.016259093045647748,0.014842839468607434,0.07491113478532241,0.9250888652146777
Gwh,2022,3,2815.494874,250.259641,11.75689,1476.862378,43129.554834,5414.994699,887.322649,795.129019,3077.511405,51703.863579000004,54781.374984,0.05139511147396942,0.004568334421563776,0.00021461472997773122,0.026959206088407735,0.7873032549218937,0.09884736738684557,0.016197524236278484,0.014514586741063606,0.05617806062551094,0.9438219393744891
Gwh,2022,4,1401.670973,2.102237,12.096623,1437.665819,39309.946334,5045.389898,873.88143,1174.184152,1415.869833,47841.067633000006,49256.937466,0.0284563159040798,4.2679003367821764e-05,0.0002455821174093454,0.029187072785277414,0.7980590827664429,0.10243003640822415,0.017741286303136563,0.023837944712061934,0.028744577024856964,0.9712554229751431
Gwh,2022,5,1543.179697,1.0318370000000001,5.589546,1409.023255,35944.07011,5729.811564,815.517747,1573.603172,1549.80108,45472.025848,47021.826927999995,0.032818369634232264,2.194378796850988e-05,0.00011887130647983403,0.02996530222352913,0.7644124539235301,0.12185429487402753,0.01734338710932529,0.033465377140907505,0.032959184728680604,0.9670408152713195
