unit,year,month,coal,gas,oil,nuclear,hydro,wind,solar,other,fossil,low.carbon,total.prod,coal.perc,gas.perc,oil.perc,nuclear.perc,hydro.perc,wind.perc,solar.perc,other.perc,fossil.perc,low.carbon.perc
Gwh,2022,1,5525.266568,384.315341,22.933552,1484.694667,39192.61108,4669.912352,818.49375,885.6442940000001,5932.515461000001,47051.356143000005,52983.87160400001,0.10428204660647847,0.007253440138772082,0.00043284024563936614,0.028021634170046442,0.7397083280913198,0.08813837514371914,0.015447979266547368,0.016715356337477207,0.11196832699088993,0.88803167300911
Gwh,2022,2,644.699847,39.190919,2.398888,193.728342,5485.739773,692.713193,125.994836,112.88892,686.289654,6611.065064000001,7297.354718000001,0.08834706162902466,0.005370565158814305,0.00032873391697443307,0.026547749079833063,0.7517436091558787,0.09492661653014083,0.0172658231467377,0.015469841382596194,0.09404636070481341,0.9059536392951866
