unit,year,month,coal,gas,oil,nuclear,hydro,wind,solar,other,fossil,low.carbon,total.prod,coal.perc,gas.perc,oil.perc,nuclear.perc,hydro.perc,wind.perc,solar.perc,other.perc,fossil.perc,low.carbon.perc
Gwh,2022,1,5525.266568,384.315341,22.933552,1484.694667,39192.61108,4670.061782,818.49375,885.6442940000001,5932.515461000001,47051.505573,52984.021034000005,0.10428175250146492,0.007253419682009104,0.0004328390249068388,0.028021555141072945,0.7397062419035729,0.08814094685269748,0.015447935698854756,0.016715309195421003,0.11196801120838087,0.888031988791619
Gwh,2022,2,768.425564,45.548057,2.838105,241.587288,6784.980916,849.919854,155.746574,138.339429,816.811726,8170.574060999999,8987.385787,0.08550045388187363,0.00506799842351087,0.0003157876013406745,0.02688070744102798,0.7549448835070911,0.09456808399494603,0.017329463504869577,0.015392621645340304,0.09088423990672519,0.9091157600932749
