unit,year,month,coal,gas,oil,nuclear,hydro,wind,solar,other,fossil,low.carbon,total.prod,coal.perc,gas.perc,oil.perc,nuclear.perc,hydro.perc,wind.perc,solar.perc,other.perc,fossil.perc,low.carbon.perc
Gwh,2022,1,5525.266568,384.315341,22.933552,1484.694667,39192.61108,4669.912352,818.49375,885.6442940000001,5932.515461000001,47051.356143000005,52983.87160400001,0.10428204660647847,0.007253440138772082,0.00043284024563936614,0.028021634170046442,0.7397083280913198,0.08813837514371914,0.015447979266547368,0.016715356337477207,0.11196832699088993,0.88803167300911
Gwh,2022,2,3421.113858,244.702088,18.045548,1267.475597,38157.4704,4538.149224,794.852714,729.917721,3683.861494,45487.865655999994,49171.72714999999,0.06957481577907114,0.00497647941577338,0.00036699032240521985,0.025776511635101276,0.7760042734232085,0.09229184100359591,0.01616483211125115,0.014844256309593554,0.07491828551724974,0.9250817144827503
Gwh,2022,3,2815.494874,250.259641,11.75689,1476.862378,43129.554834,5414.994699,877.116143,795.129019,3077.511405,51693.657073,54771.168478,0.05140468885798745,0.0045691857222385545,0.00021465472303594188,0.026964229886627545,0.7874499674280986,0.09886578741103628,0.016014194463503408,0.014517291507472227,0.05618852930326195,0.9438114706967381
Gwh,2022,4,1330.913643,2.077791,11.779756,1341.736816,36762.724714,4605.81314,802.350405,1080.161774,1344.77119,44592.786849,45937.558038999996,0.028972233175086997,4.5230767343706e-05,0.0002564297386029802,0.029207839364488956,0.8002759894809656,0.10026247229096863,0.01746610919802968,0.023513695984513715,0.02927389368103368,0.9707261063189663
