unit,year,month,coal,gas,oil,nuclear,hydro,wind,solar,other,fossil,low.carbon,total.prod,coal.perc,gas.perc,oil.perc,nuclear.perc,hydro.perc,wind.perc,solar.perc,other.perc,fossil.perc,low.carbon.perc
Gwh,2022,1,5525.266568,384.315341,22.933552,1484.694667,39192.61108,4670.061782,818.49375,885.6442940000001,5932.515461000001,47051.505573,52984.021034000005,0.10428175250146492,0.007253419682009104,0.0004328390249068388,0.028021555141072945,0.7397062419035729,0.08814094685269748,0.015447935698854756,0.016715309195421003,0.11196801120838087,0.888031988791619
Gwh,2022,2,3421.113858,244.702088,18.045548,1267.475597,38157.4704,4538.131681,799.564003,729.917721,3683.861494,45492.55940199999,49176.42089599999,0.06956817506575136,0.004976004425322138,0.00036695529424891156,0.025774051342217476,0.7759302060777613,0.09228267528044383,0.016259093045647748,0.014842839468607434,0.07491113478532241,0.9250888652146777
Gwh,2022,3,2815.494874,250.259641,11.75689,1476.862378,43129.554834,5414.994699,887.322649,795.129019,3077.511405,51703.863579000004,54781.374984,0.05139511147396942,0.004568334421563776,0.00021461472997773122,0.026959206088407735,0.7873032549218937,0.09884736738684557,0.016197524236278484,0.014514586741063606,0.05617806062551094,0.9438219393744891
Gwh,2022,4,1401.670973,2.102237,12.096623,1437.665819,39309.946334,5045.389898,873.88143,1174.184152,1415.869833,47841.067633000006,49256.937466,0.0284563159040798,4.2679003367821764e-05,0.0002455821174093454,0.029187072785277414,0.7980590827664429,0.10243003640822415,0.017741286303136563,0.023837944712061934,0.028744577024856964,0.9712554229751431
Gwh,2022,5,1595.3581,1.0318370000000001,5.672756,1441.556001,37250.508859,5916.44419,840.626061,1625.818778,1602.0626929999999,47074.953889000004,48677.016582000004,0.03277436071523616,2.1197622049449047e-05,0.00011653869522680846,0.029614715572627445,0.7652586677379619,0.12154492213041274,0.017269465551240263,0.03340013197524522,0.03291209703251241,0.9670879029674876
Gwh,2022,6,84.371827,0.0,0.105793,32.528243,1253.571521,193.82111,25.7688,48.503685,84.47762,1554.193359,1638.670979,0.05148796072014893,0.0,6.45602450740662e-05,0.019850380837189405,0.7649928125077268,0.11827945480445345,0.015725426476842486,0.029599404408564924,0.051552520965223,0.9484474790347771
