unit,year,month,coal,oil,gas,nuclear,hydro,wind,solar,other,fossil,low.carbon,total.prod,coal.perc,oil.perc,gas.perc,nuclear.perc,hydro.perc,wind.perc,solar.perc,other.perc,fossil.perc,low.carbon.perc
Gwh,2022,1,5525.266568,22.933552,384.315341,1484.694667,39192.61108,4669.912352,818.49375,885.6442940000001,5932.515461000001,47051.356143000005,52983.87160400001,0.10428204660647847,0.00043284024563936614,0.007253440138772082,0.028021634170046442,0.7397083280913198,0.08813837514371914,0.015447979266547368,0.016715356337477207,0.11196832699088993,0.88803167300911
Gwh,2022,2,3421.113858,18.045548,244.702088,1267.475597,38157.4704,4538.149235,794.852714,729.917721,3683.861494,45487.86566699999,49171.72716099999,0.06957481576350685,0.00036699032232312206,0.004976479414660113,0.025776511629334923,0.776004273249612,0.0922918412066555,0.016164832107634988,0.01484425630627281,0.0749182855004901,0.9250817144995099
Gwh,2022,3,2814.950088,11.75689,250.25454,1476.862378,43129.554834,5413.498313,885.124881,795.129019,3076.961518,51700.16942500001,54777.13094300001,0.05138914798091892,0.00021463135797006208,0.004568595245713214,0.02696129484285684,0.7873642538686401,0.09882770820240984,0.016158657194387256,0.014515711307103604,0.05617237458460219,0.9438276254153978
Gwh,2022,4,55.878533,0.28809,0.0,47.946372,1446.204148,228.306106,31.025072,54.679112,56.166622999999994,1808.16081,1864.3274330000002,0.029972488743612236,0.00015452757648715026,0.0,0.02571778495092283,0.7757243295362698,0.12246030496510962,0.016641428673328972,0.029329135554269345,0.030127016320099384,0.9698729836799006
