unit,year,month,coal,gas,oil,nuclear,hydro,wind,solar,other,fossil,low.carbon,total.prod,coal.perc,gas.perc,oil.perc,nuclear.perc,hydro.perc,wind.perc,solar.perc,other.perc,fossil.perc,low.carbon.perc
Gwh,2015,1,0.0,0.0,0.0,1152.645,0.0,3.731,2.913,0.0,0.0,1159.289,1159.289,0.0,0.0,0.0,0.9942689010246798,0.0,0.0032183519381275938,0.002512747037192624,0.0,0.0,1.0
Gwh,2015,2,0.0,0.0,0.0,2243.488,0.0,2.003,3.495,0.0,0.0,2248.986,2248.986,0.0,0.0,0.0,0.9975553427188965,0.0,0.0008906235965897521,0.001554033684513821,0.0,0.0,1.0
Gwh,2015,3,0.0,0.0,0.0,2307.3855,0.0,4.234,9.874,0.0,0.0,2321.4935,2321.4935,0.0,0.0,0.0,0.9939228776647446,0.0,0.0018238259120691054,0.004253296423186195,0.0,0.0,1.0
Gwh,2015,4,0.0,0.0,0.0,2009.447,0.0,4.871,22.889,0.0,0.0,2037.207,2037.207,0.0,0.0,0.0,0.9863735005819241,0.0,0.0023910186839138097,0.011235480734162017,0.0,0.0,1.0
Gwh,2015,5,0.0,0.0,0.0,2179.501,0.0,5.059,22.548,0.0,0.0,2207.108,2207.108,0.0,0.0,0.0,0.9874917765691574,0.0,0.0022921397593593062,0.010216083671483224,0.0,0.0,1.0
Gwh,2015,6,0.0,0.0,0.0,1490.357,0.0,3.295,28.129,0.0,0.0,1521.781,1521.781,0.0,0.0,0.0,0.9793505110130827,0.0,0.0021652261396350723,0.018484262847282232,0.0,0.0,1.0
Gwh,2015,7,0.0,0.0,0.0,1486.46141,1339.118,4.153,34.518,0.0,0.0,2864.25041,2864.25041,0.0,0.0,0.0,0.5189704799588385,0.4675282563719699,0.0014499430585749656,0.012051320610616584,0.0,0.0,1.0
Gwh,2015,8,0.0,0.0,0.0,1657.250673,1178.729,3.1,32.638,0.0,0.0,2871.717673,2871.717673,0.0,0.0,0.0,0.5770938726259669,0.4104613106930585,0.001079493304354505,0.011365323376620107,0.0,0.0,1.0
Gwh,2015,9,0.0,0.0,0.0,1766.4050989999998,977.77,4.612,22.555,0.0,0.0,2771.342099,2771.342099,0.0,0.0,0.0,0.6373825518103241,0.3528146165544898,0.0016641756359361683,0.008138655999249842,0.0,0.0,1.0
Gwh,2015,10,0.0,0.0,0.0,1588.453673,1524.059,4.416,14.281,0.0,0.0,3131.209673,3131.209673,0.0,0.0,0.0,0.5072971275916214,0.4867316977019316,0.001410317564511433,0.0045608571419356375,0.0,0.0,1.0
Gwh,2015,11,0.0,0.0,0.0,1828.893145,1432.8045,6.7555,10.888,0.0,0.0,3279.341145,3279.341145,0.0,0.0,0.0,0.5577013991937091,0.43691840423024975,0.0020600174551220715,0.00332017912091912,0.0,0.0,1.0
Gwh,2015,12,0.0,0.0,0.0,2028.291,1199.666,6.116,9.677,0.0,0.0,3243.75,3243.75,0.0,0.0,0.0,0.6252920231213873,0.36983922928709057,0.0018854720616570326,0.002983275529865125,0.0,0.0,1.0
