unit,year,month,coal,gas,oil,nuclear,hydro,wind,solar,other,fossil,low.carbon,total.prod,coal.perc,gas.perc,oil.perc,nuclear.perc,hydro.perc,wind.perc,solar.perc,other.perc,fossil.perc,low.carbon.perc
Gwh,2015,1,0.0,0.0,0.0,1152.645,0.0,3.731,2.913,0.0,0.0,1159.289,1159.289,0.0,0.0,0.0,0.9942689010246798,0.0,0.0032183519381275938,0.002512747037192624,0.0,0.0,1.0
Gwh,2015,2,0.0,0.0,0.0,2243.488,0.0,2.003,3.495,0.0,0.0,2248.986,2248.986,0.0,0.0,0.0,0.9975553427188965,0.0,0.0008906235965897521,0.001554033684513821,0.0,0.0,1.0
Gwh,2015,3,0.0,0.0,0.0,2307.3855,0.0,4.234,9.874,0.0,0.0,2321.4935,2321.4935,0.0,0.0,0.0,0.9939228776647446,0.0,0.0018238259120691054,0.004253296423186195,0.0,0.0,1.0
Gwh,2015,4,0.0,0.0,0.0,1895.9255,0.0,4.871,22.889,0.0,0.0,1923.6855,1923.6855,0.0,0.0,0.0,0.9855693667182084,0.0,0.002532118685720717,0.011898514596070926,0.0,0.0,1.0
Gwh,2015,5,0.0,0.0,0.0,2179.501,0.0,5.059,22.548,0.0,0.0,2207.108,2207.108,0.0,0.0,0.0,0.9874917765691574,0.0,0.0022921397593593062,0.010216083671483224,0.0,0.0,1.0
Gwh,2015,6,0.0,0.0,0.0,1490.357,0.0,3.295,28.129,0.0,0.0,1521.781,1521.781,0.0,0.0,0.0,0.9793505110130827,0.0,0.0021652261396350723,0.018484262847282232,0.0,0.0,1.0
Gwh,2015,7,0.0,0.0,0.0,1315.742289,1339.118,4.153,34.518,0.0,0.0,2693.531289,2693.531289,0.0,0.0,0.0,0.4884822739477002,0.4971607367134616,0.0015418421226292276,0.01281514721620893,0.0,0.0,1.0
Gwh,2015,8,0.0,0.0,0.0,1145.551617,1178.729,3.1,32.638,0.0,0.0,2360.018617,2360.018617,0.0,0.0,0.0,0.4853993984404234,0.49945750067784317,0.0013135489600250047,0.013829551921708419,0.0,0.0,1.0
Gwh,2015,9,0.0,0.0,0.0,992.0340940000001,977.77,4.612,22.555,0.0,0.0,1996.971094,1996.971094,0.0,0.0,0.0,0.49676938087918066,0.48962651634656057,0.002309497625607594,0.01129460514865119,0.0,0.0,1.0
Gwh,2015,10,0.0,0.0,0.0,1358.0125,1522.417,4.416,14.281,0.0,0.0,2899.1265,2899.1265,0.0,0.0,0.0,0.4684212641290403,0.5251295519529762,0.0015232174242827972,0.004925966493700775,0.0,0.0,1.0
Gwh,2015,11,0.0,0.0,0.0,1818.2305,1429.6045,6.7555,10.888,0.0,0.0,3265.4785,3265.4785,0.0,0.0,0.0,0.5568036966098536,0.4377932667448277,0.002068762663726005,0.00333427398159259,0.0,0.0,1.0
Gwh,2015,12,0.0,0.0,0.0,2028.291,1199.666,6.116,9.677,0.0,0.0,3243.75,3243.75,0.0,0.0,0.0,0.6252920231213873,0.36983922928709057,0.0018854720616570326,0.002983275529865125,0.0,0.0,1.0
