unit,year,month,coal,gas,oil,nuclear,hydro,wind,solar,other,fossil,low.carbon,total.prod,coal.perc,gas.perc,oil.perc,nuclear.perc,hydro.perc,wind.perc,solar.perc,other.perc,fossil.perc,low.carbon.perc
Gwh,2016,5,81.199,0.0,0.0,0.0,95.915,4.0955,0.0,0.0,81.199,100.0105,181.2095,0.4480946087263637,0.0,0.0,0.0,0.529304479069806,0.022600912203830377,0.0,0.0,0.4480946087263637,0.5519053912736364
Gwh,2016,6,139.973,0.0,0.0,0.0,151.946,5.274,0.0,0.0,139.973,157.22,297.193,0.47098350230321717,0.0,0.0,0.0,0.5112704538801385,0.017746043816644404,0.0,0.0,0.47098350230321717,0.5290164976967829
Gwh,2016,7,282.079,0.0,0.0,0.0,60.096,7.201984,0.0,0.0,282.079,67.297984,349.376984,0.807377168268188,0.0,0.0,0.0,0.1720090410992843,0.02061379063252776,0.0,0.0,0.807377168268188,0.19262283173181208
Gwh,2016,8,224.326,0.0,0.0,0.0,86.595,7.434332,0.0,0.0,224.326,94.029332,318.355332,0.7046403105320065,0.0,0.0,0.0,0.27200738073392783,0.023352308734065748,0.0,0.0,0.7046403105320065,0.29535968946799357
Gwh,2016,9,235.131,0.0,0.0,0.0,108.112,6.04794,0.0,0.0,235.131,114.15994,349.29094,0.6731666157730859,0.0,0.0,0.0,0.3095184776335739,0.01731490659334021,0.0,0.0,0.6731666157730859,0.32683338422691416
Gwh,2016,10,237.6985,0.0,0.0,0.0,169.791,6.670691,0.0,0.0,237.6985,176.461691,414.160191,0.573928893132078,0.0,0.0,0.0,0.409964558858338,0.01610654800958405,0.0,0.0,0.573928893132078,0.42607110686792204
Gwh,2016,11,304.743,0.0,0.0,0.0,166.348,7.388224,0.0,0.0,304.743,173.736224,478.479224,0.6368991268887362,0.0,0.0,0.0,0.34765981814081864,0.015441054970445279,0.0,0.0,0.6368991268887362,0.3631008731112639
Gwh,2016,12,419.657596,0.0,0.0,0.0,208.863,13.846198000000001,0.0,0.0,419.657596,222.70919800000001,642.366794,0.6532990184421021,0.0,0.0,0.0,0.3251460099601599,0.021554971597737976,0.0,0.0,0.6532990184421021,0.3467009815578979
