unit,year,month,coal,gas,oil,nuclear,hydro,wind,solar,other,fossil,low.carbon,total.prod,coal.perc,gas.perc,oil.perc,nuclear.perc,hydro.perc,wind.perc,solar.perc,other.perc,fossil.perc,low.carbon.perc
Gwh,2016,5,73.219,0.0,0.0,0.0,87.071,3.9965,0.0,0.0,73.219,91.0675,164.2865,0.4456787380582093,0.0,0.0,0.0,0.5299948565463383,0.024326405395452458,0.0,0.0,0.4456787380582093,0.5543212619417908
Gwh,2016,6,139.973,0.0,0.0,0.0,151.946,5.274,0.0,0.0,139.973,157.22,297.193,0.47098350230321717,0.0,0.0,0.0,0.5112704538801385,0.017746043816644404,0.0,0.0,0.47098350230321717,0.5290164976967829
Gwh,2016,7,239.851,0.0,0.0,0.0,51.0,6.514,0.0,0.0,239.851,57.514,297.365,0.8065878634001984,0.0,0.0,0.0,0.17150639786121433,0.02190573873858726,0.0,0.0,0.8065878634001984,0.19341213659980158
Gwh,2016,8,222.49,0.0,0.0,0.0,78.459,7.3325,0.0,0.0,222.49,85.7915,308.2815,0.7217105145783967,0.0,0.0,0.0,0.2545044058757986,0.023785079545804725,0.0,0.0,0.7217105145783967,0.2782894854216033
Gwh,2016,9,204.435,0.0,0.0,0.0,94.024,4.6365,0.0,0.0,204.435,98.6605,303.0955,0.6744903833940128,0.0,0.0,0.0,0.3102124577897065,0.015297158816280677,0.0,0.0,0.6744903833940128,0.3255096166059872
Gwh,2016,10,211.774,0.0,0.0,0.0,142.811,5.4605,0.0,0.0,211.774,148.2715,360.0455,0.5881867708386856,0.0,0.0,0.0,0.3966470904371809,0.015166138724133476,0.0,0.0,0.5881867708386856,0.41181322916131435
Gwh,2016,11,147.747,0.0,0.0,0.0,69.952,2.264224,0.0,0.0,147.747,72.216224,219.963224,0.67168955479576,0.0,0.0,0.0,0.31801679720788234,0.010293647996357791,0.0,0.0,0.67168955479576,0.32831044520424013
Gwh,2016,12,378.97,0.0,0.0,0.0,181.779,12.898366,0.0,0.0,378.97,194.677366,573.647366,0.6606323369747679,0.0,0.0,0.0,0.31688282867492495,0.022484834350307115,0.0,0.0,0.6606323369747679,0.33936766302523214
