unit,year,month,coal,gas,oil,nuclear,hydro,wind,solar,other,fossil,low.carbon,total.prod,coal.perc,gas.perc,oil.perc,nuclear.perc,hydro.perc,wind.perc,solar.perc,other.perc,fossil.perc,low.carbon.perc
Gwh,2016,1,0.0,0.0,0.0,2240.844,994.4705,8.152,7.042,0.0,0.0,3250.5085,3250.5085,0.0,0.0,0.0,0.6893825996763276,0.30594305475589434,0.0025079153000215197,0.002166430267756568,0.0,0.0,1.0
Gwh,2016,2,0.0,0.0,0.0,2078.611,994.032,9.2135,10.951,0.0,0.0,3092.8075,3092.8075,0.0,0.0,0.0,0.6720790091203542,0.32140118646246174,0.0029790085545252976,0.003540795862658766,0.0,0.0,1.0
Gwh,2016,3,0.0,0.0,0.0,2224.603,875.267,7.305,26.71,0.0,0.0,3133.885,3133.885,0.0,0.0,0.0,0.7098547011137932,0.27929135880863526,0.0023309725787640577,0.00852296749880739,0.0,0.0,1.0
Gwh,2016,4,0.0,0.0,0.0,2137.819,1079.244,6.024,31.879,0.0,0.0,3254.966,3254.966,0.0,0.0,0.0,0.6567868911687557,0.33156844034622784,0.0018507105757786717,0.009793957909237762,0.0,0.0,1.0
Gwh,2016,5,0.0,0.0,0.0,2014.1435,814.1,5.335,41.09,0.0,0.0,2874.6685,2874.6685,0.0,0.0,0.0,0.7006524404466115,0.2831978713371646,0.001855866163350661,0.014293822052873228,0.0,0.0,1.0
Gwh,2016,6,0.0,0.0,0.0,1547.6585,1255.331,3.448,36.995,0.0,0.0,2843.4325,2843.4325,0.0,0.0,0.0,0.5442923297809954,0.44148436792503426,0.0012126189033852572,0.013010683390585146,0.0,0.0,1.0
Gwh,2016,7,0.0,0.0,0.0,2093.814,1204.3485,3.744,47.36,0.0,0.0,3349.2665,3349.2665,0.0,0.0,0.0,0.6251559856464094,0.35958574810335336,0.0011178567008627114,0.014140409549374467,0.0,0.0,1.0
Gwh,2016,8,0.0,0.0,0.0,1063.687226,1318.633,3.54,52.304,0.0,0.0,2438.164226,2438.164226,0.0,0.0,0.0,0.4362656192954904,0.5408302631703038,0.0014519120419577514,0.021452205492248088,0.0,0.0,1.0
Gwh,2016,9,0.0,0.0,0.0,1156.355274,1505.696,3.269,36.671,0.0,0.0,2701.9912740000004,2701.9912740000004,0.0,0.0,0.0,0.4279641037804476,0.5572542052554385,0.0012098484667423096,0.013571842497371438,0.0,0.0,1.0
Gwh,2016,10,0.0,0.0,0.0,1283.4225,1057.249,6.363,20.857,0.0,0.0,2367.8915,2367.8915,0.0,0.0,0.0,0.542010687567399,0.4464938532867743,0.0026872008282474093,0.008808258317579162,0.0,0.0,1.0
Gwh,2016,11,0.0,0.0,0.0,1248.817,969.3735,7.3995,11.293,0.0,0.0,2236.883,2236.883,0.0,0.0,0.0,0.5582844520701351,0.4333590536474193,0.0033079512875729307,0.005048542994872776,0.0,0.0,1.0
Gwh,2016,12,0.0,0.0,0.0,1273.4485,1498.4795,4.639,11.996,0.0,0.0,2788.563,2788.563,0.0,0.0,0.0,0.4566683628808099,0.5373661990064417,0.0016635808479134235,0.004301857264834971,0.0,0.0,1.0
