unit,year,month,coal,gas,oil,nuclear,hydro,wind,solar,other,fossil,low.carbon,total.prod,coal.perc,gas.perc,oil.perc,nuclear.perc,hydro.perc,wind.perc,solar.perc,other.perc,fossil.perc,low.carbon.perc
Gwh,2016,1,0.0,0.0,0.0,2240.844,994.4705,8.152,7.042,0.0,0.0,3250.5085,3250.5085,0.0,0.0,0.0,0.6893825996763276,0.30594305475589434,0.0025079153000215197,0.002166430267756568,0.0,0.0,1.0
Gwh,2016,2,0.0,0.0,0.0,2084.305,994.032,9.2135,10.951,0.0,0.0,3098.5015,3098.5015,0.0,0.0,0.0,0.6726816172269079,0.32081055955596605,0.0029735341422297197,0.0035342890748963655,0.0,0.0,1.0
Gwh,2016,3,0.0,0.0,0.0,2230.349,875.267,7.305,26.71,0.0,0.0,3139.631,3139.631,0.0,0.0,0.0,0.7103857109322721,0.27878021334354264,0.002326706546087741,0.008507369178097681,0.0,0.0,1.0
Gwh,2016,4,0.0,0.0,0.0,2137.819,1079.244,6.024,31.879,0.0,0.0,3254.966,3254.966,0.0,0.0,0.0,0.6567868911687557,0.33156844034622784,0.0018507105757786717,0.009793957909237762,0.0,0.0,1.0
Gwh,2016,5,0.0,0.0,0.0,2014.1435,814.1,5.335,41.09,0.0,0.0,2874.6685,2874.6685,0.0,0.0,0.0,0.7006524404466115,0.2831978713371646,0.001855866163350661,0.014293822052873228,0.0,0.0,1.0
Gwh,2016,6,0.0,0.0,0.0,1547.6585,1256.09,3.448,36.995,0.0,0.0,2844.1915,2844.1915,0.0,0.0,0.0,0.5441470801104638,0.4416334132212968,0.0012122953043070413,0.013007211363932422,0.0,0.0,1.0
Gwh,2016,7,0.0,0.0,0.0,2093.814,1205.0765,3.744,47.36,0.0,0.0,3349.9945,3349.9945,0.0,0.0,0.0,0.6250201306300652,0.35972491895135944,0.0011176137751867951,0.01413733664338852,0.0,0.0,1.0
Gwh,2016,8,0.0,0.0,0.0,1117.849342,1319.1595,3.54,52.304,0.0,0.0,2492.8528420000002,2492.8528420000002,0.0,0.0,0.0,0.448421713133759,0.5291766436327812,0.001420059756579887,0.020981583476879777,0.0,0.0,1.0
Gwh,2016,9,0.0,0.0,0.0,1161.681158,1505.696,3.269,36.671,0.0,0.0,2707.317158,2707.317158,0.0,0.0,0.0,0.42908942329393684,0.5561579645556991,0.0012074684306344577,0.013545143719729641,0.0,0.0,1.0
Gwh,2016,10,0.0,0.0,0.0,1283.4225,1057.249,6.363,20.857,0.0,0.0,2367.8915,2367.8915,0.0,0.0,0.0,0.542010687567399,0.4464938532867743,0.0026872008282474093,0.008808258317579162,0.0,0.0,1.0
Gwh,2016,11,0.0,0.0,0.0,1249.541,969.3735,7.3995,11.293,0.0,0.0,2237.607,2237.607,0.0,0.0,0.0,0.558427373528953,0.43321883601543976,0.003306880967033085,0.005046909488574177,0.0,0.0,1.0
Gwh,2016,12,0.0,0.0,0.0,1291.594,1500.3275,4.639,11.996,0.0,0.0,2808.5565,2808.5565,0.0,0.0,0.0,0.459878232821736,0.5341987957158776,0.0016517381793814724,0.0042712332830049885,0.0,0.0,1.0
