unit,year,month,coal,gas,oil,nuclear,hydro,wind,solar,other,fossil,low.carbon,total.prod,coal.perc,gas.perc,oil.perc,nuclear.perc,hydro.perc,wind.perc,solar.perc,other.perc,fossil.perc,low.carbon.perc
Gwh,2022,1,14374.877775783174,45820.742725071505,1013.9312852781412,19879.56849609375,14297.128373779311,2437.0989099926614,3987.820393537667,1099.4206715258542,61209.55178613282,41701.03684492925,102910.58863106206,0.13968317514262402,0.4452480870490443,0.009852545775567559,0.19317320754390666,0.13892767074761375,0.0236817118861281,0.03875034091811619,0.01068326093699954,0.5947838079672358,0.40521619203276427
Gwh,2022,2,12752.901652646822,40650.60132952906,899.5252805194332,17972.215703125,12526.433711914076,2227.20927683791,3644.378378913328,1004.7355520655171,54303.02826269532,37374.97262285583,91678.00088555116,0.13910536365825943,0.4434062799894208,0.009811789871404169,0.19603629583460405,0.13663510974188678,0.024293824639766197,0.03975193987337149,0.010959396391287015,0.5923234335190843,0.40767656648091555
Gwh,2022,3,13177.294633507827,42003.37815961232,929.4598182079789,20459.69560546875,14161.563386474625,2441.5009155190714,3995.023386956894,1101.4064981380047,56110.132611328125,42159.18979255734,98269.32240388547,0.13409367553537552,0.4274312382757567,0.009458290700203596,0.20820023080427585,0.14410970830012249,0.02484499593356855,0.04065382043174579,0.011208040018951593,0.5709832045113358,0.4290167954886642
Gwh,2022,4,10323.147130197147,32905.62021770323,728.1426667480578,18387.457076171875,14329.216276123054,2155.2886971024113,3526.694868651065,972.290840139743,43956.910014648434,39370.947758188144,83327.85777283658,0.123885905699622,0.39489338976418387,0.008738286165151116,0.2206639840219901,0.17196189436654552,0.02586516388046397,0.0423231193374169,0.011668256764626591,0.5275175816289569,0.47248241837104304
Gwh,2022,5,0.0,0.0,0.0,0.0,0.0,0.0,0.0,0.0,0.0,0.0,0.0,,,,,,,,,,
