unit,year,month,coal,gas,oil,nuclear,hydro,wind,solar,other,fossil,low.carbon,total.prod,coal.perc,gas.perc,oil.perc,nuclear.perc,hydro.perc,wind.perc,solar.perc,other.perc,fossil.perc,low.carbon.perc
Gwh,2022,1,14374.877775783174,45820.7427250715,1013.9312852781412,19879.56849609375,14297.128373779315,2437.098909992661,3987.820393537666,1099.420671525854,61209.55178613281,41701.036844929244,102910.58863106206,0.13968317514262402,0.4452480870490442,0.009852545775567559,0.19317320754390666,0.13892767074761378,0.023681711886128096,0.03875034091811618,0.010683260936999539,0.5947838079672357,0.4052161920327642
Gwh,2022,2,12752.901652646822,40650.60132952906,899.5252805194332,17972.215703125,12526.433711914076,2227.2092768379093,3644.3783789133277,1004.735552065517,54303.02826269531,37374.97262285583,91678.00088555114,0.13910536365825943,0.44340627998942084,0.009811789871404169,0.19603629583460408,0.1366351097418868,0.024293824639766193,0.03975193987337149,0.010959396391287016,0.5923234335190845,0.4076765664809156
Gwh,2022,3,13177.294633507827,42003.37815961232,929.4598182079789,20459.69560546875,14161.563386474625,2441.500915519071,3995.023386956894,1101.4064981380045,56110.132611328125,42159.18979255734,98269.32240388547,0.13409367553537552,0.4274312382757567,0.009458290700203596,0.20820023080427585,0.14410970830012249,0.024844995933568547,0.04065382043174579,0.011208040018951591,0.5709832045113358,0.4290167954886642
Gwh,2022,4,10323.147130197147,32905.62021770324,728.1426667480578,18387.457076171875,14329.216276123056,2155.288697102411,3526.6948686510646,972.2908401397428,43956.91001464844,39370.94775818815,83327.85777283659,0.12388590569962199,0.39489338976418387,0.008738286165151115,0.22066398402199008,0.17196189436654552,0.02586516388046396,0.042323119337416885,0.011668256764626588,0.5275175816289569,0.47248241837104304
