unit,year,month,coal,oil,gas,nuclear,hydro,wind,solar,other,fossil,low.carbon,total.prod,coal.perc,oil.perc,gas.perc,nuclear.perc,hydro.perc,wind.perc,solar.perc,other.perc,fossil.perc,low.carbon.perc
Gwh,2023,1,0.0,0.0,2.102,0.0,5.822,4.752,0.104,0.404,2.102,11.082,13.184,0.0,0.0,0.15943567961165048,0.0,0.4415958737864078,0.3604368932038835,0.007888349514563107,0.03064320388349515,0.15943567961165048,0.8405643203883496
