unit,year,month,coal,oil,gas,nuclear,hydro,wind,solar,other,fossil,low.carbon,total.prod,coal.perc,oil.perc,gas.perc,nuclear.perc,hydro.perc,wind.perc,solar.perc,other.perc,fossil.perc,low.carbon.perc
Gwh,2023,1,0.0,0.0,2.042,9.886,0.166,2.68,0.0,2.186,2.042,14.918,16.96,0.0,0.0,0.1204009433962264,0.5829009433962263,0.009787735849056603,0.1580188679245283,0.0,0.12889150943396224,0.1204009433962264,0.8795990566037735
