unit,year,month,coal,oil,gas,nuclear,hydro,wind,solar,other,fossil,low.carbon,total.prod,coal.perc,oil.perc,gas.perc,nuclear.perc,hydro.perc,wind.perc,solar.perc,other.perc,fossil.perc,low.carbon.perc
Gwh,2023,1,10.791,0.0,1.338,6.51,0.216,0.138,0.0,0.072,12.129,6.936,19.065,0.5660110149488592,0.0,0.07018095987411486,0.3414634146341463,0.01132966168371361,0.007238394964594807,0.0,0.0037765538945712033,0.636191974822974,0.36380802517702593
