unit,year,month,coal,oil,gas,nuclear,hydro,wind,solar,other,fossil,low.carbon,total.prod,coal.perc,oil.perc,gas.perc,nuclear.perc,hydro.perc,wind.perc,solar.perc,other.perc,fossil.perc,low.carbon.perc
Gwh,2023,1,9.894,0.006,2.05,6.992,0.594,0.014,0.008,1.236,11.95,8.844,20.794,0.4758103299028566,0.00028854477253053765,0.09858613061460035,0.3362508415889199,0.028565932480523228,0.0006732711359045878,0.0003847263633740502,0.05944022314129076,0.5746850052899874,0.42531499471001244
