unit,year,month,coal,oil,gas,nuclear,hydro,wind,solar,other,fossil,low.carbon,total.prod,coal.perc,oil.perc,gas.perc,nuclear.perc,hydro.perc,wind.perc,solar.perc,other.perc,fossil.perc,low.carbon.perc
Gwh,2023,1,2.792,0.122,0.552,0.0,0.0,0.216,0.0,1.512,3.466,1.728,5.194,0.5375433192144782,0.023488640739314594,0.10627647285329227,0.0,0.0,0.041586445899114366,0.0,0.29110512129380056,0.6673084328070852,0.3326915671929149
