unit,year,month,coal,oil,gas,nuclear,hydro,wind,solar,other,fossil,low.carbon,total.prod,coal.perc,oil.perc,gas.perc,nuclear.perc,hydro.perc,wind.perc,solar.perc,other.perc,fossil.perc,low.carbon.perc
Gwh,2023,1,2.746,0.084,0.888,0.0,0.0,1.342,0.01,2.222,3.718,3.574,7.292,0.3765770707624794,0.011519473395501922,0.1217772901810203,0.0,0.0,0.18403730115194736,0.0013713658804168952,0.3047174986286341,0.5098738343390017,0.49012616566099837
