unit,year,month,coal,oil,gas,nuclear,hydro,wind,solar,other,fossil,low.carbon,total.prod,coal.perc,oil.perc,gas.perc,nuclear.perc,hydro.perc,wind.perc,solar.perc,other.perc,fossil.perc,low.carbon.perc
Gwh,2023,1,0.093,2.157,0.006,0.0,0.009,0.204,0.006,0.339,2.256,0.558,2.814,0.03304904051172708,0.7665245202558635,0.0021321961620469083,0.0,0.003198294243070362,0.07249466950959488,0.0021321961620469083,0.12046908315565033,0.8017057569296374,0.19829424307036247
