unit,year,month,coal,oil,gas,nuclear,hydro,wind,solar,other,fossil,low.carbon,total.prod,coal.perc,oil.perc,gas.perc,nuclear.perc,hydro.perc,wind.perc,solar.perc,other.perc,fossil.perc,low.carbon.perc
Gwh,2023,1,0.054,2.124,0.006,0.0,0.009,0.165,0.006,0.333,2.184,0.513,2.697,0.020022246941045607,0.7875417130144605,0.002224694104560623,0.0,0.003337041156840934,0.061179087875417135,0.002224694104560623,0.12347052280311457,0.8097886540600668,0.19021134593993325
