unit,year,month,coal,oil,gas,nuclear,hydro,wind,solar,other,fossil,low.carbon,total.prod,coal.perc,oil.perc,gas.perc,nuclear.perc,hydro.perc,wind.perc,solar.perc,other.perc,fossil.perc,low.carbon.perc
Gwh,2023,1,3.48,0.003,0.471,8.973,5.478,3.087,0.0,2.085,3.954,19.623,23.577,0.14760147601476015,0.0001272426517368622,0.019977096322687363,0.38058277134495483,0.23234508207151033,0.1309326886372312,0.0,0.08843364295711922,0.16770581498918438,0.8322941850108156
