unit,year,month,coal,oil,gas,nuclear,hydro,wind,solar,other,fossil,low.carbon,total.prod,coal.perc,oil.perc,gas.perc,nuclear.perc,hydro.perc,wind.perc,solar.perc,other.perc,fossil.perc,low.carbon.perc
Gwh,2023,1,1.256,0.374,10.482,65.908,9.882,6.42,1.334,1.132,12.112,84.676,96.788,0.01297681530768277,0.0038641153862049014,0.10829854940695127,0.6809521841550605,0.10209943381410919,0.06633053684341034,0.013782700334752243,0.011695664751828738,0.12513948010083895,0.8748605198991611
