unit,year,month,coal,oil,gas,nuclear,hydro,wind,solar,other,fossil,low.carbon,total.prod,coal.perc,oil.perc,gas.perc,nuclear.perc,hydro.perc,wind.perc,solar.perc,other.perc,fossil.perc,low.carbon.perc
Gwh,2023,1,48.65,0.904,20.1,7.896,8.038,5.07,0.58,11.6,69.654,33.184,102.838,0.47307415546782317,0.008790524903245882,0.19545304264960425,0.07678095645578482,0.07816176899589647,0.049300842101168835,0.005639938544117933,0.11279877088235866,0.6773177230206733,0.3226822769793267
