unit,year,month,coal,oil,gas,nuclear,hydro,wind,solar,other,fossil,low.carbon,total.prod,coal.perc,oil.perc,gas.perc,nuclear.perc,hydro.perc,wind.perc,solar.perc,other.perc,fossil.perc,low.carbon.perc
Gwh,2023,1,50.994,0.586,18.2,8.162,5.94,16.18,0.23,11.61,69.78,42.122,111.902,0.4557023109506532,0.005236724991510428,0.16264231202302012,0.07293882146878519,0.05308216117674394,0.144590802666619,0.0020553698772139907,0.10375149684545405,0.6235813479651838,0.37641865203481617
