unit,year,month,coal,oil,gas,nuclear,hydro,wind,solar,other,fossil,low.carbon,total.prod,coal.perc,oil.perc,gas.perc,nuclear.perc,hydro.perc,wind.perc,solar.perc,other.perc,fossil.perc,low.carbon.perc
Gwh,2023,1,0.366,0.0,2.184,3.9,0.052,0.0,0.0,0.488,2.55,4.44,6.99,0.05236051502145923,0.0,0.31244635193133047,0.5579399141630901,0.007439198855507868,0.0,0.0,0.0698140200286123,0.3648068669527897,0.6351931330472104
