unit,year,month,coal,oil,gas,nuclear,hydro,wind,solar,other,fossil,low.carbon,total.prod,coal.perc,oil.perc,gas.perc,nuclear.perc,hydro.perc,wind.perc,solar.perc,other.perc,fossil.perc,low.carbon.perc
Gwh,2023,1,0.654,0.0,2.472,3.886,0.056,0.0,0.0,0.364,3.126,4.306,7.432,0.0879978471474704,0.0,0.33261571582346605,0.5228740581270183,0.007534983853606028,0.0,0.0,0.048977395048439176,0.42061356297093644,0.5793864370290635
