unit,year,month,coal,oil,gas,nuclear,hydro,wind,solar,other,fossil,low.carbon,total.prod,coal.perc,oil.perc,gas.perc,nuclear.perc,hydro.perc,wind.perc,solar.perc,other.perc,fossil.perc,low.carbon.perc
Gwh,2023,1,7.242,0.164,30.042,0.0,3.158,5.702,0.0,5.486,37.448,14.346,51.794,0.13982314553809322,0.0031663899293354445,0.5800285747383868,0.0,0.060972313395373984,0.11008997181140673,0.0,0.10591960458740395,0.7230181102058154,0.2769818897941847
