unit,year,month,coal,oil,gas,nuclear,hydro,wind,solar,other,fossil,low.carbon,total.prod,coal.perc,oil.perc,gas.perc,nuclear.perc,hydro.perc,wind.perc,solar.perc,other.perc,fossil.perc,low.carbon.perc
Gwh,2023,1,7.968,0.168,32.48,0.0,7.716,1.698,0.01,5.966,40.616,15.39,56.006,0.14227047102096205,0.002999678605863658,0.5799378638003071,0.0,0.13777095311216656,0.03031818019497911,0.00017855229796807486,0.10652430096775346,0.7252080134271328,0.2747919865728672
