unit,year,month,coal,oil,gas,nuclear,hydro,wind,solar,other,fossil,low.carbon,total.prod,coal.perc,oil.perc,gas.perc,nuclear.perc,hydro.perc,wind.perc,solar.perc,other.perc,fossil.perc,low.carbon.perc
Gwh,2023,1,7.698,0.0,6.288,0.964,0.0,2.432,0.0,0.744,13.986,4.14,18.126,0.4246938099966898,0.0,0.3469049983449189,0.05318327264702637,0.0,0.1341719077568134,0.0,0.04104601125455147,0.7715988083416088,0.22840119165839123
