unit,year,month,coal,oil,gas,nuclear,hydro,wind,solar,other,fossil,low.carbon,total.prod,coal.perc,oil.perc,gas.perc,nuclear.perc,hydro.perc,wind.perc,solar.perc,other.perc,fossil.perc,low.carbon.perc
Gwh,2023,1,4.966,0.0,7.816,0.944,0.0,1.766,0.0,0.946,12.782,3.656,16.438,0.3021048789390437,0.0,0.4754836354787687,0.05742791093807033,0.0,0.10743399440321208,0.0,0.05754958024090522,0.7775885144178124,0.22241148558218765
