unit,year,month,coal,oil,gas,nuclear,hydro,wind,solar,other,fossil,low.carbon,total.prod,coal.perc,oil.perc,gas.perc,nuclear.perc,hydro.perc,wind.perc,solar.perc,other.perc,fossil.perc,low.carbon.perc
Gwh,2023,1,31.94,0.504,2.77,0.0,0.35,1.47,0.04,0.352,35.214,2.212,37.426,0.8534174103564367,0.013466574039437823,0.07401271843103724,0.0,0.009351787527387377,0.039277507615026984,0.0010687757174157003,0.009405226313258162,0.9408967028269117,0.05910329717308823
