unit,year,month,coal,oil,gas,nuclear,hydro,wind,solar,other,fossil,low.carbon,total.prod,coal.perc,oil.perc,gas.perc,nuclear.perc,hydro.perc,wind.perc,solar.perc,other.perc,fossil.perc,low.carbon.perc
Gwh,2023,1,34.99,0.558,1.698,0.0,0.426,1.618,0.0,0.436,37.246,2.48,39.726,0.8807833660574939,0.014046216583597646,0.04274278809847455,0.0,0.010723455671348739,0.04072899360620249,0.0,0.010975179982882747,0.9375723707395661,0.06242762926043397
