unit,year,month,coal,oil,gas,nuclear,hydro,wind,solar,other,fossil,low.carbon,total.prod,coal.perc,oil.perc,gas.perc,nuclear.perc,hydro.perc,wind.perc,solar.perc,other.perc,fossil.perc,low.carbon.perc
Gwh,2023,1,4.308,0.0,2.805,4.242,6.339,0.255,0.033,0.198,7.113,11.067,18.18,0.23696369636963696,0.0,0.1542904290429043,0.23333333333333334,0.34867986798679873,0.014026402640264026,0.0018151815181518152,0.010891089108910892,0.3912541254125413,0.6087458745874588
