unit,year,month,coal,oil,gas,nuclear,hydro,wind,solar,other,fossil,low.carbon,total.prod,coal.perc,oil.perc,gas.perc,nuclear.perc,hydro.perc,wind.perc,solar.perc,other.perc,fossil.perc,low.carbon.perc
Gwh,2023,1,0.202,0.092,0.396,3.94,1.322,0.0,0.002,0.576,0.69,5.84,6.53,0.030934150076569678,0.014088820826952526,0.06064318529862175,0.6033690658499234,0.20245022970903523,0.0,0.00030627871362940275,0.08820826952526799,0.10566615620214394,0.894333843797856
