unit,year,month,coal,oil,gas,nuclear,hydro,wind,solar,other,fossil,low.carbon,total.prod,coal.perc,oil.perc,gas.perc,nuclear.perc,hydro.perc,wind.perc,solar.perc,other.perc,fossil.perc,low.carbon.perc
Gwh,2023,1,1.502,0.0,0.138,1.37,0.178,0.0,0.0,0.038,1.64,1.586,3.226,0.46559206447613144,0.0,0.042777433353998764,0.4246745195288283,0.055176689398636077,0.0,0.0,0.011779293242405455,0.5083694978301302,0.4916305021698698
