unit,year,month,coal,oil,gas,nuclear,hydro,wind,solar,other,fossil,low.carbon,total.prod,coal.perc,oil.perc,gas.perc,nuclear.perc,hydro.perc,wind.perc,solar.perc,other.perc,fossil.perc,low.carbon.perc
Gwh,2023,1,0.954,0.0,0.132,1.378,0.13,0.0,0.0,0.038,1.086,1.546,2.632,0.36246200607902734,0.0,0.05015197568389058,0.5235562310030395,0.04939209726443769,0.0,0.0,0.014437689969604862,0.41261398176291797,0.587386018237082
