unit,year,month,coal,oil,gas,nuclear,hydro,wind,solar,other,fossil,low.carbon,total.prod,coal.perc,oil.perc,gas.perc,nuclear.perc,hydro.perc,wind.perc,solar.perc,other.perc,fossil.perc,low.carbon.perc
Gwh,2023,1,12.366,0.0,1.857,24.651,4.131,0.03,0.009,0.0,14.223,28.821,43.044,0.2872874268190689,0.0,0.043141901310287153,0.5726930582659604,0.09597156398104266,0.0006969612489545581,0.00020908837468636742,0.0,0.33042932812935605,0.6695706718706441
