unit,year,month,coal,oil,gas,nuclear,hydro,wind,solar,other,fossil,low.carbon,total.prod,coal.perc,oil.perc,gas.perc,nuclear.perc,hydro.perc,wind.perc,solar.perc,other.perc,fossil.perc,low.carbon.perc
Gwh,2022,1,90976.0,195.4290054563041,1691.570994543696,3665.0,7849.0,4028.71061575684,4868.650443074734,2476.6389411684268,92863.0,22888.0,115751.0,0.7859629722421405,0.0016883569511823148,0.014613878018709956,0.03166279340999214,0.06780934937927102,0.03480497460718992,0.042061411504649926,0.021396263886864275,0.8022652072120328,0.19773479278796727
Gwh,2022,2,87825.0,171.57019656771513,1647.4298034322849,3460.0,7809.0,3379.762734598137,5658.39466460751,2575.8426007943544,89644.0,22883.0,112527.0,0.7804793516222773,0.0015247024853387644,0.014640306801321326,0.03074817599331716,0.06939667813058199,0.030035126988172945,0.05028477311762963,0.02289088486136087,0.7966443609089374,0.20335563909106258
Gwh,2022,3,102550.0,174.9367356832185,1922.0632643167812,3988.0,11138.0,4169.50001725983,7055.241844730575,2584.2581380095967,104647.0,28935.000000000004,133582.0,0.7676932520848617,0.0013095831450586045,0.014388639669392442,0.02985432169004806,0.08337949723765178,0.031213037813925756,0.05281581234545504,0.0193458560136066,0.7833914748993128,0.21660852510068723
Gwh,2022,4,76552.0,130.23408457743471,1406.7659154225653,2355.0,9141.0,3310.1347460812244,4801.607272578148,1939.2579813406276,78089.0,21547.0,99636.0,0.7683166726885865,0.0013070986849877024,0.01411905250534511,0.023636035168011563,0.09174394797061303,0.033222276547444946,0.04819148974846589,0.019463426686545302,0.7837428238789192,0.21625717612108072
