unit,year,month,coal,gas,oil,nuclear,hydro,wind,solar,other,fossil,low.carbon,total.prod,coal.perc,gas.perc,oil.perc,nuclear.perc,hydro.perc,wind.perc,solar.perc,other.perc,fossil.perc,low.carbon.perc
Gwh,2022,1,90976.0,1691.570994543696,195.4290054563041,3665.0,7849.0,4028.71061575684,4868.650443074734,2476.6389411684268,92863.0,22888.0,115751.0,0.7859629722421405,0.014613878018709956,0.0016883569511823148,0.03166279340999214,0.06780934937927102,0.03480497460718992,0.042061411504649926,0.021396263886864275,0.8022652072120328,0.19773479278796727
Gwh,2022,2,87825.0,1647.4298034322849,171.57019656771513,3460.0,7809.0,3379.762734598137,5658.39466460751,2575.8426007943544,89644.0,22883.0,112527.0,0.7804793516222773,0.014640306801321326,0.0015247024853387644,0.03074817599331716,0.06939667813058199,0.030035126988172945,0.05028477311762963,0.02289088486136087,0.7966443609089374,0.20335563909106258
Gwh,2022,3,102550.0,1922.0632643167812,174.9367356832185,3988.0,11138.0,4169.50001725983,7055.241844730575,2584.2581380095967,104647.0,28935.000000000004,133582.0,0.7676932520848617,0.014388639669392442,0.0013095831450586045,0.02985432169004806,0.08337949723765178,0.031213037813925756,0.05281581234545504,0.0193458560136066,0.7833914748993128,0.21660852510068723
Gwh,2022,4,87123.0,1627.3453465330651,150.6546534669349,2653.0,10221.0,3748.478129529052,5437.458360012385,2196.0635104585635,88901.0,24256.0,113157.0,0.7699302738672817,0.0143813051471236,0.001331377232225447,0.023445301660524758,0.0903258304833108,0.03312634772509922,0.04805233754882495,0.019407226335609495,0.7856429562466308,0.21435704375336923
