unit,year,month,coal,oil,gas,nuclear,hydro,wind,solar,other,fossil,low.carbon,total.prod,coal.perc,oil.perc,gas.perc,nuclear.perc,hydro.perc,wind.perc,solar.perc,other.perc,fossil.perc,low.carbon.perc
Gwh,2022,1,90976.0,195.4290054563041,1691.570994543696,3665.0,7849.0,4028.710580617374,4868.650400609093,2476.639018773533,92863.0,22888.000000000004,115751.0,0.7859629722421405,0.0016883569511823148,0.014613878018709956,0.03166279340999214,0.06780934937927102,0.03480497430361184,0.04206141113777931,0.021396264557312965,0.8022652072120328,0.1977347927879673
Gwh,2022,2,87825.0,171.57019656771513,1647.4298034322849,3460.0,7809.0,3379.7627345981377,5658.39466460751,2575.8426007943526,89644.0,22883.0,112527.0,0.7804793516222773,0.0015247024853387644,0.014640306801321326,0.03074817599331716,0.06939667813058199,0.030035126988172952,0.05028477311762963,0.02289088486136085,0.7966443609089374,0.20335563909106258
Gwh,2022,3,102550.0,174.9367356832185,1922.0632643167812,3988.0,11138.0,4169.500048528506,7055.241897640535,2584.2580538309603,104647.0,28935.0,133582.0,0.7676932520848617,0.0013095831450586045,0.014388639669392442,0.02985432169004806,0.08337949723765178,0.03121303804800427,0.05281581274154104,0.019345855383442082,0.7833914748993128,0.2166085251006872
