unit,year,month,coal,gas,oil,nuclear,hydro,wind,solar,other,fossil,low.carbon,total.prod,coal.perc,gas.perc,oil.perc,nuclear.perc,hydro.perc,wind.perc,solar.perc,other.perc,fossil.perc,low.carbon.perc
Gwh,2022,1,90976.0,1691.570994543696,195.4290054563041,3665.0,7849.0,4028.71061575684,4868.650443074734,2476.6389411684268,92863.0,22888.0,115751.0,0.7859629722421405,0.014613878018709956,0.0016883569511823148,0.03166279340999214,0.06780934937927102,0.03480497460718992,0.042061411504649926,0.021396263886864275,0.8022652072120328,0.19773479278796727
Gwh,2022,2,87825.0,1647.4298034322849,171.57019656771513,3460.0,7809.0,3379.762734598137,5658.39466460751,2575.8426007943544,89644.0,22883.0,112527.0,0.7804793516222773,0.014640306801321326,0.0015247024853387644,0.03074817599331716,0.06939667813058199,0.030035126988172945,0.05028477311762963,0.02289088486136087,0.7966443609089374,0.20335563909106258
Gwh,2022,3,102550.0,1922.0632643167812,174.9367356832185,3988.0,11138.0,4169.50001725983,7055.241844730575,2584.2581380095967,104647.0,28935.000000000004,133582.0,0.7676932520848617,0.014388639669392442,0.0013095831450586045,0.02985432169004806,0.08337949723765178,0.031213037813925756,0.05281581234545504,0.0193458560136066,0.7833914748993128,0.21660852510068723
Gwh,2022,4,104839.0,2077.656882244127,192.343117755873,3157.0,12270.0,4586.962167288757,6653.744512234449,2687.2933204767946,107109.0,29355.000000000004,136464.0,0.7682538984640638,0.015224944910336255,0.00140947882046454,0.023134306483761285,0.0899138234259585,0.03361298340433196,0.048758240358149026,0.019692324132934654,0.7848883221948646,0.21511167780513546
Gwh,2022,5,16957.0,374.62452463379947,36.37547536620056,521.0,1994.0,1363.2769855877139,1020.8284885148641,420.8945258974221,17368.0,5320.0,22688.0,0.7473995063469676,0.016512011840347295,0.0016032914036583463,0.022963681241184766,0.08788787023977433,0.06008801946349233,0.044994203478264466,0.018551415986310917,0.7655148095909732,0.2344851904090268
