unit,year,month,coal,gas,oil,nuclear,hydro,wind,solar,other,fossil,low.carbon,total.prod,coal.perc,gas.perc,oil.perc,nuclear.perc,hydro.perc,wind.perc,solar.perc,other.perc,fossil.perc,low.carbon.perc
Gwh,2022,1,87552.96,121950.708,3712.164,70880.423,25362.667,37909.066,7046.906,6532.893,213215.832,147731.955,360947.787,0.2425640581639028,0.33786246208513254,0.01028449026063706,0.19637306434018945,0.07026685829216624,0.10502645359064079,0.019523338980881464,0.018099274286449633,0.5907110105096723,0.40928898949032755
Gwh,2022,2,71718.315,102117.959,2336.009,62033.319,21635.079,38155.054,8108.634,5946.844,176172.283,135878.93,312051.213,0.22982866918065786,0.3272474348625589,0.007485979552978056,0.1987921098066682,0.06933182150456824,0.12227176953803412,0.025984946259446202,0.01905726929508843,0.5645620835961949,0.43543791640380514
Gwh,2022,3,61337.275,100878.573,1005.2239999999999,63402.03,25226.914,43554.903,10432.288,5349.9929999999995,163221.072,147966.128,311187.19999999995,0.19710731996688813,0.32417327255105616,0.0032302871069247066,0.2037424097135101,0.08106668269131893,0.13996367138494129,0.033524155235176774,0.01719220135018407,0.524510879624869,0.4754891203751312
Gwh,2022,4,55685.654,95713.849,709.466,55614.319,20870.465,46067.502,11544.711,5283.893,152108.96899999998,139380.89,291489.859,0.19103804911442906,0.32836081957828933,0.002433930300127525,0.1907933236195363,0.07159928332189423,0.15804152555441045,0.039605875276779355,0.01812719323453376,0.5218327989928458,0.47816720100715415
Gwh,2022,5,2133.882,3693.069,23.525,2359.66,758.918,1932.412,393.12199999999996,204.391,5850.476,5648.503,11498.979,0.18557143203757484,0.32116494864457096,0.002045833808375509,0.20520604481493532,0.0659987291045579,0.16805074607058593,0.03418755699962579,0.0177747085197738,0.5087822144905213,0.4912177855094787
