unit,year,month,coal,gas,oil,nuclear,hydro,wind,solar,other,fossil,low.carbon,total.prod,coal.perc,gas.perc,oil.perc,nuclear.perc,hydro.perc,wind.perc,solar.perc,other.perc,fossil.perc,low.carbon.perc
Gwh,2022,1,87552.96,121950.708,3712.164,70880.423,25362.667,37909.066,7046.906,6532.893,213215.832,147731.955,360947.787,0.2425640581639028,0.33786246208513254,0.01028449026063706,0.19637306434018945,0.07026685829216624,0.10502645359064079,0.019523338980881464,0.018099274286449633,0.5907110105096723,0.40928898949032755
Gwh,2022,2,71718.315,102117.959,2336.009,62033.319,21635.079,38155.054,8108.634,5946.844,176172.283,135878.93,312051.213,0.22982866918065786,0.3272474348625589,0.007485979552978056,0.1987921098066682,0.06933182150456824,0.12227176953803412,0.025984946259446202,0.01905726929508843,0.5645620835961949,0.43543791640380514
Gwh,2022,3,61337.275,100878.573,1005.2239999999999,63402.03,25226.914,43554.903,10432.288,5349.9929999999995,163221.072,147966.128,311187.19999999995,0.19710731996688813,0.32417327255105616,0.0032302871069247066,0.2037424097135101,0.08106668269131893,0.13996367138494129,0.033524155235176774,0.01719220135018407,0.524510879624869,0.4754891203751312
Gwh,2022,4,55874.353,95876.598,709.466,55614.319,20946.418,46107.182,11657.795,5318.195,152460.417,139643.909,292104.326,0.19128218251721477,0.32822724439897544,0.0024288103148462103,0.19039197317468007,0.07170868808016216,0.15784491325883343,0.039909696510280375,0.018206491745007568,0.5219382372310364,0.4780617627689636
Gwh,2022,5,51596.54,95989.688,283.324,51239.998,18481.207,33274.085,10805.759,4640.761,147869.552,118441.81000000001,266311.362,0.19374516961090077,0.3604415796574236,0.001063882509075974,0.19240635328206535,0.0693969902793708,0.12494429358969669,0.040575658953672426,0.01742607211779421,0.5552506317774004,0.44474936822259953
