unit,year,month,coal,oil,gas,nuclear,hydro,wind,solar,other,fossil,low.carbon,total.prod,coal.perc,oil.perc,gas.perc,nuclear.perc,hydro.perc,wind.perc,solar.perc,other.perc,fossil.perc,low.carbon.perc
Gwh,2022,1,87552.96,3712.164,121950.708,70880.423,25362.667,37909.066,7046.906,6532.893,213215.832,147731.955,360947.787,0.2425640581639028,0.01028449026063706,0.33786246208513254,0.19637306434018945,0.07026685829216624,0.10502645359064079,0.019523338980881464,0.018099274286449633,0.5907110105096723,0.40928898949032755
Gwh,2022,2,71718.315,2336.009,102117.959,62033.319,21635.079,38155.054,8108.634,5946.844,176172.283,135878.93,312051.213,0.22982866918065786,0.007485979552978056,0.3272474348625589,0.1987921098066682,0.06933182150456824,0.12227176953803412,0.025984946259446202,0.01905726929508843,0.5645620835961949,0.43543791640380514
Gwh,2022,3,61337.397,1005.2239999999999,100878.537,63402.03,25226.914,43558.868,10431.881,5349.992,163221.158,147969.685,311190.843,0.19710540454431044,0.0032302492911078363,0.32416936188575446,0.2037400245739236,0.08106573367263252,0.1399747742577374,0.03352245490076969,0.017191996873764052,0.5245050157211727,0.47549498427882725
Gwh,2022,4,39525.85,502.649,68345.682,39248.454,15221.719,31741.729,7900.701,3687.134,108374.18100000001,97799.73700000001,206173.918,0.19171120374207565,0.0024379853905672007,0.33149528642124365,0.19036575712743645,0.07382950834741375,0.15395608381463652,0.038320564873778065,0.017883610282848676,0.5256444755538865,0.4743555244461135
