unit,year,month,coal,oil,gas,nuclear,hydro,wind,solar,other,fossil,low.carbon,total.prod,coal.perc,oil.perc,gas.perc,nuclear.perc,hydro.perc,wind.perc,solar.perc,other.perc,fossil.perc,low.carbon.perc
Gwh,2022,1,87552.96,3712.164,121950.708,70880.423,25362.667,37909.066,7046.906,6532.893,213215.832,147731.955,360947.787,0.2425640581639028,0.01028449026063706,0.33786246208513254,0.19637306434018945,0.07026685829216624,0.10502645359064079,0.019523338980881464,0.018099274286449633,0.5907110105096723,0.40928898949032755
Gwh,2022,2,71718.315,2336.009,102117.959,62033.319,21635.079,38155.054,8108.634,5946.844,176172.283,135878.93,312051.213,0.22982866918065786,0.007485979552978056,0.3272474348625589,0.1987921098066682,0.06933182150456824,0.12227176953803412,0.025984946259446202,0.01905726929508843,0.5645620835961949,0.43543791640380514
Gwh,2022,3,61328.201,1005.2239999999999,100860.813,63402.03,25226.785,43558.877,10329.137,5340.805,163194.23799999998,147857.634,311051.872,0.197163902617503,0.003231692494041637,0.32425721263622553,0.20383105104733143,0.08110153730243425,0.14003734078154015,0.03320712051525606,0.017170142605668036,0.5246528077477701,0.4753471922522299
Gwh,2022,4,11723.382,150.007,20084.068,11837.184,4850.948,8664.574,2222.027,1046.342,31957.457,28621.075,60578.532,0.19352370572466165,0.002476240262804652,0.33153771372340285,0.19540229201988585,0.08007701474179005,0.143030438571869,0.03668010641129435,0.017272488544291566,0.5275376597108692,0.4724623402891308
