unit,year,month,coal,oil,gas,nuclear,hydro,wind,solar,other,fossil,low.carbon,total.prod,coal.perc,oil.perc,gas.perc,nuclear.perc,hydro.perc,wind.perc,solar.perc,other.perc,fossil.perc,low.carbon.perc
Gwh,2022,1,87552.96,3712.164,121950.708,70880.423,25362.667,37909.066,7046.906,6532.893,213215.832,147731.955,360947.787,0.2425640581639028,0.01028449026063706,0.33786246208513254,0.19637306434018945,0.07026685829216624,0.10502645359064079,0.019523338980881464,0.018099274286449633,0.5907110105096723,0.40928898949032755
Gwh,2022,2,71718.315,2336.009,102117.959,62033.319,21635.079,38155.054,8108.634,5946.844,176172.283,135878.93,312051.213,0.22982866918065786,0.007485979552978056,0.3272474348625589,0.1987921098066682,0.06933182150456824,0.12227176953803412,0.025984946259446202,0.01905726929508843,0.5645620835961949,0.43543791640380514
Gwh,2022,3,61328.155,1005.2239999999999,100872.438,63402.03,25226.914,43558.868,10431.872,5346.324,163205.81699999998,147966.008,311171.82499999995,0.1970877504735527,0.0032304467154119754,0.3241695741573004,0.20375247662605703,0.08107068819614374,0.13998332914620407,0.03352447478173835,0.01718125990359185,0.524487771346265,0.47551222865373505
Gwh,2022,4,31911.429,404.992,55039.72,31884.216,12549.402,25480.016,6499.043,2947.462,87356.141,79360.13900000001,166716.28000000003,0.19141159459652046,0.0024292288671508263,0.3301400439117283,0.1912483651866512,0.07527400443435997,0.15283460019621356,0.038982653643663344,0.017679509163712144,0.5239808673753996,0.47601913262460027
