unit,year,month,coal,gas,oil,nuclear,hydro,wind,solar,other,fossil,low.carbon,total.prod,coal.perc,gas.perc,oil.perc,nuclear.perc,hydro.perc,wind.perc,solar.perc,other.perc,fossil.perc,low.carbon.perc
Gwh,2022,1,87552.96,37909.066,70880.423,121950.708,7046.906,25362.667,6532.893,3712.164,196342.44900000002,164605.33800000002,360947.787,0.2425640581639028,0.10502645359064079,0.19637306434018945,0.33786246208513254,0.019523338980881464,0.07026685829216624,0.018099274286449633,0.01028449026063706,0.5439635760947331,0.456036423905267
Gwh,2022,2,71718.315,38155.054,62033.319,102117.959,8108.634,21635.079,5946.844,2336.009,171906.68800000002,140144.52500000002,312051.21300000005,0.22982866918065784,0.1222717695380341,0.19879210980666814,0.32724743486255886,0.0259849462594462,0.06933182150456822,0.019057269295088428,0.007485979552978054,0.5508925485253602,0.4491074514746398
Gwh,2022,3,61337.275,43554.903,63402.03,100878.573,10432.288,25226.914,5349.9929999999995,1005.2239999999999,168294.20799999998,142892.99199999997,311187.19999999995,0.19710731996688813,0.13996367138494129,0.2037424097135101,0.32417327255105616,0.033524155235176774,0.08106668269131893,0.01719220135018407,0.0032302871069247066,0.5408134010653395,0.4591865989346605
Gwh,2022,4,55883.719,46104.899,55614.319,95870.752,11657.795,20946.716,5318.156,709.466,157602.93699999998,134502.88499999998,292105.8219999999,0.19131326660103343,0.15783628920617682,0.19039099809520407,0.328205550110535,0.0399094921154978,0.07170934100724635,0.018206264988446554,0.0024287978758602085,0.5395405539024142,0.4604594460975859
Gwh,2022,5,23878.372,17464.857,24188.948,44059.99,4927.151,8328.153,2212.931,173.531,65532.176999999996,59701.755999999994,125233.93299999999,0.19067014369020896,0.13945786562496604,0.1931501105215629,0.35182149873069946,0.039343577910309666,0.06650077020259358,0.017670378522728344,0.0013856547969311162,0.5232781198367379,0.4767218801632621
