unit,year,month,coal,gas,oil,nuclear,hydro,wind,solar,other,fossil,low.carbon,total.prod,coal.perc,gas.perc,oil.perc,nuclear.perc,hydro.perc,wind.perc,solar.perc,other.perc,fossil.perc,low.carbon.perc
Gwh,2022,1,86925.084,121586.388,3654.016,70905.783,25382.008,38007.320999999996,6942.27,6497.622,212165.488,147735.004,359900.49199999997,0.2415253269506506,0.3378333475576355,0.010152850805216461,0.19701496545884134,0.07052507169120514,0.10560508208474469,0.019289415142005422,0.01805394030970094,0.5895115253135026,0.4104884746864975
Gwh,2022,2,72055.962,102210.63,2380.291,62083.393000000004,21637.139,38193.895,8025.307,5978.01,176646.883,135917.744,312564.627,0.23053140303045233,0.3270063889859169,0.007615356295579795,0.19862578051738403,0.0692245287244228,0.12219519325198624,0.02567567250660133,0.019125676687656665,0.565153148311949,0.4348468516880511
Gwh,2022,3,61641.603,100965.656,1037.285,63509.64,25189.95,43420.125,10444.658,5361.364,163644.54400000002,147925.737,311570.281,0.19784172868528496,0.3240541930891027,0.003329216755432461,0.20383728446809082,0.08084837205638364,0.13935900709349106,0.03352263882960005,0.017207559022614224,0.5252251385298202,0.4747748614701798
Gwh,2022,4,56012.267,96211.79,709.319,55661.313,21085.378,45930.451,11601.071,5318.442,152933.376,139596.65500000003,292530.031,0.19147527113207735,0.3288954288594048,0.00242477327054329,0.19027555157234438,0.07207936199890533,0.15701106256676942,0.03965770953615357,0.018180841063801752,0.5227954732620255,0.47720452673797453
Gwh,2022,5,62827.66,115854.46399999999,377.645,63398.893,23073.677,42017.661,13459.792,5707.53,179059.769,147657.55299999999,326717.322,0.1922997520162093,0.3546015353296756,0.0011558768836872383,0.1940481533452334,0.0706227538189726,0.12860555033565071,0.041197056579693685,0.017469321690877473,0.5480571642295722,0.4519428357704278
Gwh,2022,6,73112.527,135294.725,721.547,61061.213,25895.077,33967.805,13223.013,5532.005,209128.799,139679.113,348807.912,0.20960684802356203,0.3878774544540721,0.0020686084666565706,0.1750568461875945,0.0742387890559088,0.09738255306548206,0.03790915442307972,0.01585974632364417,0.5995529109442908,0.4004470890557093
Gwh,2022,7,84235.08,168826.23,915.328,66399.936,23769.401,28498.483,13296.282,7071.685,253976.638,139035.787,393012.42500000005,0.21433184968643165,0.42956970126326155,0.00232900524709874,0.1689512386281426,0.06048002426386392,0.07251293136597398,0.033831709010217675,0.017993540535009803,0.6462305561967919,0.353769443803208
