unit,year,month,coal,gas,oil,nuclear,hydro,wind,solar,other,fossil,low.carbon,total.prod,coal.perc,gas.perc,oil.perc,nuclear.perc,hydro.perc,wind.perc,solar.perc,other.perc,fossil.perc,low.carbon.perc
Gwh,2022,1,87552.96,37909.066,70880.423,121950.708,7046.906,25362.667,6532.893,3712.164,196342.44900000002,164605.33800000002,360947.787,0.2425640581639028,0.10502645359064079,0.19637306434018945,0.33786246208513254,0.019523338980881464,0.07026685829216624,0.018099274286449633,0.01028449026063706,0.5439635760947331,0.456036423905267
Gwh,2022,2,71718.315,38155.054,62033.319,102117.959,8108.634,21635.079,5946.844,2336.009,171906.68800000002,140144.52500000002,312051.21300000005,0.22982866918065784,0.1222717695380341,0.19879210980666814,0.32724743486255886,0.0259849462594462,0.06933182150456822,0.019057269295088428,0.007485979552978054,0.5508925485253602,0.4491074514746398
Gwh,2022,3,61337.275,43554.903,63402.03,100878.573,10432.288,25226.914,5349.9929999999995,1005.2239999999999,168294.20799999998,142892.99199999997,311187.19999999995,0.19710731996688813,0.13996367138494129,0.2037424097135101,0.32417327255105616,0.033524155235176774,0.08106668269131893,0.01719220135018407,0.0032302871069247066,0.5408134010653395,0.4591865989346605
Gwh,2022,4,55874.353,46107.182,55614.319,95876.598,11657.795,20946.418,5318.195,709.466,157595.854,134508.47199999998,292104.326,0.19128218251721477,0.15784491325883343,0.19039197317468007,0.32822724439897544,0.039909696510280375,0.07170868808016216,0.018206491745007568,0.0024288103148462103,0.5395190689507282,0.4604809310492717
Gwh,2022,5,63274.382,41981.375,63553.045,116876.145,13501.475,23272.744,5736.653,384.044,168808.802,159771.061,328579.863,0.19256926283397957,0.1277661224175506,0.19341734584629733,0.35570087568026043,0.04109039086184049,0.07082827227303336,0.0174589305249056,0.0011687995621326313,0.5137527310978275,0.48624726890217246
Gwh,2022,6,21543.169,8534.093,20090.179,43204.140999999996,5150.6720000000005,7576.072,2318.951,216.07399999999998,50167.441000000006,58465.909999999996,108633.351,0.19831082077179044,0.07855868314326418,0.18493564651246008,0.3977060506952418,0.04741335835253762,0.06973983523715475,0.0213465844388801,0.0019890208486710494,0.46180515042751474,0.5381948495724853
