unit,year,month,coal,gas,oil,nuclear,hydro,wind,solar,other,fossil,low.carbon,total.prod,coal.perc,gas.perc,oil.perc,nuclear.perc,hydro.perc,wind.perc,solar.perc,other.perc,fossil.perc,low.carbon.perc
Gwh,2022,1,86925.084,121586.388,3654.016,70905.783,25382.008,38007.320999999996,6942.27,6497.622,212165.488,147735.004,359900.49199999997,0.2415253269506506,0.3378333475576355,0.010152850805216461,0.19701496545884134,0.07052507169120514,0.10560508208474469,0.019289415142005422,0.01805394030970094,0.5895115253135026,0.4104884746864975
Gwh,2022,2,72055.962,102210.63,2380.291,62083.393000000004,21637.139,38193.895,8025.307,5978.01,176646.883,135917.744,312564.627,0.23053140303045233,0.3270063889859169,0.007615356295579795,0.19862578051738403,0.0692245287244228,0.12219519325198624,0.02567567250660133,0.019125676687656665,0.565153148311949,0.4348468516880511
Gwh,2022,3,61641.603,100965.656,1037.285,63509.64,25189.95,43420.125,10444.658,5361.364,163644.54400000002,147925.737,311570.281,0.19784172868528496,0.3240541930891027,0.003329216755432461,0.20383728446809082,0.08084837205638364,0.13935900709349106,0.03352263882960005,0.017207559022614224,0.5252251385298202,0.4747748614701798
Gwh,2022,4,56012.267,96211.79,709.319,55661.313,21085.378,45930.451,11601.071,5318.442,152933.376,139596.65500000003,292530.031,0.19147527113207735,0.3288954288594048,0.00242477327054329,0.19027555157234438,0.07207936199890533,0.15701106256676942,0.03965770953615357,0.018180841063801752,0.5227954732620255,0.47720452673797453
Gwh,2022,5,62827.66,115854.46399999999,377.645,63398.893,23073.677,42017.661,13459.792,5707.53,179059.769,147657.55299999999,326717.322,0.1922997520162093,0.3546015353296756,0.0011558768836872383,0.1940481533452334,0.0706227538189726,0.12860555033565071,0.041197056579693685,0.017469321690877473,0.5480571642295722,0.4519428357704278
Gwh,2022,6,38000.983,71834.497,410.937,34629.989,14002.649,17292.728,7216.156,3134.075,110246.41700000002,76275.597,186522.01400000002,0.20373457365734854,0.3851261063479617,0.002203155494557334,0.18566167208552659,0.07507236652505798,0.09271145871285733,0.03868795883793105,0.01680270833875941,0.5910638354998676,0.4089361645001323
