unit,year,month,coal,gas,oil,nuclear,hydro,wind,solar,other,fossil,low.carbon,total.prod,coal.perc,gas.perc,oil.perc,nuclear.perc,hydro.perc,wind.perc,solar.perc,other.perc,fossil.perc,low.carbon.perc
Gwh,2022,1,87552.96,121950.708,3712.164,70880.423,25362.667,37909.066,7046.906,6532.893,213215.832,147731.955,360947.787,0.2425640581639028,0.33786246208513254,0.01028449026063706,0.19637306434018945,0.07026685829216624,0.10502645359064079,0.019523338980881464,0.018099274286449633,0.5907110105096723,0.40928898949032755
Gwh,2022,2,71718.315,102117.959,2336.009,62033.319,21635.079,38155.054,8108.634,5946.844,176172.283,135878.93,312051.213,0.22982866918065786,0.3272474348625589,0.007485979552978056,0.1987921098066682,0.06933182150456824,0.12227176953803412,0.025984946259446202,0.01905726929508843,0.5645620835961949,0.43543791640380514
Gwh,2022,3,61337.275,100878.573,1005.2239999999999,63402.03,25226.914,43557.064,10432.288,5349.9929999999995,163221.072,147968.289,311189.361,0.19710595118963598,0.324171021386557,0.0032302646747618085,0.20374099486003958,0.0810661197379431,0.13996964375655505,0.03352392243255386,0.017192081961953706,0.5245072372509547,0.4754927627490453
Gwh,2022,4,52834.187,90438.4,669.28,52259.151,19848.294,43087.659999999996,10739.078,4975.578,143941.867,130909.761,274851.628,0.1922280300264403,0.3290444399332428,0.002435059253132748,0.1901358612290992,0.07221457680432586,0.15676698120194504,0.03907227356863245,0.01810277798318153,0.5237075292128158,0.47629247078718406
