unit,year,month,coal,gas,oil,nuclear,hydro,wind,solar,other,fossil,low.carbon,total.prod,coal.perc,gas.perc,oil.perc,nuclear.perc,hydro.perc,wind.perc,solar.perc,other.perc,fossil.perc,low.carbon.perc
Gwh,2022,1,86925.084,121586.388,3654.016,70905.783,25382.008,38007.320999999996,6942.27,6497.622,212165.488,147735.004,359900.49199999997,0.2415253269506506,0.3378333475576355,0.010152850805216461,0.19701496545884134,0.07052507169120514,0.10560508208474469,0.019289415142005422,0.01805394030970094,0.5895115253135026,0.4104884746864975
Gwh,2022,2,72055.962,102210.63,2380.291,62083.393000000004,21637.139,38193.895,8025.307,5978.01,176646.883,135917.744,312564.627,0.23053140303045233,0.3270063889859169,0.007615356295579795,0.19862578051738403,0.0692245287244228,0.12219519325198624,0.02567567250660133,0.019125676687656665,0.565153148311949,0.4348468516880511
Gwh,2022,3,61641.603,100965.656,1037.285,63509.64,25189.95,43420.125,10444.658,5361.364,163644.54400000002,147925.737,311570.281,0.19784172868528496,0.3240541930891027,0.003329216755432461,0.20383728446809082,0.08084837205638364,0.13935900709349106,0.03352263882960005,0.017207559022614224,0.5252251385298202,0.4747748614701798
Gwh,2022,4,56012.267,96211.79,709.319,55661.313,21085.378,45930.451,11601.071,5318.442,152933.376,139596.65500000003,292530.031,0.19147527113207735,0.3288954288594048,0.00242477327054329,0.19027555157234438,0.07207936199890533,0.15701106256676942,0.03965770953615357,0.018180841063801752,0.5227954732620255,0.47720452673797453
Gwh,2022,5,62827.66,115854.46399999999,377.645,63398.893,23073.677,42017.661,13459.792,5707.53,179059.769,147657.55299999999,326717.322,0.1922997520162093,0.3546015353296756,0.0011558768836872383,0.1940481533452334,0.0706227538189726,0.12860555033565071,0.041197056579693685,0.017469321690877473,0.5480571642295722,0.4519428357704278
Gwh,2022,6,71877.426,131478.324,719.423,57935.687,25825.886,33891.135,12834.173,5241.382,204075.173,135728.263,339803.436,0.21152648379929864,0.38692464545885286,0.002117174000559547,0.17049764911735618,0.07600242747398234,0.0997374699883847,0.03776940324994242,0.015424746911623342,0.600568303258711,0.39943169674128903
Gwh,2022,7,78399.422,157045.719,855.221,61962.777,22239.247,26963.909,12433.653,6558.628,236300.362,130158.214,366458.576,0.21393801955940583,0.4285497168989709,0.002333745356255491,0.1690853511366589,0.06068693286632211,0.07357969158293078,0.03392921823720671,0.017897324362249337,0.6448214818146322,0.35517851818536783
