unit,year,month,coal,gas,oil,nuclear,hydro,wind,solar,other,fossil,low.carbon,total.prod,coal.perc,gas.perc,oil.perc,nuclear.perc,hydro.perc,wind.perc,solar.perc,other.perc,fossil.perc,low.carbon.perc
Gwh,2022,1,87552.96,37909.066,70880.423,121950.708,7046.906,25362.667,6532.893,3712.164,196342.44900000002,164605.33800000002,360947.787,0.2425640581639028,0.10502645359064079,0.19637306434018945,0.33786246208513254,0.019523338980881464,0.07026685829216624,0.018099274286449633,0.01028449026063706,0.5439635760947331,0.456036423905267
Gwh,2022,2,71718.315,38155.054,62033.319,102117.959,8108.634,21635.079,5946.844,2336.009,171906.68800000002,140144.52500000002,312051.21300000005,0.22982866918065784,0.1222717695380341,0.19879210980666814,0.32724743486255886,0.0259849462594462,0.06933182150456822,0.019057269295088428,0.007485979552978054,0.5508925485253602,0.4491074514746398
Gwh,2022,3,61337.275,43554.903,63402.03,100878.573,10432.288,25226.914,5349.9929999999995,1005.2239999999999,168294.20799999998,142892.99199999997,311187.19999999995,0.19710731996688813,0.13996367138494129,0.2037424097135101,0.32417327255105616,0.033524155235176774,0.08106668269131893,0.01719220135018407,0.0032302871069247066,0.5408134010653395,0.4591865989346605
Gwh,2022,4,55883.187,46104.899,55614.319,95870.713,11657.795,20946.716,5318.1939999999995,709.466,157602.405,134502.884,292105.289,0.1913117944262899,0.1578365772076109,0.19039134549871162,0.328206015468621,0.03990956493773038,0.07170947185417105,0.01820642829921508,0.0024288023076501023,0.5395397171326124,0.46046028286738755
Gwh,2022,5,25938.634000000002,18583.118,26208.135,48385.428,5373.598,9125.997,2414.9,182.121,70729.887,65482.044,136211.931,0.1904285021845847,0.1364279756080985,0.1924070439908821,0.35522165822610646,0.03945027399985982,0.06699851424909319,0.017728990274721235,0.0013370414666539013,0.5192635217835653,0.4807364782164346
