unit,year,month,coal,gas,oil,nuclear,hydro,wind,solar,other,fossil,low.carbon,total.prod,coal.perc,gas.perc,oil.perc,nuclear.perc,hydro.perc,wind.perc,solar.perc,other.perc,fossil.perc,low.carbon.perc
Gwh,2022,1,87552.96,121950.708,3712.164,70880.423,25362.667,37909.066,7046.906,6532.893,213215.832,147731.955,360947.787,0.2425640581639028,0.33786246208513254,0.01028449026063706,0.19637306434018945,0.07026685829216624,0.10502645359064079,0.019523338980881464,0.018099274286449633,0.5907110105096723,0.40928898949032755
Gwh,2022,2,71718.315,102117.959,2336.009,62033.319,21635.079,38155.054,8108.634,5946.844,176172.283,135878.93,312051.213,0.22982866918065786,0.3272474348625589,0.007485979552978056,0.1987921098066682,0.06933182150456824,0.12227176953803412,0.025984946259446202,0.01905726929508843,0.5645620835961949,0.43543791640380514
Gwh,2022,3,61337.275,100878.573,1005.2239999999999,63402.03,25226.914,43554.903,10432.288,5349.9929999999995,163221.072,147966.128,311187.19999999995,0.19710731996688813,0.32417327255105616,0.0032302871069247066,0.2037424097135101,0.08106668269131893,0.13996367138494129,0.033524155235176774,0.01719220135018407,0.524510879624869,0.4754891203751312
Gwh,2022,4,55863.289,95851.587,709.466,55614.319,20946.893,46104.893,11657.804,5318.139,152424.34199999998,139642.04799999998,292066.38999999996,0.1912691460321744,0.32818424263058826,0.0024291257888317793,0.1904167028599217,0.07171962854062051,0.1578575782033667,0.03991491112688455,0.01820866481761219,0.5218825144515944,0.4781174855484056
Gwh,2022,5,15943.905,28906.32,145.089,16103.286,5297.243,10812.751,3206.652,1462.193,44995.314,36882.125,81877.439,0.19472891671660617,0.35304377314488306,0.0017720266018579306,0.19667549689725886,0.06469722385918789,0.13206020036850444,0.039164048597074466,0.01785831381462725,0.5495447164633471,0.4504552835366529
