unit,year,month,coal,gas,oil,nuclear,hydro,wind,solar,other,fossil,low.carbon,total.prod,coal.perc,gas.perc,oil.perc,nuclear.perc,hydro.perc,wind.perc,solar.perc,other.perc,fossil.perc,low.carbon.perc
Gwh,2022,1,87552.96,121950.708,3712.164,70880.423,25362.667,37909.066,7046.906,6532.893,213215.832,147731.955,360947.787,0.2425640581639028,0.33786246208513254,0.01028449026063706,0.19637306434018945,0.07026685829216624,0.10502645359064079,0.019523338980881464,0.018099274286449633,0.5907110105096723,0.40928898949032755
Gwh,2022,2,71718.315,102117.959,2336.009,62033.319,21635.079,38155.054,8108.634,5946.844,176172.283,135878.93,312051.213,0.22982866918065786,0.3272474348625589,0.007485979552978056,0.1987921098066682,0.06933182150456824,0.12227176953803412,0.025984946259446202,0.01905726929508843,0.5645620835961949,0.43543791640380514
Gwh,2022,3,61337.275,100878.573,1005.2239999999999,63402.03,25226.914,43554.903,10432.288,5349.9929999999995,163221.072,147966.128,311187.19999999995,0.19710731996688813,0.32417327255105616,0.0032302871069247066,0.2037424097135101,0.08106668269131893,0.13996367138494129,0.033524155235176774,0.01719220135018407,0.524510879624869,0.4754891203751312
Gwh,2022,4,55688.865,95762.059,709.466,55614.319,20871.383,46067.45,11576.565,5295.507,152160.38999999998,139425.22400000002,291585.614,0.19098632554622533,0.32841832519213376,0.0024331310117377738,0.19073066821465343,0.07157891884199748,0.1579894473120337,0.039702113013024024,0.018161070868194476,0.5218377817500969,0.4781622182499031
Gwh,2022,5,5876.375,11188.199,70.835,6262.073,2036.4360000000001,4524.207,1179.689,564.574,17135.409,14566.979000000001,31702.388,0.18536064223300783,0.35291344614165976,0.002234374268588221,0.197526855074766,0.06423604430051137,0.14270871329945242,0.03721136086026075,0.01780856382175374,0.5405084626432558,0.4594915373567443
