unit,year,month,coal,gas,oil,nuclear,hydro,wind,solar,other,fossil,low.carbon,total.prod,coal.perc,gas.perc,oil.perc,nuclear.perc,hydro.perc,wind.perc,solar.perc,other.perc,fossil.perc,low.carbon.perc
Gwh,2022,1,87552.96,121950.708,3712.164,70880.423,25362.667,37909.066,7046.906,6532.893,213215.832,147731.955,360947.787,0.2425640581639028,0.33786246208513254,0.01028449026063706,0.19637306434018945,0.07026685829216624,0.10502645359064079,0.019523338980881464,0.018099274286449633,0.5907110105096723,0.40928898949032755
Gwh,2022,2,71718.315,102117.959,2336.009,62033.319,21635.079,38155.054,8108.634,5946.844,176172.283,135878.93,312051.213,0.22982866918065786,0.3272474348625589,0.007485979552978056,0.1987921098066682,0.06933182150456824,0.12227176953803412,0.025984946259446202,0.01905726929508843,0.5645620835961949,0.43543791640380514
Gwh,2022,3,61337.275,100878.573,1005.2239999999999,63402.03,25226.914,43554.903,10432.288,5349.9929999999995,163221.072,147966.128,311187.19999999995,0.19710731996688813,0.32417327255105616,0.0032302871069247066,0.2037424097135101,0.08106668269131893,0.13996367138494129,0.033524155235176774,0.01719220135018407,0.524510879624869,0.4754891203751312
Gwh,2022,4,55874.358,95876.598,709.466,55614.319,20946.418,46107.182,11657.795,5318.1939999999995,152460.422,139643.908,292104.32999999996,0.1912821970150186,0.3282272399043178,0.0024288102815867197,0.1903919705675024,0.07170868709820222,0.15784491109734664,0.03990969596376747,0.018206488072258293,0.5219382472009231,0.47806175279907703
Gwh,2022,5,41080.688,77056.202,225.94,40674.281,14478.47,27578.997,8658.873,3717.681,118362.83000000002,95108.30200000001,213471.13200000004,0.19244142107233494,0.36096778650145533,0.001058410089847652,0.19053761798574242,0.06782401847196837,0.12919309857784422,0.04056226675183414,0.017415380548972775,0.554467617663638,0.44553238233636194
