nuclear,hydro,fossil,P_BS,renewables,total.prod,low.carbon,nuclear.perc,hydro.perc,fossil.perc,P_BS.perc,renewables.perc,low.carbon.perc,year,month,unit
39759.1369921875,28594.256747558615,122419.10357226562,14939.531294189466,109.14865592289716,205821.1772621241,83402.07368985847,0.19317320754390666,0.1389276707476137,0.5947838079672357,0.07258500555150933,0.000530308189734483,0.40521619203276416,2022,1,Gwh
35944.21795703125,25047.913046386733,108622.334609375,13522.86704248048,228.7422883911729,183366.07494366463,74743.74033428963,0.19602436256583644,0.1366005846723947,0.5923796680642639,0.07374792227316365,0.001247462424341303,0.40762033193573605,2022,2,Gwh
1361.8932265624999,914.3143620605478,3672.684060546875,479.9564622802737,10.550077435791493,6439.398188885988,2766.714128339113,0.21149386737925996,0.14198754840764452,0.5703458541957703,0.07453436613201674,0.0016383638853084577,0.42965414580422967,2022,3,Gwh
