unit,year,month,coal,gas,oil,nuclear,hydro,wind,solar,other,fossil,low.carbon,total.prod,coal.perc,gas.perc,oil.perc,nuclear.perc,hydro.perc,wind.perc,solar.perc,other.perc,fossil.perc,low.carbon.perc
Gwh,2022,1,0.0,1512.57775,0.0,0.0,2223.762871,993.7695,28.159,186.422,1512.57775,3432.113371,4944.691120999999,0.0,0.30589933991551344,0.0,0.0,0.44972735739867065,0.20097706321421815,0.005694794540433338,0.0377014449311646,0.30589933991551344,0.6941006600844868
Gwh,2022,2,0.0,1317.88775,0.0,0.0,2009.9,957.921498,46.703,157.564,1317.88775,3172.088498,4489.976248,0.0,0.2935177553749946,0.0,0.0,0.44764156623217843,0.21334667381073416,0.010401614044351177,0.03509239053774166,0.2935177553749946,0.7064822446250054
Gwh,2022,3,0.0,1563.2275,0.0,0.0,2066.221242,539.343,81.596,150.104,1563.2275,2837.264242,4400.491742,0.0,0.35523927589272586,0.0,0.0,0.469543260876775,0.12256425681982337,0.018542473156173918,0.03411073325450181,0.35523927589272586,0.6447607241072741
Gwh,2022,4,0.0,796.09025,0.0,0.0,2787.8486239999997,720.8715,76.678,125.007,796.09025,3710.405124,4506.495374,0.0,0.17665395921473767,0.0,0.0,0.6186289772057357,0.15996277376851023,0.017014995830771266,0.02773929398024497,0.17665395921473767,0.8233460407852623
Gwh,2022,5,0.0,153.0945,0.0,0.0,466.51925,18.032,12.357,19.17,153.0945,516.07825,669.17275,0.0,0.22878173087592107,0.0,0.0,0.697158170293097,0.026946703971433388,0.018466083683174487,0.02864731117637412,0.22878173087592107,0.7712182691240791
