unit,year,month,coal,gas,oil,nuclear,hydro,wind,solar,other,fossil,low.carbon,total.prod,coal.perc,gas.perc,oil.perc,nuclear.perc,hydro.perc,wind.perc,solar.perc,other.perc,fossil.perc,low.carbon.perc
Gwh,2022,1,0.0,1512.57775,0.0,0.0,2222.9379980000003,992.693,28.159,186.422,1512.57775,3430.211998,4942.789747999999,0.0,0.3060170120754244,0.0,0.0,0.4497334726607515,0.20083658229680382,0.0056969851916913875,0.037715947775329085,0.3060170120754244,0.6939829879245757
Gwh,2022,2,0.0,1317.88775,0.0,0.0,2007.495876,955.710502,46.703,157.564,1317.88775,3167.473378,4485.3611280000005,0.0,0.29381976442722674,0.0,0.0,0.4475661643982571,0.2130732564729178,0.010412316571001414,0.035128498130596895,0.29381976442722674,0.7061802355727732
Gwh,2022,3,0.0,1575.39125,0.0,0.0,2130.9725,539.4185,81.596,150.104,1575.39125,2902.091,4477.48225,0.0,0.3518475701383294,0.0,0.0,0.47593097661079503,0.1204736210847067,0.018223634499053572,0.033524197667115264,0.3518475701383294,0.6481524298616705
Gwh,2022,4,0.0,796.09025,0.0,0.0,2785.31275,720.836,76.678,125.007,796.09025,3707.83375,4503.924,0.0,0.17675481424642156,0.0,0.0,0.6184191274097876,0.1600462174761386,0.017024710008428205,0.02775513085922409,0.17675481424642156,0.8232451857535784
Gwh,2022,5,0.0,600.77375,0.0,0.0,3709.47088,391.578,88.635,111.431,600.77375,4301.11488,4901.8886299999995,0.0,0.12255964901430248,0.0,0.0,0.7567431983863738,0.07988308783751377,0.018081806154784063,0.022732258607025924,0.12255964901430248,0.8774403509856976
Gwh,2022,6,0.0,31.58275,0.0,0.0,732.569376,68.715,20.083,21.501,31.58275,842.868376,874.451126,0.0,0.03611722720796176,0.0,0.0,0.8377476501757057,0.07858072104535205,0.022966406472441317,0.024587995098539105,0.03611722720796176,0.9638827727920382
