unit,year,month,coal,gas,oil,nuclear,hydro,wind,solar,other,fossil,low.carbon,total.prod,coal.perc,gas.perc,oil.perc,nuclear.perc,hydro.perc,wind.perc,solar.perc,other.perc,fossil.perc,low.carbon.perc
Gwh,2022,1,0.0,1512.57775,0.0,0.0,2223.762871,994.106001,12.311003000000001,186.422,1512.57775,3416.601875,4929.179625,0.0,0.3068619658996501,0.0,0.0,0.4511425917045983,0.20167777939315815,0.0024975764603019516,0.037820086542291506,0.3068619658996501,0.6931380341003499
Gwh,2022,2,0.0,1317.88775,0.0,0.0,2009.9,958.768498,12.963503000000001,157.564,1317.88775,3139.1960010000003,4457.083751,0.0,0.2956838649720944,0.0,0.0,0.4509450825439515,0.21511116944681347,0.0029085168070022206,0.0353513662301384,0.2956838649720944,0.7043161350279057
Gwh,2022,3,0.0,1563.2275,0.0,0.0,2066.221242,539.343,16.6155,150.104,1563.2275,2772.283742,4335.5112420000005,0.0,0.3605635904841692,0.0,0.0,0.47658075983833414,0.12440124587272375,0.0038324200013687797,0.034621983803404005,0.3605635904841692,0.6394364095158307
Gwh,2022,4,0.0,796.8935,0.0,0.0,2788.6562489999997,720.8715,18.208006,125.007,796.8935,3652.7427549999998,4449.636254999999,0.0,0.17909183005791562,0.0,0.0,0.6267155536290011,0.1620068380173696,0.004092021225227095,0.02809375707048666,0.17909183005791562,0.8209081699420845
