unit,year,month,coal,gas,oil,nuclear,hydro,wind,solar,other,fossil,low.carbon,total.prod,coal.perc,gas.perc,oil.perc,nuclear.perc,hydro.perc,wind.perc,solar.perc,other.perc,fossil.perc,low.carbon.perc
Gwh,2022,1,0.0,1512.57775,0.0,0.0,2222.9379980000003,992.3765,28.159,186.422,1512.57775,3429.8954980000003,4942.473247999999,0.0,0.30603660841504265,0.0,0.0,0.44976227213764386,0.20078540645648835,0.005697350008195735,0.037718362982629546,0.30603660841504265,0.6939633915849575
Gwh,2022,2,0.0,1317.88775,0.0,0.0,2007.495876,955.106503,46.703,157.564,1317.88775,3166.8693789999998,4484.757129,0.0,0.2938593355430731,0.0,0.0,0.4476264418019057,0.21296727459865086,0.010413718883014235,0.0351332291733562,0.2938593355430731,0.7061406644569269
Gwh,2022,3,0.0,1575.36325,0.0,0.0,2131.018,539.4185,81.596,150.104,1575.36325,2902.1365,4477.49975,0.0,0.351839941476267,0.0,0.0,0.4759392783885694,0.12047315022183977,0.01822356327323078,0.03352406664009306,0.351839941476267,0.648160058523733
Gwh,2022,4,0.0,772.28,0.0,0.0,2808.7589980000002,736.1339989999999,76.678,125.007,772.28,3746.577997,4518.857996999999,0.0,0.17090158631067956,0.0,0.0,0.6215638995216696,0.1629026624622212,0.016968446463886528,0.02766340524154338,0.17090158631067956,0.8290984136893206
Gwh,2022,5,0.0,595.097,0.0,0.0,3811.6873769999997,391.578,88.635,111.431,595.097,4403.331377,4998.428377,0.0,0.11905682248810584,0.0,0.0,0.7625771721646097,0.07834022425965431,0.017732573784161678,0.022293207303468378,0.11905682248810584,0.8809431775118942
Gwh,2022,6,0.0,129.423,0.0,0.0,3706.982247,473.54449900000003,98.494,106.076,129.423,4385.096745999999,4514.519745999999,0.0,0.028668165670262643,0.0,0.0,0.8211243843344573,0.10489365993350118,0.02181716008380928,0.02349662997796976,0.028668165670262643,0.9713318343297374
Gwh,2022,7,0.0,220.3865,0.0,0.0,3109.532253,506.358001,111.873,107.92,220.3865,3835.683254,4056.069754,0.0,0.05433498765218721,0.0,0.0,0.7666367793437114,0.12483956926545499,0.027581626250306347,0.02660703748834,0.05433498765218721,0.9456650123478128
