unit,year,month,coal,gas,oil,nuclear,hydro,wind,solar,other,fossil,low.carbon,total.prod,coal.perc,gas.perc,oil.perc,nuclear.perc,hydro.perc,wind.perc,solar.perc,other.perc,fossil.perc,low.carbon.perc
Gwh,2022,1,0.0,1512.57775,0.0,0.0,2223.4356230000003,992.3765,28.159,186.422,1512.57775,3430.3931230000003,4942.970872999999,0.0,0.30600579871149086,0.0,0.0,0.4498176663643878,0.2007651927347297,0.005696776437387679,0.03771456575200419,0.30600579871149086,0.6939942012885093
Gwh,2022,2,0.0,1317.88775,0.0,0.0,2007.9996270000001,955.106503,46.703,157.564,1317.88775,3167.37313,4485.26088,0.0,0.29382633145744697,0.0,0.0,0.4476884802740839,0.21294335570509781,0.01041254929189314,0.03512928327147829,0.29382633145744697,0.7061736685425531
Gwh,2022,3,0.0,1575.36325,0.0,0.0,2131.5435,539.4185,81.596,150.104,1575.36325,2902.662,4478.02525,0.0,0.3517986527655243,0.0,0.0,0.4760007773515793,0.12045901259712638,0.018221424722873105,0.03352013256289701,0.3517986527655243,0.6482013472344758
Gwh,2022,4,0.0,772.28275,0.0,0.0,2809.480997,736.1339989999999,76.678,125.007,772.28275,3747.2999959999997,4519.582745999999,0.0,0.17087478942243048,0.0,0.0,0.6216239761262246,0.1628765397981719,0.016965725446195873,0.027658969206977326,0.17087478942243048,0.8291252105775696
Gwh,2022,5,0.0,600.77375,0.0,0.0,3710.596255,391.578,88.635,111.431,600.77375,4302.240255,4903.014005,0.0,0.1225315182431342,0.0,0.0,0.7567990324351521,0.0798647524972754,0.018077655888727163,0.022727040935711134,0.1225315182431342,0.8774684817568658
Gwh,2022,6,0.0,129.423,0.0,0.0,3707.0161209999997,473.54449900000003,98.494,106.076,129.423,4385.130619999999,4514.553619999999,0.0,0.028667950564733802,0.0,0.0,0.8211257264898763,0.10489287288606845,0.021816996383354513,0.0234964536759672,0.028667950564733802,0.9713320494352663
Gwh,2022,7,0.0,17.60925,0.0,0.0,708.8936239999999,88.7035,20.73,20.946,17.60925,839.2731239999999,856.8823739999999,0.0,0.02055037019585141,0.0,0.0,0.827293973489995,0.10351887574244818,0.024192351983190637,0.02444442858851477,0.02055037019585141,0.9794496298041486
