unit,year,month,coal,gas,oil,nuclear,hydro,wind,solar,other,fossil,low.carbon,total.prod,coal.perc,gas.perc,oil.perc,nuclear.perc,hydro.perc,wind.perc,solar.perc,other.perc,fossil.perc,low.carbon.perc
Gwh,2022,1,0.0,1512.57775,0.0,0.0,2223.4356230000003,993.449998,28.159,186.422,1512.57775,3431.4666210000005,4944.044371,0.0,0.30593935581813164,0.0,0.0,0.44971999766868603,0.2009387302078483,0.005695539499032542,0.037706376806301525,0.30593935581813164,0.6940606441818684
Gwh,2022,2,0.0,1317.88775,0.0,0.0,2007.9996270000001,956.5794989999999,46.703,157.564,1317.88775,3168.8461260000004,4486.733876,0.0,0.29372986818975755,0.0,0.0,0.44754150401943743,0.21320174662393993,0.01040913084901673,0.035117750317848355,0.29372986818975755,0.7062701318102425
Gwh,2022,3,0.0,1563.2275,0.0,0.0,2061.680492,539.343,81.596,150.104,1563.2275,2832.723492,4395.950992000001,0.0,0.35560621645802,0.0,0.0,0.46899533132920773,0.12269085824239777,0.018561626403136203,0.03414596756723806,0.35560621645802,0.6443937835419798
Gwh,2022,4,0.0,796.09025,0.0,0.0,2785.815251,720.8715,76.678,125.007,796.09025,3708.371751,4504.462001,0.0,0.17673370311998776,0.0,0.0,0.6184568213432688,0.16003498305457234,0.01702267662219757,0.027751815859973553,0.17673370311998776,0.8232662968800123
Gwh,2022,5,0.0,531.0605,0.0,0.0,3243.2945040000004,348.16,76.18,97.318,531.0605,3764.9525040000003,4296.013004,0.0,0.1236170606340185,0.0,0.0,0.7549545359802641,0.08104258522398085,0.017732720997135975,0.022653097164600667,0.1236170606340185,0.8763829393659814
