unit,year,month,coal,gas,oil,nuclear,hydro,wind,solar,other,fossil,low.carbon,total.prod,coal.perc,gas.perc,oil.perc,nuclear.perc,hydro.perc,wind.perc,solar.perc,other.perc,fossil.perc,low.carbon.perc
Gwh,2022,1,0.0,1512.57775,0.0,0.0,2222.9379980000003,992.3765,28.159,186.422,1512.57775,3429.8954980000003,4942.473247999999,0.0,0.30603660841504265,0.0,0.0,0.44976227213764386,0.20078540645648835,0.005697350008195735,0.037718362982629546,0.30603660841504265,0.6939633915849575
Gwh,2022,2,0.0,1317.88775,0.0,0.0,2007.495876,955.106503,46.703,157.564,1317.88775,3166.8693789999998,4484.757129,0.0,0.2938593355430731,0.0,0.0,0.4476264418019057,0.21296727459865086,0.010413718883014235,0.0351332291733562,0.2938593355430731,0.7061406644569269
Gwh,2022,3,0.0,1575.36325,0.0,0.0,2131.018,539.4185,81.596,150.104,1575.36325,2902.1365,4477.49975,0.0,0.351839941476267,0.0,0.0,0.4759392783885694,0.12047315022183977,0.01822356327323078,0.03352406664009306,0.351839941476267,0.648160058523733
Gwh,2022,4,0.0,772.28275,0.0,0.0,2808.633498,736.1339989999999,76.678,125.007,772.28275,3746.4524969999998,4518.735247,0.0,0.1709068373750643,0.0,0.0,0.6215530108484801,0.16290708766102666,0.01696890740631612,0.027664156709112906,0.1709068373750643,0.8290931626249357
Gwh,2022,5,0.0,600.77375,0.0,0.0,3709.47088,391.578,88.635,111.431,600.77375,4301.11488,4901.8886299999995,0.0,0.12255964901430248,0.0,0.0,0.7567431983863738,0.07988308783751377,0.018081806154784063,0.022732258607025924,0.12255964901430248,0.8774403509856976
Gwh,2022,6,0.0,129.423,0.0,0.0,3706.982247,473.54449900000003,98.494,106.076,129.423,4385.096745999999,4514.519745999999,0.0,0.028668165670262643,0.0,0.0,0.8211243843344573,0.10489365993350118,0.02181716008380928,0.02349662997796976,0.028668165670262643,0.9713318343297374
Gwh,2022,7,0.0,219.65725,0.0,0.0,3015.886003,462.013001,107.735,104.49,219.65725,3690.1240040000002,3909.781254,0.0,0.05618146789549265,0.0,0.0,0.7713694979519691,0.11816850380755342,0.027555250025760137,0.026725280319224734,0.05618146789549265,0.9438185321045074
