unit,year,month,coal,gas,oil,nuclear,hydro,wind,solar,other,fossil,low.carbon,total.prod,coal.perc,gas.perc,oil.perc,nuclear.perc,hydro.perc,wind.perc,solar.perc,other.perc,fossil.perc,low.carbon.perc
Gwh,2022,1,0.0,1512.57775,0.0,0.0,2223.592996,993.7695,28.159,186.422,1512.57775,3431.943496,4944.521245999999,0.0,0.30590984945683863,0.0,0.0,0.44970845211734783,0.20098396802398938,0.00569499019197864,0.03770274020984559,0.30590984945683863,0.6940901505431615
Gwh,2022,2,0.0,1317.88775,0.0,0.0,2007.9996270000001,957.921498,46.703,157.564,1317.88775,3170.188125,4488.075875,0.0,0.29364203875006906,0.0,0.0,0.44740768269654085,0.21343701057638648,0.010406018369731772,0.035107249607271844,0.29364203875006906,0.7063579612499309
Gwh,2022,3,0.0,1563.2275,0.0,0.0,2066.002867,539.343,81.596,150.104,1563.2275,2837.0458670000003,4400.273367000001,0.0,0.3552569055648855,0.0,0.0,0.4695169355826978,0.12257033938955272,0.018543393374587127,0.03411242608827671,0.3552569055648855,0.6447430944351144
Gwh,2022,4,0.0,796.09025,0.0,0.0,2787.20475,720.8715,76.678,125.007,796.09025,3709.76125,4505.8515,0.0,0.1766792025880125,0.0,0.0,0.6185744803174272,0.1599856320165012,0.017017427227683825,0.027743257850375232,0.1766792025880125,0.8233207974119876
Gwh,2022,5,0.0,436.34925,0.0,0.0,2292.843879,219.333,54.173,72.633,436.34925,2638.982879,3075.3321290000004,0.0,0.14188687000187092,0.0,0.0,0.7455597583684593,0.07132010163445991,0.01761533315024915,0.023617936844960524,0.14188687000187092,0.858113129998129
