unit,year,month,coal,gas,oil,nuclear,hydro,wind,solar,other,fossil,low.carbon,total.prod,coal.perc,gas.perc,oil.perc,nuclear.perc,hydro.perc,wind.perc,solar.perc,other.perc,fossil.perc,low.carbon.perc
Gwh,2022,1,0.0,1512.57775,0.0,0.0,2223.762871,994.106001,12.311003000000001,186.422,1512.57775,3416.601875,4929.179625,0.0,0.3068619658996501,0.0,0.0,0.4511425917045983,0.20167777939315815,0.0024975764603019516,0.037820086542291506,0.3068619658996501,0.6931380341003499
Gwh,2022,2,0.0,1266.0865,0.0,0.0,1893.970004,955.993498,12.963503000000001,157.564,1266.0865,3020.491005,4286.577505,0.0,0.2953606924226137,0.0,0.0,0.4418373403468882,0.22302022928196186,0.003024208237195982,0.036757529711340185,0.2953606924226137,0.7046393075773862
Gwh,2022,3,0.0,1563.17775,0.0,0.0,2066.176992,539.343,16.6155,150.104,1563.17775,2772.239492,4335.417242,0.0,0.3605599329302109,0.0,0.0,0.47658088637550333,0.12440394312571217,0.003832503095442549,0.034622734473131016,0.3605599329302109,0.6394400670697891
Gwh,2022,4,0.0,649.70525,0.0,0.0,2280.2074989999996,645.9115,14.948006,104.743,649.70525,3045.810005,3695.515255,0.0,0.17580911054850998,0.0,0.0,0.6170201830218124,0.17478252839738315,0.004044904422942234,0.02834327360935221,0.17580911054850998,0.82419088945149
