unit,year,month,coal,oil,gas,nuclear,hydro,wind,solar,other,fossil,low.carbon,total.prod,coal.perc,oil.perc,gas.perc,nuclear.perc,hydro.perc,wind.perc,solar.perc,other.perc,fossil.perc,low.carbon.perc
Gwh,2022,1,0.0,0.0,1512.57775,0.0,2223.4356230000003,993.7695,12.311003000000001,186.422,1512.57775,3415.938126,4928.515876,0.0,0.0,0.30690329260491556,0.0,0.4511369505427155,0.20163666405931244,0.0024979128219815437,0.03782517997107492,0.30690329260491556,0.6930967073950843
Gwh,2022,2,0.0,0.0,1266.026,0.0,1893.276379,955.1464980000001,12.963503000000001,157.564,1266.026,3018.9503799999998,4284.97638,0.0,0.0,0.29545693785131205,0.0,0.4418405636579028,0.22290589569130834,0.0030253382633581754,0.036771264536118634,0.29545693785131205,0.7045430621486879
Gwh,2022,3,0.0,0.0,1563.209125,0.0,2059.778617,539.587,16.6155,150.104,1563.209125,2766.085117,4329.294242000001,0.0,0.0,0.3610771265752188,0.0,0.4757769977880842,0.12463625012254362,0.0038379234746410192,0.03467170203951224,0.3610771265752188,0.638922873424781
Gwh,2022,4,0.0,0.0,48.69575,0.0,156.815375,85.9175,1.1815,9.136,48.69575,253.050375,301.746125,0.0,0.0,0.16137986858986175,0.0,0.5196930863652349,0.28473439385509924,0.003915543240199025,0.030277107949604982,0.16137986858986175,0.8386201314101382
