unit,year,month,coal,gas,oil,nuclear,hydro,wind,solar,other,fossil,low.carbon,total.prod,coal.perc,gas.perc,oil.perc,nuclear.perc,hydro.perc,wind.perc,solar.perc,other.perc,fossil.perc,low.carbon.perc
Gwh,2022,1,0.0,1512.57775,0.0,0.0,2223.762871,994.838002,12.311003000000001,186.422,1512.57775,3417.3338759999997,4929.911626,0.0,0.3068164025543122,0.0,0.0,0.4510756053459527,0.20179631552689417,0.002497205616237146,0.037814470956603716,0.3068164025543122,0.6931835974456877
Gwh,2022,2,0.0,1266.0865,0.0,0.0,1893.970004,956.651503,12.963503000000001,157.564,1266.0865,3021.14901,4287.2355099999995,0.0,0.2953153604570699,0.0,0.0,0.441769527142212,0.22313948015419385,0.003023744081649483,0.036751888164874805,0.2953153604570699,0.7046846395429301
Gwh,2022,3,0.0,1563.17775,0.0,0.0,2066.176992,539.343,16.6155,150.104,1563.17775,2772.239492,4335.417242,0.0,0.3605599329302109,0.0,0.0,0.47658088637550333,0.12440394312571217,0.003832503095442549,0.034622734473131016,0.3605599329302109,0.6394400670697891
Gwh,2022,4,0.0,724.5375,0.0,0.0,2491.342625,681.535,16.220005999999998,112.815,724.5375,3301.912631,4026.450131,0.0,0.1799444861918743,0.0,0.0,0.6187441900295574,0.16926448306233846,0.004028363812361842,0.028018476903868054,0.1799444861918743,0.8200555138081257
