unit,year,month,coal,gas,oil,nuclear,hydro,wind,solar,other,fossil,low.carbon,total.prod,coal.perc,gas.perc,oil.perc,nuclear.perc,hydro.perc,wind.perc,solar.perc,other.perc,fossil.perc,low.carbon.perc
Gwh,2022,1,0.0,1512.57775,0.0,0.0,2222.9379980000003,993.449998,28.159,186.422,1512.57775,3430.968996,4943.546746,0.0,0.3059701521430703,0.0,0.0,0.4496646056393942,0.20095895700871766,0.0056961128207767935,0.037710172388041176,0.3059701521430703,0.6940298478569298
Gwh,2022,2,0.0,1317.88775,0.0,0.0,2007.495876,956.5794989999999,46.703,157.564,1317.88775,3168.342375,4486.230125,0.0,0.2937628506072234,0.0,0.0,0.4474794694130854,0.21322568667829983,0.01041029967226659,0.03512169362912474,0.2937628506072234,0.7062371493927767
Gwh,2022,3,0.0,1575.39125,0.0,0.0,2130.9725,539.642,81.596,150.104,1575.39125,2902.3145,4477.70575,0.0,0.35183000803480663,0.0,0.0,0.475907221013797,0.1205175217241553,0.018222724885394715,0.03352252434184627,0.35183000803480663,0.6481699919651933
Gwh,2022,4,0.0,796.09025,0.0,0.0,2785.31275,720.8715,76.678,125.007,796.09025,3707.86925,4503.9595,0.0,0.17675342107316905,0.0,0.0,0.6184142530588919,0.16005283795291675,0.01702457582045309,0.027754912094569234,0.17675342107316905,0.823246578926831
Gwh,2022,5,0.0,600.77375,0.0,0.0,3709.47088,391.77,88.635,111.431,600.77375,4301.30688,4902.0806299999995,0.0,0.1225548487153301,0.0,0.0,0.7567135589934187,0.07991912609564727,0.0180810979439153,0.02273136825168867,0.1225548487153301,0.87744515128467
Gwh,2022,6,0.0,41.40225,0.0,0.0,1606.715998,219.0515,36.138,42.629,41.40225,1904.534498,1945.9367479999999,0.0,0.021276256816955906,0.0,0.0,0.8256774017199453,0.11256866402525023,0.018571004446646073,0.021906672991202487,0.021276256816955906,0.9787237431830441
