unit,year,month,coal,gas,oil,nuclear,hydro,wind,solar,other,fossil,low.carbon,total.prod,coal.perc,gas.perc,oil.perc,nuclear.perc,hydro.perc,wind.perc,solar.perc,other.perc,fossil.perc,low.carbon.perc
Gwh,2022,1,0.0,1512.57775,0.0,0.0,2223.592996,994.371502,12.311003000000001,186.422,1512.57775,3416.6975009999996,4929.275251,0.0,0.30685601289827424,0.0,0.0,0.4510993772459553,0.2017277289999726,0.0024975280083015194,0.037819352847496324,0.30685601289827424,0.6931439871017256
Gwh,2022,2,0.0,1266.0865,0.0,0.0,1893.345254,956.556003,12.963503000000001,157.564,1266.0865,3020.4287600000002,4286.51526,0.0,0.2953649813905013,0.0,0.0,0.44169800855905506,0.22315469442653985,0.003024252152084955,0.03675806347181883,0.2953649813905013,0.7046350186094987
Gwh,2022,3,0.0,1563.17775,0.0,0.0,2065.9586170000002,539.343,16.6155,150.104,1563.17775,2772.0211170000002,4335.198867000001,0.0,0.36057809525165657,0.0,0.0,0.4765545204226498,0.12441020966893508,0.003832696148377176,0.03462447850838119,0.36057809525165657,0.6394219047483433
Gwh,2022,4,0.0,616.25125,0.0,0.0,2188.8127489999997,621.154,14.301006,100.792,616.25125,2925.0597549999998,3541.311005,0.0,0.17401782817999065,0.0,0.0,0.6180797862457155,0.17540227309123335,0.004038336644199935,0.02846177583886056,0.17401782817999065,0.8259821718200093
