unit,year,month,coal,gas,oil,nuclear,hydro,wind,solar,other,fossil,low.carbon,total.prod,coal.perc,gas.perc,oil.perc,nuclear.perc,hydro.perc,wind.perc,solar.perc,other.perc,fossil.perc,low.carbon.perc
Gwh,2022,1,0.0,1512.57775,0.0,0.0,2222.9379980000003,993.449998,28.159,186.422,1512.57775,3430.968996,4943.546746,0.0,0.3059701521430703,0.0,0.0,0.4496646056393942,0.20095895700871766,0.0056961128207767935,0.037710172388041176,0.3059701521430703,0.6940298478569298
Gwh,2022,2,0.0,1317.88775,0.0,0.0,2007.495876,956.5794989999999,46.703,157.564,1317.88775,3168.342375,4486.230125,0.0,0.2937628506072234,0.0,0.0,0.4474794694130854,0.21322568667829983,0.01041029967226659,0.03512169362912474,0.2937628506072234,0.7062371493927767
Gwh,2022,3,0.0,1575.36325,0.0,0.0,2131.018,539.642,81.596,150.104,1575.36325,2902.36,4477.72325,0.0,0.3518223798221563,0.0,0.0,0.475915522470041,0.12051705071321682,0.01822265366668206,0.03352239332790387,0.3518223798221563,0.6481776201778437
Gwh,2022,4,0.0,772.28275,0.0,0.0,2808.633498,736.2285,76.678,125.007,772.28275,3746.5469980000003,4518.829748,0.0,0.1709032632490318,0.0,0.0,0.6215400124873215,0.16292459354678038,0.016968552540386612,0.027663578176479686,0.1709032632490318,0.8290967367509683
Gwh,2022,5,0.0,600.77375,0.0,0.0,3709.47088,391.77,88.635,111.431,600.77375,4301.30688,4902.0806299999995,0.0,0.1225548487153301,0.0,0.0,0.7567135589934187,0.07991912609564727,0.0180810979439153,0.02273136825168867,0.1225548487153301,0.87744515128467
Gwh,2022,6,0.0,129.423,0.0,0.0,3706.982247,473.7835,98.494,106.076,129.423,4385.335746999999,4514.758747,0.0,0.02866664804315401,0.0,0.0,0.8210809158879736,0.10494104481547838,0.02181600513326388,0.023495386120130152,0.02866664804315401,0.9713333519568459
Gwh,2022,7,0.0,67.68225,0.0,0.0,1555.781004,295.123501,48.288,48.946,67.68225,1948.138505,2015.820755,0.0,0.03357552988385617,0.0,0.0,0.7717853882301157,0.1464036424210743,0.02395451077692669,0.024280928688027125,0.03357552988385617,0.9664244701161439
