unit,year,month,coal,gas,oil,nuclear,hydro,wind,solar,other,fossil,low.carbon,total.prod,coal.perc,gas.perc,oil.perc,nuclear.perc,hydro.perc,wind.perc,solar.perc,other.perc,fossil.perc,low.carbon.perc
Gwh,2022,1,0.0,1512.57775,0.0,0.0,2222.9379980000003,992.3765,28.159,186.422,1512.57775,3429.8954980000003,4942.473247999999,0.0,0.30603660841504265,0.0,0.0,0.44976227213764386,0.20078540645648835,0.005697350008195735,0.037718362982629546,0.30603660841504265,0.6939633915849575
Gwh,2022,2,0.0,1317.88775,0.0,0.0,2007.495876,955.106503,46.703,157.564,1317.88775,3166.8693789999998,4484.757129,0.0,0.2938593355430731,0.0,0.0,0.4476264418019057,0.21296727459865086,0.010413718883014235,0.0351332291733562,0.2938593355430731,0.7061406644569269
Gwh,2022,3,0.0,1575.39125,0.0,0.0,2130.9725,539.4185,81.596,150.104,1575.39125,2902.091,4477.48225,0.0,0.3518475701383294,0.0,0.0,0.47593097661079503,0.1204736210847067,0.018223634499053572,0.033524197667115264,0.3518475701383294,0.6481524298616705
Gwh,2022,4,0.0,796.09025,0.0,0.0,2785.31275,720.7769989999999,76.678,125.007,796.09025,3707.7747489999997,4503.864998999999,0.0,0.17675712974895055,0.0,0.0,0.6184272287509567,0.16003521401286122,0.017024933033522305,0.02775549445370932,0.17675712974895055,0.8232428702510495
Gwh,2022,5,0.0,600.77375,0.0,0.0,3709.47088,391.578,88.635,111.431,600.77375,4301.11488,4901.8886299999995,0.0,0.12255964901430248,0.0,0.0,0.7567431983863738,0.07988308783751377,0.018081806154784063,0.022732258607025924,0.12255964901430248,0.8774403509856976
Gwh,2022,6,0.0,32.289,0.0,0.0,739.515626,68.715,20.083,21.501,32.289,849.8146260000001,882.1036260000001,0.0,0.03660454287714265,0.0,0.0,0.8383545925929567,0.07789901092641013,0.022767166360111977,0.024374687243378365,0.03660454287714265,0.9633954571228573
