unit,year,month,coal,gas,oil,nuclear,hydro,wind,solar,other,fossil,low.carbon,total.prod,coal.perc,gas.perc,oil.perc,nuclear.perc,hydro.perc,wind.perc,solar.perc,other.perc,fossil.perc,low.carbon.perc
Gwh,2022,1,0.0,1512.57775,0.0,0.0,2223.4356230000003,992.693,28.159,186.422,1512.57775,3430.709623,4943.287373,0.0,0.30598620631720247,0.0,0.0,0.44978886623996406,0.2008163647175444,0.005696411694331815,0.03771215103095727,0.30598620631720247,0.6940137936827975
Gwh,2022,2,0.0,1317.88775,0.0,0.0,2007.9996270000001,955.710502,46.703,157.564,1317.88775,3167.9771290000003,4485.864879000001,0.0,0.2937867692291674,0.0,0.0,0.44762820128626524,0.2130493288984329,0.01041114729483585,0.03512455329129854,0.2937867692291674,0.7062132307708325
Gwh,2022,3,0.0,1575.36325,0.0,0.0,2131.5435,539.4185,81.596,150.104,1575.36325,2902.662,4478.02525,0.0,0.3517986527655243,0.0,0.0,0.4760007773515793,0.12045901259712638,0.018221424722873105,0.03352013256289701,0.3517986527655243,0.6482013472344758
Gwh,2022,4,0.0,772.28275,0.0,0.0,2809.480997,736.193,76.678,125.007,772.28275,3747.358997,4519.641747,0.0,0.17087255876256513,0.0,0.0,0.6216158612272418,0.16288746790354844,0.016965503969622486,0.02765860813702233,0.17087255876256513,0.8291274412374349
Gwh,2022,5,0.0,600.77375,0.0,0.0,3710.596255,391.578,88.635,111.431,600.77375,4302.240255,4903.014005,0.0,0.1225315182431342,0.0,0.0,0.7567990324351521,0.0798647524972754,0.018077655888727163,0.022727040935711134,0.1225315182431342,0.8774684817568658
Gwh,2022,6,0.0,129.423,0.0,0.0,3707.0161209999997,473.558499,98.494,106.076,129.423,4385.144619999999,4514.567619999999,0.0,0.028667861663350173,0.0,0.0,0.8211231801197388,0.10489564867786831,0.021816928727274223,0.02349638081176864,0.028667861663350173,0.9713321383366499
Gwh,2022,7,0.0,49.94775,0.0,0.0,926.52225,158.311,26.598,27.928,49.94775,1139.35925,1189.307,0.0,0.0419973564437105,0.0,0.0,0.7790438045012767,0.13311197192987176,0.022364284411005735,0.023482582714135208,0.0419973564437105,0.9580026435562895
