unit,year,month,coal,oil,gas,nuclear,hydro,wind,solar,other,fossil,low.carbon,total.prod,coal.perc,oil.perc,gas.perc,nuclear.perc,hydro.perc,wind.perc,solar.perc,other.perc,fossil.perc,low.carbon.perc
Gwh,2022,1,0.0,0.0,1512.57775,0.0,2223.4356230000003,993.7695,12.311003000000001,186.422,1512.57775,3415.938126,4928.515876,0.0,0.0,0.30690329260491556,0.0,0.4511369505427155,0.20163666405931244,0.0024979128219815437,0.03782517997107492,0.30690329260491556,0.6930967073950843
Gwh,2022,2,0.0,0.0,1266.026,0.0,1893.276379,955.1464980000001,12.963503000000001,157.564,1266.026,3018.9503799999998,4284.97638,0.0,0.0,0.29545693785131205,0.0,0.4418405636579028,0.22290589569130834,0.0030253382633581754,0.036771264536118634,0.29545693785131205,0.7045430621486879
Gwh,2022,3,0.0,0.0,1563.182625,0.0,2059.774117,539.587,16.6155,150.104,1563.182625,2766.080617,4329.263242000001,0.0,0.0,0.36107359095998337,0.0,0.4757793651855739,0.12463714258935328,0.003837950956367369,0.03467195030872183,0.36107359095998337,0.6389264090400164
Gwh,2022,4,0.0,0.0,201.48525,0.0,455.86925,122.0635,1.763,31.377,201.48525,611.07275,812.558,0.0,0.0,0.2479641453287027,0.0,0.5610297972575496,0.1502212765119536,0.0021696912712692506,0.03861508963052483,0.2479641453287027,0.7520358546712974
