unit,year,month,coal,gas,oil,nuclear,hydro,wind,solar,other,fossil,low.carbon,total.prod,coal.perc,gas.perc,oil.perc,nuclear.perc,hydro.perc,wind.perc,solar.perc,other.perc,fossil.perc,low.carbon.perc
Gwh,2022,1,0.0,1512.57775,0.0,0.0,2223.4356230000003,992.3765,28.159,186.422,1512.57775,3430.3931230000003,4942.970872999999,0.0,0.30600579871149086,0.0,0.0,0.4498176663643878,0.2007651927347297,0.005696776437387679,0.03771456575200419,0.30600579871149086,0.6939942012885093
Gwh,2022,2,0.0,1317.88775,0.0,0.0,2007.9996270000001,955.106503,46.703,157.564,1317.88775,3167.37313,4485.26088,0.0,0.29382633145744697,0.0,0.0,0.4476884802740839,0.21294335570509781,0.01041254929189314,0.03512928327147829,0.29382633145744697,0.7061736685425531
Gwh,2022,3,0.0,1575.39125,0.0,0.0,2131.498,539.4185,81.596,150.104,1575.39125,2902.6165,4478.00775,0.0,0.3518062803709976,0.0,0.0,0.4759924767883665,0.12045948334948729,0.01822149593198002,0.0335202635591687,0.3518062803709976,0.6481937196290025
Gwh,2022,4,0.0,796.09025,0.0,0.0,2785.815251,720.7769989999999,76.678,125.007,796.09025,3708.27725,4504.3675,0.0,0.17673741096835457,0.0,0.0,0.6184697964808599,0.16001736070602585,0.017023033755571675,0.02775239808918788,0.17673741096835457,0.8232625890316454
Gwh,2022,5,0.0,600.77375,0.0,0.0,3710.596255,391.578,88.635,111.431,600.77375,4302.240255,4903.014005,0.0,0.1225315182431342,0.0,0.0,0.7567990324351521,0.0798647524972754,0.018077655888727163,0.022727040935711134,0.1225315182431342,0.8774684817568658
Gwh,2022,6,0.0,99.27025,0.0,0.0,3468.897997,448.697499,91.826,98.876,99.27025,4108.297496,4207.567746,0.0,0.02359326242444297,0.0,0.0,0.8244425773768636,0.10664058812280856,0.021824009865865152,0.023499562210019854,0.02359326242444297,0.9764067375755572
