unit,year,month,coal,oil,gas,nuclear,hydro,wind,solar,other,fossil,low.carbon,total.prod,coal.perc,oil.perc,gas.perc,nuclear.perc,hydro.perc,wind.perc,solar.perc,other.perc,fossil.perc,low.carbon.perc
Gwh,2022,1,0.0,0.0,1512.57775,0.0,2223.762871,994.371502,12.311003000000001,186.422,1512.57775,3416.8673759999997,4929.4451260000005,0.0,0.0,0.30684543824659255,0.0,0.45111829306526285,0.2017207772037586,0.002497441940283808,0.03781804954410197,0.30684543824659255,0.6931545617534073
Gwh,2022,2,0.0,0.0,1266.0865,0.0,1893.970004,956.556003,12.963503000000001,157.564,1266.0865,3021.05351,4287.14001,0.0,0.0,0.2953219388792483,0.0,0.44177936796610473,0.22312217486920843,0.003023811438339286,0.03675270684709921,0.2953219388792483,0.7046780611207517
Gwh,2022,3,0.0,0.0,1563.17775,0.0,2066.176992,539.343,16.6155,150.104,1563.17775,2772.239492,4335.417242,0.0,0.0,0.3605599329302109,0.0,0.47658088637550333,0.12440394312571217,0.003832503095442549,0.034622734473131016,0.3605599329302109,0.6394400670697891
Gwh,2022,4,0.0,0.0,547.56775,0.0,1949.409999,563.911,12.467006,88.522,547.56775,2614.310005,3161.877755,0.0,0.0,0.17317802661222748,0.0,0.616535536807937,0.17834686970685873,0.00394291208136856,0.02799665479160816,0.17317802661222748,0.8268219733877725
