unit,year,month,coal,gas,oil,nuclear,hydro,wind,solar,other,fossil,low.carbon,total.prod,coal.perc,gas.perc,oil.perc,nuclear.perc,hydro.perc,wind.perc,solar.perc,other.perc,fossil.perc,low.carbon.perc
Gwh,2022,1,0.0,1512.57775,0.0,0.0,2223.4356230000003,993.1669969999999,28.159,186.422,1512.57775,3431.1836200000002,4943.76137,0.0,0.30595686903067487,0.0,0.0,0.4497457414697183,0.20089298869213015,0.00569586553486905,0.037708535272607625,0.30595686903067487,0.6940431309693251
Gwh,2022,2,0.0,1317.88775,0.0,0.0,2007.9996270000001,955.952001,46.703,157.564,1317.88775,3168.218628,4486.106378,0.0,0.2937709539084853,0.0,0.0,0.44760410427342745,0.21309169253944069,0.010410586835174688,0.035122662443471814,0.2937709539084853,0.7062290460915146
Gwh,2022,3,0.0,1575.39125,0.0,0.0,2131.498,539.423,81.596,150.104,1575.39125,2902.621,4478.01225,0.0,0.3518059268372926,0.0,0.0,0.47599199845869117,0.1204603672086873,0.018221477621013657,0.033520229874315334,0.3518059268372926,0.6481940731627075
Gwh,2022,4,0.0,796.09025,0.0,0.0,2785.815251,720.839,76.678,125.007,796.09025,3708.3392510000003,4504.4295010000005,0.0,0.17673497827488807,0.0,0.0,0.6184612835835345,0.16002892260606388,0.01702279944285446,0.02775201609265901,0.17673497827488807,0.8232650217251118
Gwh,2022,5,0.0,600.77375,0.0,0.0,3710.596255,391.77,88.635,111.431,600.77375,4302.432255,4903.206005,0.0,0.12252672014746399,0.0,0.0,0.7567693976586244,0.0799007832019491,0.01807694800292202,0.022726150989040485,0.12252672014746399,0.877473279852536
Gwh,2022,6,0.0,50.86875,0.0,0.0,2371.992375,283.0245,57.019,63.553,50.86875,2775.588875,2826.457625,0.0,0.017997351012824753,0.0,0.0,0.8392103083448844,0.1001339972326668,0.02017330792284565,0.02248503548677826,0.017997351012824753,0.9820026489871753
