unit,year,month,coal,gas,oil,nuclear,hydro,wind,solar,other,fossil,low.carbon,total.prod,coal.perc,gas.perc,oil.perc,nuclear.perc,hydro.perc,wind.perc,solar.perc,other.perc,fossil.perc,low.carbon.perc
Gwh,2022,1,0.0,1512.57775,0.0,0.0,2223.762871,993.7695,12.311003000000001,186.422,1512.57775,3416.2653739999996,4928.843124,0.0,0.3068829159189121,0.0,0.0,0.45117339202212353,0.20162327649688044,0.002497746974346591,0.03782266858773734,0.3068829159189121,0.6931170840810879
Gwh,2022,2,0.0,1317.88775,0.0,0.0,2009.9,957.921498,12.963503000000001,157.564,1317.88775,3138.349001,4456.236751,0.0,0.29574006580872525,0.0,0.0,0.4510307939875432,0.21496198508417175,0.002909069630802477,0.035358085488757275,0.29574006580872525,0.7042599341912748
Gwh,2022,3,0.0,1563.2275,0.0,0.0,2066.221242,539.343,16.6155,150.104,1563.2275,2772.283742,4335.5112420000005,0.0,0.3605635904841692,0.0,0.0,0.47658075983833414,0.12440124587272375,0.0038324200013687797,0.034621983803404005,0.3605635904841692,0.6394364095158307
Gwh,2022,4,0.0,796.09025,0.0,0.0,2787.8486239999997,720.8715,18.208006,125.007,796.09025,3651.93513,4448.02538,0.0,0.17897610332430253,0.0,0.0,0.6267609525195649,0.16206550961721355,0.004093503171512929,0.028103931367406004,0.17897610332430253,0.8210238966756974
Gwh,2022,5,0.0,44.473,0.0,0.0,167.219625,8.609,1.2345,8.058,44.473,185.121125,229.594125,0.0,0.19370269165206208,0.0,0.0,0.7283271076731602,0.037496604061623966,0.005376879743765221,0.03509671686938853,0.19370269165206208,0.806297308347938
