unit,year,month,coal,oil,gas,nuclear,hydro,wind,solar,other,fossil,low.carbon,total.prod,coal.perc,oil.perc,gas.perc,nuclear.perc,hydro.perc,wind.perc,solar.perc,other.perc,fossil.perc,low.carbon.perc
Gwh,2022,1,0.0,0.0,1512.57775,0.0,2223.592996,994.838002,12.311003000000001,186.422,1512.57775,3417.1640009999996,4929.7417510000005,0.0,0.0,0.3068269752047707,0.0,0.45105668984565833,0.20180326926825257,0.002497291667966726,0.03781577401335155,0.3068269752047707,0.6931730247952291
Gwh,2022,2,0.0,0.0,1266.0865,0.0,1893.345254,956.651503,12.963503000000001,157.564,1266.0865,3020.52426,4286.61076,0.0,0.0,0.29535840105062394,0.0,0.44168816811349587,0.223172001509183,0.0030241847757597664,0.03675724455093749,0.29535840105062394,0.7046415989493762
Gwh,2022,3,0.0,0.0,1563.17775,0.0,2065.9586170000002,539.343,16.6155,150.104,1563.17775,2772.0211170000002,4335.198867000001,0.0,0.0,0.36057809525165657,0.0,0.4765545204226498,0.12441020966893508,0.003832696148377176,0.03462447850838119,0.36057809525165657,0.6394219047483433
Gwh,2022,4,0.0,0.0,417.13025,0.0,1658.937001,548.747,10.572006,76.224,417.13025,2294.480007,2711.6102570000003,0.0,0.0,0.1538311963982219,0.0,0.6117903547227952,0.2023694218530904,0.003898792598496945,0.02811023442739544,0.1538311963982219,0.846168803601778
