unit,year,month,coal,gas,oil,nuclear,hydro,wind,solar,other,fossil,low.carbon,total.prod,coal.perc,gas.perc,oil.perc,nuclear.perc,hydro.perc,wind.perc,solar.perc,other.perc,fossil.perc,low.carbon.perc
Gwh,2022,1,0.0,2161.044,0.0,4436.916,160.6655,848.520992,99.232,937.873,2161.044,6483.207492,8644.251492,0.0,0.24999781669933857,0.0,0.5132793746348351,0.018586398157051678,0.09816014640310745,0.011479536440122813,0.10849672766554443,0.24999781669933857,0.7500021833006614
Gwh,2022,2,0.0,1154.846,0.0,3670.465,164.2495,1309.1985,221.634,759.099,1154.846,6124.646,7279.492,0.0,0.15864376250430662,0.0,0.5042199373252969,0.02256331897885182,0.1798475085898851,0.030446355322596683,0.10427911727906289,0.15864376250430662,0.8413562374956933
Gwh,2022,3,0.0,1563.745,0.0,3642.111,175.006667,652.483083,559.471,890.456,1563.745,5919.52775,7483.27275,0.0,0.2089653888400633,0.0,0.4867002876515492,0.023386380912014733,0.08719220918414339,0.07476287697785705,0.11899285643437225,0.2089653888400633,0.7910346111599367
Gwh,2022,4,0.0,1105.747,0.0,3650.018,175.065333,832.613917,714.013,813.791,1105.747,6185.50125,7291.24825,0.0,0.15165400519725825,0.0,0.5006026231516668,0.02401033773606598,0.11419360422956386,0.09792740221127433,0.11161202747417084,0.15165400519725825,0.8483459948027419
Gwh,2022,5,0.0,1247.746,0.0,3590.388,160.3205,569.7345,887.554,655.946,1247.746,5863.943,7111.689,0.0,0.17545002319420885,0.0,0.5048572849572022,0.02254323832214823,0.08011240367794487,0.12480213912616257,0.09223491072233334,0.17545002319420885,0.8245499768057911
Gwh,2022,6,0.0,220.723,0.0,684.078,29.971864,150.743,169.542,146.9585,220.723,1181.293364,1402.016364,0.0,0.15743254192145792,0.0,0.48792440485380806,0.021377684861315926,0.10751871652191357,0.12092726187324301,0.10481938996826144,0.15743254192145792,0.8425674580785422
