unit,year,month,coal,gas,oil,nuclear,hydro,wind,solar,other,fossil,low.carbon,total.prod,coal.perc,gas.perc,oil.perc,nuclear.perc,hydro.perc,wind.perc,solar.perc,other.perc,fossil.perc,low.carbon.perc
Gwh,2022,1,0.0,2161.044,0.0,4436.916,159.828,848.612992,2.7935,937.873,2161.044,6386.023491999999,8547.067491999998,0.0,0.2528404042699702,0.0,0.5191155918860972,0.018699747035997787,0.09928703532460653,0.0003268372459460158,0.10973038423738239,0.2528404042699702,0.7471595957300299
Gwh,2022,2,0.0,1154.846,0.0,3670.465,163.8585,1309.2625,3.1515,759.099,1154.846,5905.8365,7060.6825,0.0,0.16356010909710217,0.0,0.5198456381518359,0.0232071757935582,0.18543002039816972,0.000446344953196805,0.10751071160613723,0.16356010909710217,0.8364398909028979
Gwh,2022,3,0.0,1513.196,0.0,3642.111,149.76466699999997,648.639694,4.13,883.116,1513.196,5327.761361,6840.957361,0.0,0.2211965255954765,0.0,0.5323978513246576,0.02189235498730073,0.09481709353984087,0.0006037166703515724,0.1290924578823727,0.2211965255954765,0.7788034744045235
Gwh,2022,4,0.0,922.253,0.0,3199.174,129.992404,762.784306,3.532,709.763,922.253,4805.24571,5727.49871,0.0,0.16102194809573342,0.0,0.5585638970837935,0.02269619088224989,0.13317930646901885,0.0006166740804032411,0.12392198338880116,0.16102194809573342,0.8389780519042667
