unit,year,month,coal,gas,oil,nuclear,hydro,wind,solar,other,fossil,low.carbon,total.prod,coal.perc,gas.perc,oil.perc,nuclear.perc,hydro.perc,wind.perc,solar.perc,other.perc,fossil.perc,low.carbon.perc
Gwh,2022,1,0.0,2160.9845,0.0,4436.916,160.6655,848.612992,99.232,937.873,2160.9845,6483.299491999999,8644.283991999999,0.0,0.24998999361889548,0.0,0.513277444853295,0.018586328277586744,0.09817042022050218,0.011479493280396151,0.10849631974932461,0.24998999361889548,0.7500100063811046
Gwh,2022,2,0.0,1154.846,0.0,3670.465,164.2495,1310.365,221.634,759.099,1154.846,6125.8125,7280.6585,0.0,0.15861834475549155,0.0,0.5041391516989844,0.022559703905903568,0.17997891262170862,0.03044147723725814,0.10426240978065378,0.15861834475549155,0.8413816552445085
Gwh,2022,3,0.0,1563.745,0.0,3642.111,175.191667,654.146583,559.471,890.456,1563.745,5921.37625,7485.12125,0.0,0.20891378346075554,0.0,0.48658009380943557,0.023405321189686804,0.08739291738260084,0.07474441379289613,0.11896347036462503,0.20891378346075554,0.7910862165392445
Gwh,2022,4,0.0,1105.747,0.0,3650.018,175.14633300000003,835.450845,714.013,813.791,1105.747,6188.419178,7294.166178,0.0,0.15159333815769832,0.0,0.5004023641535412,0.024011837504917345,0.11453685378320701,0.09788822773925017,0.11156737866138591,0.15159333815769832,0.8484066618423016
Gwh,2022,5,0.0,1247.746,0.0,3590.388,160.3205,574.5570720000001,887.554,655.958,1247.746,5868.777572,7116.523572,0.0,0.17533083216491593,0.0,0.5045143128769222,0.022527923694482217,0.08073563815071139,0.12471735546441326,0.09217393764855501,0.17533083216491593,0.824669167835084
Gwh,2022,6,0.0,1039.386,0.0,2511.589,140.0575,472.056,715.406,609.529,1039.386,4448.6375,5488.0235,0.0,0.18939168172293722,0.0,0.4576490971658558,0.025520572206004583,0.08601566666031951,0.13035767795090525,0.1110653042939776,0.18939168172293722,0.8106083182770627
