unit,year,month,coal,gas,oil,nuclear,hydro,wind,solar,other,fossil,low.carbon,total.prod,coal.perc,gas.perc,oil.perc,nuclear.perc,hydro.perc,wind.perc,solar.perc,other.perc,fossil.perc,low.carbon.perc
Gwh,2022,1,0.0,2161.044,0.0,4436.916,159.828,848.612992,2.7935,937.873,2161.044,6386.023491999999,8547.067491999998,0.0,0.2528404042699702,0.0,0.5191155918860972,0.018699747035997787,0.09928703532460653,0.0003268372459460158,0.10973038423738239,0.2528404042699702,0.7471595957300299
Gwh,2022,2,0.0,1154.846,0.0,3670.465,163.8585,1309.2625,3.1515,759.099,1154.846,5905.8365,7060.6825,0.0,0.16356010909710217,0.0,0.5198456381518359,0.0232071757935582,0.18543002039816972,0.000446344953196805,0.10751071160613723,0.16356010909710217,0.8364398909028979
Gwh,2022,3,0.0,1513.196,0.0,3642.111,149.76466699999997,648.639694,4.13,883.116,1513.196,5327.761361,6840.957361,0.0,0.2211965255954765,0.0,0.5323978513246576,0.02189235498730073,0.09481709353984087,0.0006037166703515724,0.1290924578823727,0.2211965255954765,0.7788034744045235
Gwh,2022,4,0.0,985.684,0.0,3306.26,137.676333,776.006306,3.764,749.483,985.684,4973.189639,5958.873639,0.0,0.16541448262115094,0.0,0.5548464693664568,0.023104422302048414,0.1302270115145833,0.0006316630000953776,0.1257759511956652,0.16541448262115094,0.834585517378849
