unit,year,month,coal,gas,oil,nuclear,hydro,wind,solar,other,fossil,low.carbon,total.prod,coal.perc,gas.perc,oil.perc,nuclear.perc,hydro.perc,wind.perc,solar.perc,other.perc,fossil.perc,low.carbon.perc
Gwh,2022,1,0.0,2161.044,0.0,4436.916,159.341,848.612992,2.7935,937.873,2161.044,6385.536491999999,8546.580492,0.0,0.2528548115849185,0.0,0.5191451720548542,0.018643830728459255,0.09929269288393663,0.0003268558697381774,0.10973663687809332,0.2528548115849185,0.7471451884150815
Gwh,2022,2,0.0,1154.846,0.0,3670.465,163.4985,1309.2625,3.1515,759.099,1154.846,5905.4765,7060.3225,0.0,0.163568448891676,0.0,0.5198721446506162,0.02315736993600505,0.1854394753214177,0.00044636771195650057,0.10751619348832862,0.163568448891676,0.836431551108324
Gwh,2022,3,0.0,1513.196,0.0,3642.111,148.59116699999998,648.639694,4.13,883.116,1513.196,5326.587861,6839.783861,0.0,0.22123447622784465,0.0,0.5324891946903584,0.0217245413041861,0.094833361284777,0.00060382024986915,0.12911460624296472,0.22123447622784465,0.7787655237721554
Gwh,2022,4,0.0,862.611,0.0,3092.658,124.135833,739.035306,3.508,688.487,862.611,4647.824139,5510.435139,0.0,0.1565413580308544,0.0,0.561236621426096,0.02252741024414406,0.13411559837978884,0.0006366103422889776,0.12494240157682762,0.1565413580308544,0.8434586419691457
