unit,year,month,coal,gas,oil,nuclear,hydro,wind,solar,other,fossil,low.carbon,total.prod,coal.perc,gas.perc,oil.perc,nuclear.perc,hydro.perc,wind.perc,solar.perc,other.perc,fossil.perc,low.carbon.perc
Gwh,2022,1,0.0,2161.044,0.0,4436.916,160.6655,848.612992,99.232,937.873,2161.044,6483.299491999999,8644.343491999998,0.0,0.2499951560231221,0.0,0.5132739119062301,0.01858620034577405,0.09816974450232781,0.011479414265737512,0.10849557295680867,0.2499951560231221,0.7500048439768779
Gwh,2022,2,0.0,1154.846,0.0,3670.465,164.2495,1310.365,221.634,759.099,1154.846,6125.8125,7280.6585,0.0,0.15861834475549155,0.0,0.5041391516989844,0.022559703905903568,0.17997891262170862,0.03044147723725814,0.10426240978065378,0.15861834475549155,0.8413816552445085
Gwh,2022,3,0.0,1563.745,0.0,3642.111,175.006667,654.146583,559.471,890.456,1563.745,5921.19125,7484.93625,0.0,0.20891894703846006,0.0,0.48659212027356946,0.023381183373472284,0.08739507741298398,0.07474626119895143,0.11896641070256277,0.20891894703846006,0.79108105296154
Gwh,2022,4,0.0,1105.747,0.0,3650.018,175.065333,835.450845,714.013,813.791,1105.747,6188.338178,7294.085178,0.0,0.15159502158476165,0.0,0.5004079210658211,0.024000999265544908,0.11453812570215641,0.09788931477706964,0.11156861760464624,0.15159502158476165,0.8484049784152383
Gwh,2022,5,0.0,1247.746,0.0,3590.388,160.3205,576.627072,887.554,655.958,1247.746,5870.847572,7118.593572,0.0,0.1752798481019953,0.0,0.504367606281428,0.022521372849631204,0.08100294899094712,0.1246810891818674,0.09214713459413103,0.1752798481019953,0.8247201518980047
Gwh,2022,6,0.0,744.314,0.0,2093.594,103.2335,417.829,569.388,477.247,744.314,3661.2915,4405.6055,0.0,0.16894703804051453,0.0,0.4752114096461883,0.02343230686451613,0.09484031196165886,0.1292417126317824,0.10832722085533987,0.16894703804051453,0.8310529619594855
