unit,year,month,coal,gas,oil,nuclear,hydro,wind,solar,other,fossil,low.carbon,total.prod,coal.perc,gas.perc,oil.perc,nuclear.perc,hydro.perc,wind.perc,solar.perc,other.perc,fossil.perc,low.carbon.perc
Gwh,2022,1,0.0,2161.044,0.0,4436.916,159.341,848.612992,2.7935,937.873,2161.044,6385.536491999999,8546.580492,0.0,0.2528548115849185,0.0,0.5191451720548542,0.018643830728459255,0.09929269288393663,0.0003268558697381774,0.10973663687809332,0.2528548115849185,0.7471451884150815
Gwh,2022,2,0.0,1154.846,0.0,3670.465,163.4985,1309.2625,3.1515,759.099,1154.846,5905.4765,7060.3225,0.0,0.163568448891676,0.0,0.5198721446506162,0.02315736993600505,0.1854394753214177,0.00044636771195650057,0.10751619348832862,0.163568448891676,0.836431551108324
Gwh,2022,3,0.0,1513.196,0.0,3642.111,148.59116699999998,648.639694,4.13,883.116,1513.196,5326.587861,6839.783861,0.0,0.22123447622784465,0.0,0.5324891946903584,0.0217245413041861,0.094833361284777,0.00060382024986915,0.12911460624296472,0.22123447622784465,0.7787655237721554
Gwh,2022,4,0.0,799.9815,0.0,2985.498,118.53626200000001,717.040306,3.103,650.4345,799.9815,4474.612068,5274.593568,0.0,0.15166694640765163,0.0,0.566014795549836,0.022473060809677915,0.13594228574314296,0.0005882917726259207,0.12331461971706555,0.15166694640765163,0.8483330535923485
