unit,year,month,coal,gas,oil,nuclear,hydro,wind,solar,other,fossil,low.carbon,total.prod,coal.perc,gas.perc,oil.perc,nuclear.perc,hydro.perc,wind.perc,solar.perc,other.perc,fossil.perc,low.carbon.perc
Gwh,2022,1,0.0,2161.044,0.0,4436.916,159.828,848.520992,99.232,937.873,2161.044,6482.369992,8643.413991999998,0.0,0.2500220401336991,0.0,0.5133291086261325,0.018491304494720542,0.09816965758962343,0.011480648745026585,0.10850724041079812,0.2500220401336991,0.7499779598663011
Gwh,2022,2,0.0,1154.846,0.0,3670.465,163.8585,1309.1985,221.634,759.099,1154.846,6124.255,7279.101,0.0,0.1586522841213496,0.0,0.5042470217132583,0.022510815552634865,0.17985716917514952,0.03044799076149651,0.10428471867611125,0.1586522841213496,0.8413477158786504
Gwh,2022,3,0.0,1563.745,0.0,3642.111,154.406667,652.489194,559.471,890.456,1563.745,5898.9338609999995,7462.678860999999,0.0,0.2095420463785652,0.0,0.4880433779662812,0.02069051474356348,0.0874336422822523,0.07496919141513626,0.11932122721420159,0.2095420463785652,0.7904579536214348
Gwh,2022,4,0.0,1101.568,0.0,3650.018,155.297333,833.2683059999999,714.013,815.211,1101.568,6167.807639000001,7269.375639000001,0.0,0.15153543505031133,0.0,0.5021088716915045,0.02136322852362094,0.11462721798685685,0.09822205309756452,0.11214319365014175,0.15153543505031133,0.8484645649496887
Gwh,2022,5,0.0,663.3855,0.0,1977.656,79.6035,288.856,514.605,346.502,663.3855,3207.2225,3870.608,0.0,0.17139051539189706,0.0,0.510941950205239,0.020566148780760022,0.07462806876852422,0.132951980670737,0.0895213361828426,0.17139051539189706,0.8286094846081028
