unit,year,month,coal,gas,oil,nuclear,hydro,wind,solar,other,fossil,low.carbon,total.prod,coal.perc,gas.perc,oil.perc,nuclear.perc,hydro.perc,wind.perc,solar.perc,other.perc,fossil.perc,low.carbon.perc
Gwh,2022,1,0.0,2161.044,0.0,4436.916,159.828,848.520992,99.232,937.873,2161.044,6482.369992,8643.413991999998,0.0,0.2500220401336991,0.0,0.5133291086261325,0.018491304494720542,0.09816965758962343,0.011480648745026585,0.10850724041079812,0.2500220401336991,0.7499779598663011
Gwh,2022,2,0.0,1154.846,0.0,3670.465,163.8585,1309.1985,221.634,759.099,1154.846,6124.255,7279.101,0.0,0.1586522841213496,0.0,0.5042470217132583,0.022510815552634865,0.17985716917514952,0.03044799076149651,0.10428471867611125,0.1586522841213496,0.8413477158786504
Gwh,2022,3,0.0,1563.745,0.0,3642.111,155.329667,652.483083,559.471,890.456,1563.745,5899.85075,7463.59575,0.0,0.2095163045238617,0.0,0.48798342273561635,0.020811639885506928,0.08742208244598455,0.07495998158796315,0.11930656882106724,0.2095163045238617,0.7904836954761382
Gwh,2022,4,0.0,1105.747,0.0,3650.018,174.306833,832.613917,714.013,813.791,1105.747,6184.74275,7290.48975,0.0,0.15166978322684016,0.0,0.5006547056732369,0.023908796113457264,0.11420548489215009,0.09793759054390003,0.11162363955041567,0.15166978322684016,0.8483302167731599
Gwh,2022,5,0.0,883.9165,0.0,2437.965,106.7945,359.7565,615.829,425.426667,883.9165,3945.771667,4829.688166999999,0.0,0.1830173024502019,0.0,0.5047872483068326,0.02211209011995826,0.0744885565196781,0.12750906035876167,0.08808574224456758,0.1830173024502019,0.8169826975497982
