unit,year,month,coal,gas,oil,nuclear,hydro,wind,solar,other,fossil,low.carbon,total.prod,coal.perc,gas.perc,oil.perc,nuclear.perc,hydro.perc,wind.perc,solar.perc,other.perc,fossil.perc,low.carbon.perc
Gwh,2022,1,0.0,2160.9845,0.0,4436.916,160.6655,848.612992,99.232,937.873,2160.9845,6483.299491999999,8644.283991999999,0.0,0.24998999361889548,0.0,0.513277444853295,0.018586328277586744,0.09817042022050218,0.011479493280396151,0.10849631974932461,0.24998999361889548,0.7500100063811046
Gwh,2022,2,0.0,1154.846,0.0,3670.465,164.2495,1310.365,221.634,759.099,1154.846,6125.8125,7280.6585,0.0,0.15861834475549155,0.0,0.5041391516989844,0.022559703905903568,0.17997891262170862,0.03044147723725814,0.10426240978065378,0.15861834475549155,0.8413816552445085
Gwh,2022,3,0.0,1563.745,0.0,3642.111,175.006667,655.3595829999999,559.471,890.456,1563.745,5922.40425,7486.14925,0.0,0.20888509536461616,0.0,0.4865132765019345,0.023377394860248077,0.08754294913369512,0.07473414987017524,0.11894713426933079,0.20888509536461616,0.7911149046353837
Gwh,2022,4,0.0,1105.747,0.0,3650.018,175.065333,835.450845,714.013,813.791,1105.747,6188.338178,7294.085178,0.0,0.15159502158476165,0.0,0.5004079210658211,0.024000999265544908,0.11453812570215641,0.09788931477706964,0.11156861760464624,0.15159502158476165,0.8484049784152383
Gwh,2022,5,0.0,1247.746,0.0,3590.388,160.3205,576.627072,887.554,655.958,1247.746,5870.847572,7118.593572,0.0,0.1752798481019953,0.0,0.504367606281428,0.022521372849631204,0.08100294899094712,0.1246810891818674,0.09214713459413103,0.1752798481019953,0.8247201518980047
Gwh,2022,6,0.0,803.44,0.0,2188.907,109.905,436.4055,602.159,496.762,803.44,3834.1385,4637.5785,0.0,0.1732455849534407,0.0,0.47199351989405686,0.023698790219939137,0.09410201897391064,0.12984340858057714,0.10711667737807566,0.1732455849534407,0.8267544150465594
