unit,year,month,coal,gas,oil,nuclear,hydro,wind,solar,other,fossil,low.carbon,total.prod,coal.perc,gas.perc,oil.perc,nuclear.perc,hydro.perc,wind.perc,solar.perc,other.perc,fossil.perc,low.carbon.perc
Gwh,2022,1,0.0,2161.044,0.0,4436.916,160.6655,848.612992,99.232,937.873,2161.044,6483.299491999999,8644.343491999998,0.0,0.2499951560231221,0.0,0.5132739119062301,0.01858620034577405,0.09816974450232781,0.011479414265737512,0.10849557295680867,0.2499951560231221,0.7500048439768779
Gwh,2022,2,0.0,1154.846,0.0,3670.465,164.2495,1310.365,221.634,759.099,1154.846,6125.8125,7280.6585,0.0,0.15861834475549155,0.0,0.5041391516989844,0.022559703905903568,0.17997891262170862,0.03044147723725814,0.10426240978065378,0.15861834475549155,0.8413816552445085
Gwh,2022,3,0.0,1563.745,0.0,3642.111,175.006667,654.146583,559.471,890.456,1563.745,5921.19125,7484.93625,0.0,0.20891894703846006,0.0,0.48659212027356946,0.023381183373472284,0.08739507741298398,0.07474626119895143,0.11896641070256277,0.20891894703846006,0.79108105296154
Gwh,2022,4,0.0,1105.747,0.0,3650.018,175.065333,835.448917,714.013,813.791,1105.747,6188.33625,7294.08325,0.0,0.15159506165493794,0.0,0.500408053335558,0.02400100560958089,0.11453789165348505,0.09788934065154796,0.11156864709489024,0.15159506165493794,0.8484049383450621
Gwh,2022,5,0.0,1247.746,0.0,3590.388,160.3205,576.948,887.554,655.946,1247.746,5871.1565,7118.9025,0.0,0.17527224175355682,0.0,0.5043457190205934,0.022520395524450575,0.08104451493752021,0.12467567858950168,0.0921414501743773,0.17527224175355682,0.8247277582464432
Gwh,2022,6,0.0,698.99,0.0,1884.242,88.7575,358.8915,515.433,432.721,698.99,3280.045,3979.035,0.0,0.17566822106364988,0.0,0.4735424543890667,0.022306287831094725,0.09019561275535401,0.12953718678021178,0.10875023718062295,0.17566822106364988,0.8243317789363502
