unit,year,month,coal,gas,oil,nuclear,hydro,wind,solar,other,fossil,low.carbon,total.prod,coal.perc,gas.perc,oil.perc,nuclear.perc,hydro.perc,wind.perc,solar.perc,other.perc,fossil.perc,low.carbon.perc
Gwh,2022,1,0.0,2161.044,0.0,4436.916,159.828,848.520992,99.232,937.873,2161.044,6482.369992,8643.413991999998,0.0,0.2500220401336991,0.0,0.5133291086261325,0.018491304494720542,0.09816965758962343,0.011480648745026585,0.10850724041079812,0.2500220401336991,0.7499779598663011
Gwh,2022,2,0.0,1154.846,0.0,3670.465,163.8585,1305.2015,221.634,759.099,1154.846,6120.258,7275.104,0.0,0.15873944894808376,0.0,0.5045240590375065,0.02252318317373882,0.17940657618090405,0.030464719129788383,0.1043420135299784,0.15873944894808376,0.8412605510519162
Gwh,2022,3,0.0,1563.745,0.0,3642.111,154.406667,648.538194,559.471,890.456,1563.745,5894.9828609999995,7458.727860999999,0.0,0.209653043942851,0.0,0.48830190186235034,0.020701474819500725,0.08695024219760845,0.07500890372007635,0.1193844334576132,0.209653043942851,0.790346956057149
Gwh,2022,4,0.0,1101.568,0.0,3650.018,155.297333,833.2683059999999,714.013,815.211,1101.568,6167.807639000001,7269.375639000001,0.0,0.15153543505031133,0.0,0.5021088716915045,0.02136322852362094,0.11462721798685685,0.09822205309756452,0.11214319365014175,0.15153543505031133,0.8484645649496887
Gwh,2022,5,0.0,346.7525,0.0,1050.083,29.744,66.872,270.05,205.561,346.7525,1622.31,1969.0625,0.0,0.17610030153943818,0.0,0.5332908427233772,0.015105665767338518,0.03396133946992541,0.13714648468497065,0.10439536581495001,0.17610030153943818,0.8238996984605618
