unit,year,month,coal,gas,oil,nuclear,hydro,wind,solar,other,fossil,low.carbon,total.prod,coal.perc,gas.perc,oil.perc,nuclear.perc,hydro.perc,wind.perc,solar.perc,other.perc,fossil.perc,low.carbon.perc
Gwh,2022,1,0.0,2161.044,0.0,4436.916,160.6655,848.612992,99.232,937.873,2161.044,6483.299491999999,8644.343491999998,0.0,0.2499951560231221,0.0,0.5132739119062301,0.01858620034577405,0.09816974450232781,0.011479414265737512,0.10849557295680867,0.2499951560231221,0.7500048439768779
Gwh,2022,2,0.0,1154.846,0.0,3670.465,164.2495,1310.365,221.634,759.099,1154.846,6125.8125,7280.6585,0.0,0.15861834475549155,0.0,0.5041391516989844,0.022559703905903568,0.17997891262170862,0.03044147723725814,0.10426240978065378,0.15861834475549155,0.8413816552445085
Gwh,2022,3,0.0,1563.745,0.0,3642.111,175.006667,653.6960829999999,559.471,890.456,1563.745,5920.74075,7484.48575,0.0,0.20893152211559757,0.0,0.48662140882558297,0.02338259071439878,0.08734014664935395,0.0747507602643241,0.1189735714307426,0.20893152211559757,0.7910684778844024
Gwh,2022,4,0.0,1105.747,0.0,3650.018,175.065333,832.613917,714.013,813.791,1105.747,6185.50125,7291.24825,0.0,0.15165400519725825,0.0,0.5006026231516668,0.02401033773606598,0.11419360422956386,0.09792740221127433,0.11161202747417084,0.15165400519725825,0.8483459948027419
Gwh,2022,5,0.0,1247.746,0.0,3590.388,160.3205,576.948,887.554,655.946,1247.746,5871.1565,7118.9025,0.0,0.17527224175355682,0.0,0.5043457190205934,0.022520395524450575,0.08104451493752021,0.12467567858950168,0.0921414501743773,0.17527224175355682,0.8247277582464432
Gwh,2022,6,0.0,476.063,0.0,1355.563,60.0375,307.079,324.171,307.339,476.063,2354.1895,2830.2525,0.0,0.16820513364090306,0.0,0.4789547929027534,0.021212771651999248,0.10849880001872625,0.11453783717177177,0.10859066461384628,0.16820513364090306,0.8317948663590969
