unit,year,month,coal,gas,oil,nuclear,hydro,wind,solar,other,fossil,low.carbon,total.prod,coal.perc,gas.perc,oil.perc,nuclear.perc,hydro.perc,wind.perc,solar.perc,other.perc,fossil.perc,low.carbon.perc
Gwh,2022,1,0.0,2160.9845,0.0,4436.916,160.6655,848.612992,99.232,937.873,2160.9845,6483.299491999999,8644.283991999999,0.0,0.24998999361889548,0.0,0.513277444853295,0.018586328277586744,0.09817042022050218,0.011479493280396151,0.10849631974932461,0.24998999361889548,0.7500100063811046
Gwh,2022,2,0.0,1154.846,0.0,3670.465,164.2495,1306.7475,221.634,759.099,1154.846,6122.195,7277.041,0.0,0.15869719574206054,0.0,0.5043897650157529,0.02257091859177377,0.1795712707953686,0.030456610042460936,0.10431423981258317,0.15869719574206054,0.8413028042579394
Gwh,2022,3,0.0,1563.745,0.0,3642.111,175.191667,654.1240829999999,559.471,890.456,1563.745,5921.35375,7485.09875,0.0,0.2089144114498155,0.0,0.48658155645575146,0.02340539154543552,0.08739017411092939,0.07474463847253852,0.11896382796552951,0.2089144114498155,0.7910855885501845
Gwh,2022,4,0.0,1105.747,0.0,3650.018,175.827333,835.425845,714.013,813.791,1105.747,6189.075178,7294.822178,0.0,0.15157970585420896,0.0,0.5003573645712519,0.024103032083532715,0.11452312676236423,0.09787942496437368,0.11155734576426847,0.15157970585420896,0.848420294145791
Gwh,2022,5,0.0,1286.52,0.0,3590.388,167.4215,576.627072,887.554,658.8235,1286.52,5880.814072,7167.334072,0.0,0.1794977026431537,0.0,0.5009377216036652,0.023358964200378356,0.08045209923347355,0.12383321205402298,0.09192030026530623,0.1794977026431537,0.8205022973568463
Gwh,2022,6,0.0,1420.237,0.0,3011.142,173.767,532.1355,859.499,775.118,1420.237,5351.6615,6771.8985,0.0,0.20972508669466916,0.0,0.44465255939674814,0.0256600124765603,0.07857995804278518,0.12692142388135322,0.11446095950788394,0.20972508669466916,0.7902749133053308
Gwh,2022,7,0.0,303.5495,0.0,674.289,40.2835,134.791,255.546,208.905,303.5495,1313.8145,1617.364,0.0,0.1876816226897594,0.0,0.4169061509963125,0.024906885524841653,0.0833399284267487,0.15800153830553912,0.12916387405679858,0.1876816226897594,0.8123183773102406
