unit,year,month,coal,gas,oil,nuclear,hydro,wind,solar,other,fossil,low.carbon,total.prod,coal.perc,gas.perc,oil.perc,nuclear.perc,hydro.perc,wind.perc,solar.perc,other.perc,fossil.perc,low.carbon.perc
Gwh,2022,1,0.0,2160.9845,0.0,4436.916,160.6655,848.520992,99.232,937.873,2160.9845,6483.207492,8644.191991999998,0.0,0.24999265425848266,0.0,0.5132829076571025,0.018586526091587535,0.09816082206240753,0.011479615456463362,0.10849747447395662,0.24999265425848266,0.7500073457415175
Gwh,2022,2,0.0,1154.846,0.0,3670.465,164.2495,1309.1985,221.634,759.099,1154.846,6124.646,7279.492,0.0,0.15864376250430662,0.0,0.5042199373252969,0.02256331897885182,0.1798475085898851,0.030446355322596683,0.10427911727906289,0.15864376250430662,0.8413562374956933
Gwh,2022,3,0.0,1563.745,0.0,3642.111,175.191667,654.146583,559.471,890.456,1563.745,5921.37625,7485.12125,0.0,0.20891378346075554,0.0,0.48658009380943557,0.023405321189686804,0.08739291738260084,0.07474441379289613,0.11896347036462503,0.20891378346075554,0.7910862165392445
Gwh,2022,4,0.0,1105.747,0.0,3650.018,175.14633300000003,835.450845,714.013,813.791,1105.747,6188.419178,7294.166178,0.0,0.15159333815769832,0.0,0.5004023641535412,0.024011837504917345,0.11453685378320701,0.09788822773925017,0.11156737866138591,0.15159333815769832,0.8484066618423016
Gwh,2022,5,0.0,1247.746,0.0,3590.388,160.3205,574.5570720000001,887.554,655.958,1247.746,5868.777572,7116.523572,0.0,0.17533083216491593,0.0,0.5045143128769222,0.022527923694482217,0.08073563815071139,0.12471735546441326,0.09217393764855501,0.17533083216491593,0.824669167835084
Gwh,2022,6,0.0,1230.222,0.0,2845.24,160.714625,518.248,807.671,706.9085,1230.222,5038.782125,6269.004125,0.0,0.19623882445602953,0.0,0.453858371005618,0.02563638845906805,0.08266831376506711,0.1288356146998069,0.11276248761441036,0.19623882445602953,0.8037611755439704
