unit,year,month,coal,gas,oil,nuclear,hydro,wind,solar,other,fossil,low.carbon,total.prod,coal.perc,gas.perc,oil.perc,nuclear.perc,hydro.perc,wind.perc,solar.perc,other.perc,fossil.perc,low.carbon.perc
Gwh,2022,1,0.0,2161.044,0.0,4436.916,160.6655,848.612992,99.232,937.873,2161.044,6483.299491999999,8644.343491999998,0.0,0.2499951560231221,0.0,0.5132739119062301,0.01858620034577405,0.09816974450232781,0.011479414265737512,0.10849557295680867,0.2499951560231221,0.7500048439768779
Gwh,2022,2,0.0,1154.846,0.0,3670.465,164.2495,1310.365,221.634,759.099,1154.846,6125.8125,7280.6585,0.0,0.15861834475549155,0.0,0.5041391516989844,0.022559703905903568,0.17997891262170862,0.03044147723725814,0.10426240978065378,0.15861834475549155,0.8413816552445085
Gwh,2022,3,0.0,1563.745,0.0,3642.111,175.006667,654.146583,559.471,890.456,1563.745,5921.19125,7484.93625,0.0,0.20891894703846006,0.0,0.48659212027356946,0.023381183373472284,0.08739507741298398,0.07474626119895143,0.11896641070256277,0.20891894703846006,0.79108105296154
Gwh,2022,4,0.0,1105.747,0.0,3650.018,175.065333,835.448917,714.013,813.791,1105.747,6188.33625,7294.08325,0.0,0.15159506165493794,0.0,0.500408053335558,0.02400100560958089,0.11453789165348505,0.09788934065154796,0.11156864709489024,0.15159506165493794,0.8484049383450621
Gwh,2022,5,0.0,1247.746,0.0,3590.388,160.3205,576.948,887.554,655.958,1247.746,5871.1685,7118.9145,0.0,0.17527194630585888,0.0,0.5043448688701065,0.02252035756294025,0.08104437832481343,0.12467546842991302,0.09214298050636793,0.17527194630585888,0.8247280536941411
Gwh,2022,6,0.0,734.971,0.0,1988.192,97.177357,384.280333,550.216,456.426,734.971,3476.29169,4211.26269,0.0,0.17452509000335006,0.0,0.4721130326828413,0.023075586624115345,0.0912506203691606,0.13065345016508578,0.10838222015544702,0.17452509000335006,0.8254749099966501
