unit,year,month,coal,oil,gas,nuclear,hydro,wind,solar,other,fossil,low.carbon,total.prod,coal.perc,oil.perc,gas.perc,nuclear.perc,hydro.perc,wind.perc,solar.perc,other.perc,fossil.perc,low.carbon.perc,biomass
Gwh,2022,1,0.0,0.0,2161.044,4436.916,159.341,848.520992,2.7935,937.873,2161.044,6385.444492,8546.488491999999,0.0,0.0,0.252857533479728,0.5191507604735216,0.01864403142286476,0.09928299708052776,0.0003268593882288469,0.10973781815512917,0.252857533479728,0.747142466520272,192.82
Gwh,2022,2,0.0,0.0,1154.846,3670.465,163.4985,1308.096,3.1515,759.099,1154.846,5904.31,7059.156,0.0,0.0,0.16359547798632018,0.5199580516424344,0.02316119660763978,0.1853048721405222,0.00044644147260664024,0.10753396015047692,0.16359547798632018,0.8364045220136799,97.966
Gwh,2022,3,0.0,0.0,1513.196,3642.111,148.59116699999998,648.639694,4.13,883.116,1513.196,5326.587861,6839.783861,0.0,0.0,0.22123447622784465,0.5324891946903584,0.0217245413041861,0.094833361284777,0.00060382024986915,0.12911460624296472,0.22123447622784465,0.7787655237721554,177.009
Gwh,2022,4,0.0,0.0,678.174,2521.493,93.858833,545.447806,2.751,552.278,678.174,3715.828639,4394.002639,0.0,0.0,0.154340826739772,0.5738487677772193,0.021360668327081538,0.12413461047081542,0.0006260806435532957,0.12568904604155837,0.154340826739772,0.8456591732602279,117.782
