unit,year,month,coal,gas,oil,nuclear,hydro,wind,solar,other,fossil,low.carbon,total.prod,coal.perc,gas.perc,oil.perc,nuclear.perc,hydro.perc,wind.perc,solar.perc,other.perc,fossil.perc,low.carbon.perc
Gwh,2022,1,0.0,2160.9845,0.0,4436.916,160.6655,848.520992,99.232,937.873,2160.9845,6483.207492,8644.191991999998,0.0,0.24999265425848266,0.0,0.5132829076571025,0.018586526091587535,0.09816082206240753,0.011479615456463362,0.10849747447395662,0.24999265425848266,0.7500073457415175
Gwh,2022,2,0.0,1154.846,0.0,3670.465,164.2495,1305.581,221.634,759.099,1154.846,6121.0285,7275.8745,0.0,0.15872263877008874,0.0,0.5044706309873817,0.022574537260091555,0.17943973607571156,0.03046149297929754,0.10433096392742894,0.15872263877008874,0.8412773612299114
Gwh,2022,3,0.0,1563.745,0.0,3642.111,175.191667,654.1240829999999,559.471,890.456,1563.745,5921.35375,7485.09875,0.0,0.2089144114498155,0.0,0.48658155645575146,0.02340539154543552,0.08739017411092939,0.07474463847253852,0.11896382796552951,0.2089144114498155,0.7910855885501845
Gwh,2022,4,0.0,1105.747,0.0,3650.018,175.184333,835.425845,714.013,813.791,1105.747,6188.432178,7294.179178,0.0,0.151593067981528,0.0,0.5004014723149155,0.024017004343459797,0.11453322226025525,0.09788805327863856,0.11156717982120291,0.151593067981528,0.848406932018472
Gwh,2022,5,0.0,1286.52,0.0,3590.388,167.4215,574.5570720000001,887.554,658.8235,1286.52,5878.7440719999995,7165.264072,0.0,0.17954955840739878,0.0,0.5010824393800514,0.023365712459117866,0.08018644759307904,0.12386898669489818,0.09194685546545478,0.17954955840739878,0.8204504415926012
Gwh,2022,6,0.0,1420.237,0.0,3011.142,173.767,530.937,859.499,775.118,1420.237,5350.463,6770.7,0.0,0.20976221070199538,0.0,0.4447312685542115,0.025664554625075695,0.07841685497806726,0.1269438905873839,0.11448122055326629,0.20976221070199538,0.7902377892980046
Gwh,2022,7,0.0,95.7235,0.0,250.304,12.2535,70.745,98.147,74.789,95.7235,506.2385,601.962,0.0,0.159019173967792,0.0,0.41581362278682044,0.02035593608898901,0.11752402975603111,0.16304517560909162,0.12424206179127587,0.159019173967792,0.840980826032208
