unit,year,month,coal,gas,oil,nuclear,hydro,wind,solar,other,fossil,low.carbon,total.prod,coal.perc,gas.perc,oil.perc,nuclear.perc,hydro.perc,wind.perc,solar.perc,other.perc,fossil.perc,low.carbon.perc
Gwh,2022,1,0.0,2161.044,0.0,4436.916,160.6655,848.612992,2.7935,937.873,2161.044,6386.860992,8547.904991999998,0.0,0.25281563166910787,0.0,0.5190647303815986,0.018795892110448957,0.099277307456531,0.0003268052233400397,0.10971963315897373,0.25281563166910787,0.7471843683308923
Gwh,2022,2,0.0,1154.846,0.0,3670.465,164.2495,1309.2625,3.1515,759.099,1154.846,5906.2275,7061.0735,0.0,0.16355105211693377,0.0,0.519816852210928,0.023261264735454177,0.18541975239317363,0.00044632023728403335,0.10750475830622638,0.16355105211693377,0.8364489478830661
Gwh,2022,3,0.0,1513.196,0.0,3642.111,154.383167,648.639694,4.13,883.116,1513.196,5332.379860999999,6845.575860999999,0.0,0.22104729108632692,0.0,0.5320386588292021,0.022552254205455223,0.09475312335597241,0.000603309361237097,0.12900536316180633,0.22104729108632692,0.7789527089136731
Gwh,2022,4,0.0,1022.122,0.0,3418.195,147.165333,793.211306,4.044,767.585,1022.122,5130.200639000001,6152.322639,0.0,0.16613595547162915,0.0,0.5555942366110361,0.02392028858615261,0.12892875626706873,0.0006573127316771073,0.12476345033243631,0.16613595547162915,0.8338640445283709
