unit,year,month,coal,gas,oil,nuclear,hydro,wind,solar,other,fossil,low.carbon,total.prod,coal.perc,gas.perc,oil.perc,nuclear.perc,hydro.perc,wind.perc,solar.perc,other.perc,fossil.perc,low.carbon.perc
Gwh,2022,1,0.0,2161.044,0.0,4436.916,160.6655,848.520992,99.232,937.873,2161.044,6483.207492,8644.251492,0.0,0.24999781669933857,0.0,0.5132793746348351,0.018586398157051678,0.09816014640310745,0.011479536440122813,0.10849672766554443,0.24999781669933857,0.7500021833006614
Gwh,2022,2,0.0,1154.846,0.0,3670.465,164.2495,1305.581,221.634,759.099,1154.846,6121.0285,7275.8745,0.0,0.15872263877008874,0.0,0.5044706309873817,0.022574537260091555,0.17943973607571156,0.03046149297929754,0.10433096392742894,0.15872263877008874,0.8412773612299114
Gwh,2022,3,0.0,1563.745,0.0,3642.111,175.191667,654.1240829999999,559.471,890.456,1563.745,5921.35375,7485.09875,0.0,0.2089144114498155,0.0,0.48658155645575146,0.02340539154543552,0.08739017411092939,0.07474463847253852,0.11896382796552951,0.2089144114498155,0.7910855885501845
Gwh,2022,4,0.0,1105.747,0.0,3650.018,175.827333,839.1778449999999,714.013,813.791,1105.747,6192.8271780000005,7298.574178000001,0.0,0.15150178281849067,0.0,0.5001001443545238,0.024090641365267493,0.11497832652431252,0.0978291077937168,0.11149999714368868,0.15150178281849067,0.8484982171815093
Gwh,2022,5,0.0,1286.52,0.0,3590.388,167.4215,575.894572,887.554,658.8235,1286.52,5880.081572,7166.601572,0.0,0.17951604914475075,0.0,0.500988922563756,0.02336135172549816,0.08035811203039767,0.1238458690751952,0.09192969546040225,0.17951604914475075,0.8204839508552493
Gwh,2022,6,0.0,1420.237,0.0,3011.142,178.821,532.4105,874.732,775.173,1420.237,5372.2785,6792.5155,0.0,0.20908851809024212,0.0,0.4433029265814704,0.026326182104405942,0.07838193376224167,0.12877880072559272,0.11412163873604704,0.20908851809024212,0.7909114819097579
Gwh,2022,7,0.0,1144.599,0.0,1861.836,91.79,271.8735,653.065,510.3445,1144.599,3388.909,4533.508,0.0,0.2524753458028529,0.0,0.41068329426130934,0.020247014012107184,0.05996978498769606,0.14405290560863687,0.11257165532739768,0.2524753458028529,0.7475246541971472
