unit,year,month,coal,gas,oil,nuclear,hydro,wind,solar,other,fossil,low.carbon,total.prod,coal.perc,gas.perc,oil.perc,nuclear.perc,hydro.perc,wind.perc,solar.perc,other.perc,fossil.perc,low.carbon.perc
Gwh,2022,1,0.0,2161.044,0.0,4436.916,160.6655,848.520992,99.232,937.873,2161.044,6483.207492,8644.251492,0.0,0.24999781669933857,0.0,0.5132793746348351,0.018586398157051678,0.09816014640310745,0.011479536440122813,0.10849672766554443,0.24999781669933857,0.7500021833006614
Gwh,2022,2,0.0,1154.846,0.0,3670.465,164.2495,1309.1985,221.634,759.099,1154.846,6124.646,7279.492,0.0,0.15864376250430662,0.0,0.5042199373252969,0.02256331897885182,0.1798475085898851,0.030446355322596683,0.10427911727906289,0.15864376250430662,0.8413562374956933
Gwh,2022,3,0.0,1563.745,0.0,3642.111,175.006667,654.146583,559.471,890.456,1563.745,5921.19125,7484.93625,0.0,0.20891894703846006,0.0,0.48659212027356946,0.023381183373472284,0.08739507741298398,0.07474626119895143,0.11896641070256277,0.20891894703846006,0.79108105296154
Gwh,2022,4,0.0,1105.747,0.0,3650.018,175.065333,835.448917,714.013,813.791,1105.747,6188.33625,7294.08325,0.0,0.15159506165493794,0.0,0.500408053335558,0.02400100560958089,0.11453789165348505,0.09788934065154796,0.11156864709489024,0.15159506165493794,0.8484049383450621
Gwh,2022,5,0.0,1247.746,0.0,3590.388,160.3205,569.7345,887.554,655.946,1247.746,5863.943,7111.689,0.0,0.17545002319420885,0.0,0.5048572849572022,0.02254323832214823,0.08011240367794487,0.12480213912616257,0.09223491072233334,0.17545002319420885,0.8245499768057911
Gwh,2022,6,0.0,608.792,0.0,1674.046,77.0575,329.93,438.705,375.748,608.792,2895.4865,3504.2785,0.0,0.1737282011118694,0.0,0.47771488481865815,0.021989547919778637,0.09415062187551589,0.12519124835540327,0.10722549591877473,0.1737282011118694,0.8262717988881306
