unit,year,month,coal,gas,oil,nuclear,hydro,wind,solar,other,fossil,low.carbon,total.prod,coal.perc,gas.perc,oil.perc,nuclear.perc,hydro.perc,wind.perc,solar.perc,other.perc,fossil.perc,low.carbon.perc
Gwh,2022,1,0.0,2161.044,0.0,4436.916,159.828,848.520992,2.7935,937.873,2161.044,6385.931492,8546.975492,0.0,0.2528431258546073,0.0,0.5191211796679387,0.018699948320853334,0.09927734001275876,0.0003268407640357371,0.1097315653798063,0.2528431258546073,0.7471568741453927
Gwh,2022,2,0.0,1154.846,0.0,3670.465,163.8585,1308.096,3.1515,759.099,1154.846,5904.67,7059.516,0.0,0.16358713543534714,0.0,0.5199315363829475,0.023211010499869962,0.1852954225190509,0.00044641870632490955,0.10752847645645963,0.16358713543534714,0.8364128645646529
Gwh,2022,3,0.0,1563.745,0.0,3642.111,154.406667,648.639694,4.13,890.456,1563.745,5339.743361,6903.488361,0.0,0.2265151932223269,0.0,0.5275754530963567,0.0223664702431154,0.0939582512609671,0.0005982482745001328,0.12898638390273373,0.2265151932223269,0.7734848067776731
Gwh,2022,4,0.0,1101.568,0.0,3650.018,155.297333,833.2683059999999,4.484,815.211,1101.568,5458.278639,6559.846639,0.0,0.16792587702445522,0.0,0.5564181909832603,0.023673927386764933,0.12702557725145622,0.0006835525655952763,0.12427287478846805,0.16792587702445522,0.8320741229755447
Gwh,2022,5,0.0,54.246,0.0,233.829,6.28875,8.322,0.0,46.638,54.246,295.07775,349.32375,0.0,0.15528861120951554,0.0,0.6693761875623974,0.01800264081672088,0.02382317262997434,0.0,0.1335093877813919,0.15528861120951554,0.8447113887904844
