unit,year,month,coal,oil,gas,nuclear,hydro,wind,solar,other,fossil,low.carbon,total.prod,coal.perc,oil.perc,gas.perc,nuclear.perc,hydro.perc,wind.perc,solar.perc,other.perc,fossil.perc,low.carbon.perc
Gwh,2022,1,0.0,0.0,2161.044,4436.916,159.341,848.520992,2.2895,937.873,2161.044,6384.940492,8545.984492,0.0,0.0,0.2528724457694698,0.5191813774239178,0.018645130955849624,0.09928885230183963,0.00026790359871858285,0.10974428995020462,0.2528724457694698,0.7471275542305302
Gwh,2022,2,0.0,0.0,1154.846,3670.465,163.4985,1305.2015,2.7425,759.099,1154.846,5901.0065,7055.8525,0.0,0.0,0.16367207222656652,0.5202014923072726,0.023172040515302722,0.1849814037354097,0.00038868442898997677,0.10758430678645849,0.16367207222656652,0.8363279277734336
Gwh,2022,3,0.0,0.0,1513.196,3642.111,148.59116699999998,649.439194,3.374,883.116,1513.196,5326.631361,6839.827361,0.0,0.0,0.2212330692186896,0.5324858081604438,0.021724403140238848,0.0949496470777956,0.0004932873041852204,0.12911378509864702,0.2212330692186896,0.7787669307813104
Gwh,2022,4,0.0,0.0,576.836,2260.345,82.755333,504.042806,2.2835,503.916,576.836,3353.342639,3930.1786389999997,0.0,0.0,0.14677093663782442,0.5751252570481441,0.02105637951893616,0.12824933731975333,0.0005810168467510213,0.12821707262859103,0.14677093663782442,0.8532290633621756
