unit,year,month,coal,gas,oil,nuclear,hydro,wind,solar,other,fossil,low.carbon,total.prod,coal.perc,gas.perc,oil.perc,nuclear.perc,hydro.perc,wind.perc,solar.perc,other.perc,fossil.perc,low.carbon.perc
Gwh,2022,1,0.0,2161.044,0.0,4436.916,159.828,848.520992,99.232,937.873,2161.044,6482.369992,8643.413991999998,0.0,0.2500220401336991,0.0,0.5133291086261325,0.018491304494720542,0.09816965758962343,0.011480648745026585,0.10850724041079812,0.2500220401336991,0.7499779598663011
Gwh,2022,2,0.0,1154.846,0.0,3670.465,163.8585,1309.1985,221.634,759.099,1154.846,6124.255,7279.101,0.0,0.1586522841213496,0.0,0.5042470217132583,0.022510815552634865,0.17985716917514952,0.03044799076149651,0.10428471867611125,0.1586522841213496,0.8413477158786504
Gwh,2022,3,0.0,1563.745,0.0,3642.111,154.406667,652.483083,559.471,890.456,1563.745,5898.92775,7462.67275,0.0,0.20954221796741657,0.0,0.48804377761305423,0.02069053168651942,0.0874328950040051,0.07496925280557157,0.1193213249234331,0.20954221796741657,0.7904577820325834
Gwh,2022,4,0.0,1101.568,0.0,3650.018,155.297333,832.613917,714.013,815.211,1101.568,6167.15325,7268.72125,0.0,0.15154907749420163,0.0,0.5021540755879172,0.021365151814014056,0.11454750957742396,0.09823089584017272,0.11215328968627047,0.15154907749420163,0.8484509225057985
Gwh,2022,5,0.0,791.8855,0.0,2206.937,90.94506299999999,318.838,569.491,386.257,791.8855,3572.4680630000003,4364.353563,0.0,0.18144393861978228,0.0,0.5056732842888605,0.0208381520166037,0.07305503447361285,0.13048690757504516,0.08850268302609562,0.18144393861978228,0.8185560613802179
