unit,year,month,coal,oil,gas,nuclear,hydro,wind,solar,other,fossil,low.carbon,total.prod,coal.perc,oil.perc,gas.perc,nuclear.perc,hydro.perc,wind.perc,solar.perc,other.perc,fossil.perc,low.carbon.perc
Gwh,2022,1,0.0,0.0,2161.044,4436.916,159.341,841.9699919999999,2.2895,937.873,2161.044,6378.389491999999,8539.433491999998,0.0,0.0,0.2530664360843763,0.5195796658123327,0.018659434510412843,0.09859787452982485,0.00026810912013599885,0.10982847994291753,0.2530664360843763,0.7469335639156238
Gwh,2022,2,0.0,0.0,1154.846,3670.465,163.4985,1305.1715,2.7425,759.099,1154.846,5900.9765,7055.8225,0.0,0.0,0.16367276812873338,0.520203704103951,0.02317213903836158,0.18497793843311675,0.00038868608160140083,0.10758476421423584,0.16367276812873338,0.8363272318712666
Gwh,2022,3,0.0,0.0,1512.8845,3642.111,148.4115,649.311694,3.374,883.557,1512.8845,5326.7651940000005,6839.649694,0.0,0.0,0.22119327270915054,0.5324996400320031,0.02169869900357502,0.09493347218785209,0.000493300117834953,0.12918161594958433,0.22119327270915054,0.7788067272908495
Gwh,2022,4,0.0,0.0,156.229,756.441,44.5555,319.114806,0.3795,169.991,156.229,1290.4818059999998,1446.7108059999998,0.0,0.0,0.1079891014514203,0.5228695305673967,0.030797793045585373,0.220579541312972,0.00026231918530371444,0.11750171443732206,0.1079891014514203,0.8920108985485797
