unit,year,month,coal,oil,gas,nuclear,hydro,wind,solar,other,fossil,low.carbon,total.prod,coal.perc,oil.perc,gas.perc,nuclear.perc,hydro.perc,wind.perc,solar.perc,other.perc,fossil.perc,low.carbon.perc
Gwh,2022,1,0.0,0.0,2161.044,4436.916,159.341,848.520992,2.2895,937.873,2161.044,6384.940492,8545.984492,0.0,0.0,0.2528724457694698,0.5191813774239178,0.018645130955849624,0.09928885230183963,0.00026790359871858285,0.10974428995020462,0.2528724457694698,0.7471275542305302
Gwh,2022,2,0.0,0.0,1154.846,3670.465,163.4985,1305.2015,2.7425,759.099,1154.846,5901.0065,7055.8525,0.0,0.0,0.16367207222656652,0.5202014923072726,0.023172040515302722,0.1849814037354097,0.00038868442898997677,0.10758430678645849,0.16367207222656652,0.8363279277734336
Gwh,2022,3,0.0,0.0,1511.711,3642.072,148.415167,649.439194,3.374,883.085,1511.711,5326.385361,6838.096361,0.0,0.0,0.2210719065940346,0.5326148986100842,0.021704164311936638,0.094973682690986,0.0004934121752426706,0.129141935617716,0.2210719065940346,0.7789280934059654
Gwh,2022,4,0.0,0.0,551.135,2129.563,80.622833,491.64680599999997,2.0135,480.549,551.135,3184.3951389999997,3735.530139,0.0,0.0,0.14753863025919492,0.5700832066021245,0.021582701785290027,0.13161366331034707,0.0005390131855659484,0.1286427848574775,0.14753863025919492,0.852461369740805
