unit,year,month,coal,gas,oil,nuclear,hydro,wind,solar,other,fossil,low.carbon,total.prod,coal.perc,gas.perc,oil.perc,nuclear.perc,hydro.perc,wind.perc,solar.perc,other.perc,fossil.perc,low.carbon.perc
Gwh,2022,1,0.0,2161.044,0.0,4436.916,160.6655,848.612992,99.232,937.873,2161.044,6483.299491999999,8644.343491999998,0.0,0.2499951560231221,0.0,0.5132739119062301,0.01858620034577405,0.09816974450232781,0.011479414265737512,0.10849557295680867,0.2499951560231221,0.7500048439768779
Gwh,2022,2,0.0,1154.846,0.0,3670.465,164.2495,1310.365,221.634,759.099,1154.846,6125.8125,7280.6585,0.0,0.15861834475549155,0.0,0.5041391516989844,0.022559703905903568,0.17997891262170862,0.03044147723725814,0.10426240978065378,0.15861834475549155,0.8413816552445085
Gwh,2022,3,0.0,1563.745,0.0,3642.111,175.006667,652.483083,559.471,890.456,1563.745,5919.52775,7483.27275,0.0,0.2089653888400633,0.0,0.4867002876515492,0.023386380912014733,0.08719220918414339,0.07476287697785705,0.11899285643437225,0.2089653888400633,0.7910346111599367
Gwh,2022,4,0.0,1105.747,0.0,3650.018,175.065333,832.613917,714.013,813.791,1105.747,6185.50125,7291.24825,0.0,0.15165400519725825,0.0,0.5006026231516668,0.02401033773606598,0.11419360422956386,0.09792740221127433,0.11161202747417084,0.15165400519725825,0.8483459948027419
Gwh,2022,5,0.0,1247.746,0.0,3590.388,160.3205,576.948,887.554,655.946,1247.746,5871.1565,7118.9025,0.0,0.17527224175355682,0.0,0.5043457190205934,0.022520395524450575,0.08104451493752021,0.12467567858950168,0.0921414501743773,0.17527224175355682,0.8247277582464432
Gwh,2022,6,0.0,556.6265,0.0,1568.364,70.481,322.329,400.052,353.505,556.6265,2714.731,3271.3575,0.0,0.1701515349514689,0.0,0.47942299183137277,0.021544878540483575,0.09853065585158455,0.12228929427615294,0.10806064454893725,0.1701515349514689,0.8298484650485312
