unit,year,month,coal,oil,gas,nuclear,hydro,wind,solar,other,fossil,low.carbon,total.prod,coal.perc,oil.perc,gas.perc,nuclear.perc,hydro.perc,wind.perc,solar.perc,other.perc,fossil.perc,low.carbon.perc
Gwh,2022,1,0.0,0.0,2161.044,4436.916,159.341,841.9699919999999,2.2895,937.873,2161.044,6378.389491999999,8539.433491999998,0.0,0.0,0.2530664360843763,0.5195796658123327,0.018659434510412843,0.09859787452982485,0.00026810912013599885,0.10982847994291753,0.2530664360843763,0.7469335639156238
Gwh,2022,2,0.0,0.0,1154.846,3670.465,163.4985,1305.1715,2.7425,759.099,1154.846,5900.9765,7055.8225,0.0,0.0,0.16367276812873338,0.520203704103951,0.02317213903836158,0.18497793843311675,0.00038868608160140083,0.10758476421423584,0.16367276812873338,0.8363272318712666
Gwh,2022,3,0.0,0.0,1504.827,3641.821,148.39633300000003,649.311694,3.374,882.104,1504.827,5325.007027,6829.834027,0.0,0.0,0.22033141567584977,0.5332224744558935,0.021727663134031242,0.09506990820466683,0.0004940090764521883,0.12915452945310643,0.22033141567584977,0.7796685843241502
Gwh,2022,4,0.0,0.0,54.435,221.12,10.598167,104.305306,0.3345,54.266,54.435,390.623973,445.058973,0.0,0.0,0.12230963378419517,0.49683303430442244,0.023812949840245106,0.23436288745491715,0.0007515857904071513,0.12192990882581307,0.12230963378419517,0.8776903662158049
