unit,year,month,coal,gas,oil,nuclear,hydro,wind,solar,other,fossil,low.carbon,total.prod,coal.perc,gas.perc,oil.perc,nuclear.perc,hydro.perc,wind.perc,solar.perc,other.perc,fossil.perc,low.carbon.perc
Gwh,2022,1,0.0,2161.044,0.0,4436.916,160.6655,848.520992,99.232,937.873,2161.044,6483.207492,8644.251492,0.0,0.24999781669933857,0.0,0.5132793746348351,0.018586398157051678,0.09816014640310745,0.011479536440122813,0.10849672766554443,0.24999781669933857,0.7500021833006614
Gwh,2022,2,0.0,1154.846,0.0,3670.465,164.2495,1309.1985,221.634,759.099,1154.846,6124.646,7279.492,0.0,0.15864376250430662,0.0,0.5042199373252969,0.02256331897885182,0.1798475085898851,0.030446355322596683,0.10427911727906289,0.15864376250430662,0.8413562374956933
Gwh,2022,3,0.0,1563.745,0.0,3642.111,175.006667,652.483083,559.471,890.456,1563.745,5919.52775,7483.27275,0.0,0.2089653888400633,0.0,0.4867002876515492,0.023386380912014733,0.08719220918414339,0.07476287697785705,0.11899285643437225,0.2089653888400633,0.7910346111599367
Gwh,2022,4,0.0,1105.747,0.0,3650.018,175.065333,832.613917,714.013,813.791,1105.747,6185.50125,7291.24825,0.0,0.15165400519725825,0.0,0.5006026231516668,0.02401033773606598,0.11419360422956386,0.09792740221127433,0.11161202747417084,0.15165400519725825,0.8483459948027419
Gwh,2022,5,0.0,1011.066,0.0,2784.255,125.88,407.1145,691.769,492.2785,1011.066,4501.297,5512.363,0.0,0.18341789174624384,0.0,0.5050928249826798,0.022835941682360177,0.0738548060060631,0.12549409391217523,0.0893044416704778,0.18341789174624384,0.816582108253756
