unit,year,month,coal,oil,gas,nuclear,hydro,wind,solar,other,fossil,low.carbon,total.prod,coal.perc,oil.perc,gas.perc,nuclear.perc,hydro.perc,wind.perc,solar.perc,other.perc,fossil.perc,low.carbon.perc
Gwh,2022,1,0.0,0.0,2161.044,4436.916,159.341,848.520992,2.7935,937.873,2161.044,6385.444492,8546.488491999999,0.0,0.0,0.252857533479728,0.5191507604735216,0.01864403142286476,0.09928299708052776,0.0003268593882288469,0.10973781815512917,0.252857533479728,0.747142466520272
Gwh,2022,2,0.0,0.0,1154.846,3670.465,163.4985,1308.096,3.1515,759.099,1154.846,5904.31,7059.156,0.0,0.0,0.16359547798632018,0.5199580516424344,0.02316119660763978,0.1853048721405222,0.00044644147260664024,0.10753396015047692,0.16359547798632018,0.8364045220136799
Gwh,2022,3,0.0,0.0,1513.196,3642.111,148.59116699999998,648.639694,4.13,883.116,1513.196,5326.587861,6839.783861,0.0,0.0,0.22123447622784465,0.5324891946903584,0.0217245413041861,0.094833361284777,0.00060382024986915,0.12911460624296472,0.22123447622784465,0.7787655237721554
Gwh,2022,4,0.0,0.0,732.266,2651.397,99.379333,579.603806,2.807,589.427,732.266,3922.614139,4654.880139000001,0.0,0.0,0.15731146197833384,0.569595117559696,0.02134949344181169,0.12451530193955009,0.0006030230459603247,0.1266256020346478,0.15731146197833384,0.842688538021666
