unit,year,month,coal,gas,oil,nuclear,hydro,wind,solar,other,fossil,low.carbon,total.prod,coal.perc,gas.perc,oil.perc,nuclear.perc,hydro.perc,wind.perc,solar.perc,other.perc,fossil.perc,low.carbon.perc
Gwh,2022,1,0.0,2161.044,0.0,4436.916,159.828,848.520992,99.232,937.873,2161.044,6482.369992,8643.413991999998,0.0,0.2500220401336991,0.0,0.5133291086261325,0.018491304494720542,0.09816965758962343,0.011480648745026585,0.10850724041079812,0.2500220401336991,0.7499779598663011
Gwh,2022,2,0.0,1154.846,0.0,3670.465,163.8585,1309.1985,221.634,759.099,1154.846,6124.255,7279.101,0.0,0.1586522841213496,0.0,0.5042470217132583,0.022510815552634865,0.17985716917514952,0.03044799076149651,0.10428471867611125,0.1586522841213496,0.8413477158786504
Gwh,2022,3,0.0,1563.745,0.0,3642.111,154.40616699999998,652.483083,559.471,890.456,1563.745,5898.92725,7462.67225,0.0,0.2095422320067721,0.0,0.4880438103120501,0.020690466072659158,0.08743290086202031,0.07496925782852115,0.11932133291797721,0.2095422320067721,0.7904577679932279
Gwh,2022,4,0.0,1105.747,0.0,3650.018,173.23533300000003,832.613917,714.013,813.791,1105.747,6183.67125,7289.41825,0.0,0.1516920777594289,0.0,0.500728298859789,0.023765316662958672,0.11422227240150475,0.09795198677205826,0.11164004754426049,0.1516920777594289,0.8483079222405712
Gwh,2022,5,0.0,874.0065,0.0,2437.927,106.103,359.7565,615.829,424.52,874.0065,3944.1355,4818.142,0.0,0.18139907458103144,0.0,0.5059890306263286,0.022021559347981026,0.07466706045608452,0.12781462231706744,0.08810865267150698,0.18139907458103144,0.8186009254189686
