unit,year,month,coal,gas,oil,nuclear,hydro,wind,solar,other,fossil,low.carbon,total.prod,coal.perc,gas.perc,oil.perc,nuclear.perc,hydro.perc,wind.perc,solar.perc,other.perc,fossil.perc,low.carbon.perc
Gwh,2022,1,809.472,0.0,0.0,0.0,276.014656,18.526401,0.0,0.0,809.472,294.541057,1104.0130570000001,0.7332087196501336,0.0,0.0,0.0,0.25001031849209365,0.016780961857772662,0.0,0.0,0.7332087196501336,0.2667912803498664
Gwh,2022,2,731.136,0.0,0.0,0.0,4.189844,24.174099,0.0,0.0,731.136,28.363943,759.4999429999999,0.9626544501267988,0.0,0.0,0.0,0.0055165823758330425,0.0318289674973682,0.0,0.0,0.9626544501267988,0.037345549873201246
Gwh,2022,3,809.472,0.0,0.0,0.0,0.0,30.504,0.0,0.0,809.472,30.504,839.976,0.9636846767050486,0.0,0.0,0.0,0.0,0.03631532329495129,0.0,0.0,0.9636846767050486,0.03631532329495129
Gwh,2022,4,783.36,0.0,0.0,0.0,0.0,29.52,0.0,0.0,783.36,29.52,812.88,0.9636846767050488,0.0,0.0,0.0,0.0,0.03631532329495128,0.0,0.0,0.9636846767050488,0.03631532329495128
Gwh,2022,5,809.472,0.0,0.0,0.0,0.0,30.504,0.0,0.0,809.472,30.504,839.976,0.9636846767050486,0.0,0.0,0.0,0.0,0.03631532329495129,0.0,0.0,0.9636846767050486,0.03631532329495129
Gwh,2022,6,783.36,0.0,0.0,0.0,0.0,29.52,0.0,0.0,783.36,29.52,812.88,0.9636846767050488,0.0,0.0,0.0,0.0,0.03631532329495128,0.0,0.0,0.9636846767050488,0.03631532329495128
Gwh,2022,7,443.904,0.0,0.0,0.0,0.0,16.728,0.0,0.0,443.904,16.728,460.632,0.9636846767050486,0.0,0.0,0.0,0.0,0.03631532329495129,0.0,0.0,0.9636846767050486,0.03631532329495129
