unit,year,month,coal,gas,oil,nuclear,hydro,wind,solar,other,fossil,low.carbon,total.prod,coal.perc,gas.perc,oil.perc,nuclear.perc,hydro.perc,wind.perc,solar.perc,other.perc,fossil.perc,low.carbon.perc
Gwh,2022,1,809.472,0.0,0.0,0.0,276.014656,18.526401,0.0,0.0,809.472,294.541057,1104.0130570000001,0.7332087196501336,0.0,0.0,0.0,0.25001031849209365,0.016780961857772662,0.0,0.0,0.7332087196501336,0.2667912803498664
Gwh,2022,2,731.136,0.0,0.0,0.0,4.189844,22.695271,0.0,0.0,731.136,26.885115000000003,758.021115,0.9645324985439224,0.0,0.0,0.0,0.005527344709916161,0.029940156746161354,0.0,0.0,0.9645324985439224,0.035467501456077515
Gwh,2022,3,809.472,0.0,0.0,0.0,0.0,23.466114,0.0,0.0,809.472,23.466114,832.938114,0.9718273019260587,0.0,0.0,0.0,0.0,0.028172698073941183,0.0,0.0,0.9718273019260587,0.028172698073941183
Gwh,2022,4,783.36,0.0,0.0,0.0,0.0,17.191104,0.0,0.0,783.36,17.191104,800.551104,0.978525913069005,0.0,0.0,0.0,0.0,0.021474086930994975,0.0,0.0,0.978525913069005,0.021474086930994975
Gwh,2022,5,809.472,0.0,0.0,0.0,0.0,12.062166,0.0,0.0,809.472,12.062166,821.5341659999999,0.9853175114326287,0.0,0.0,0.0,0.0,0.014682488567371404,0.0,0.0,0.9853175114326287,0.014682488567371404
Gwh,2022,6,783.36,0.0,0.0,0.0,0.0,6.155024999999999,0.0,0.0,783.36,6.155024999999999,789.515025,0.992204043235276,0.0,0.0,0.0,0.0,0.007795956764724014,0.0,0.0,0.992204043235276,0.007795956764724014
Gwh,2022,7,809.472,0.0,0.0,0.0,96.324,4.063419,0.0,0.0,809.472,100.387419,909.859419,0.8896671102110116,0.0,0.0,0.0,0.10586690425853579,0.004465985530452589,0.0,0.0,0.8896671102110116,0.11033288978898838
