unit,year,month,coal,gas,oil,nuclear,hydro,wind,solar,other,fossil,low.carbon,total.prod,coal.perc,gas.perc,oil.perc,nuclear.perc,hydro.perc,wind.perc,solar.perc,other.perc,fossil.perc,low.carbon.perc
Gwh,2022,1,2383.715,419.323,0.0,1613.843,419.834,195.437,0.915,23.672,2803.038,2253.701,5056.739,0.4713937183627631,0.08292359957672327,0.0,0.3191469838565922,0.08302465284445174,0.03864882091007664,0.00018094665356467875,0.004681277795828498,0.5543173179394864,0.44568268206051376
Gwh,2022,2,2180.716,299.364,0.0,1457.686,279.4895,139.36720000000003,1.6495,22.151,2480.08,1900.3432,4380.4232,0.49783226424332694,0.06834134199636235,0.0,0.3327728699820601,0.0638042232997031,0.031815921347508165,0.00037656178973757604,0.005056817341301634,0.5661736062396893,0.4338263937603106
Gwh,2022,3,2488.4745,293.401,0.0,1614.664,374.3895,180.054134,1.598,25.2825,2781.8755,2195.988134,4977.863633999999,0.49990812986581706,0.05894114856742981,0.0,0.3243688696033091,0.07521087910942963,0.03617096554638163,0.00032102124877131583,0.005078986058861572,0.5588492784332469,0.4411507215667532
Gwh,2022,4,1514.3815,179.09,0.0,1247.315,298.177,116.549666,1.796,21.297,1693.4715,1685.134666,3378.606166,0.4482267022536417,0.05300706599136657,0.0,0.36918034796482996,0.08825444143228382,0.034496375213209744,0.0005315801581355428,0.006303486986532659,0.5012337682450083,0.4987662317549917
