unit,year,month,coal,gas,oil,nuclear,hydro,wind,solar,other,fossil,low.carbon,total.prod,coal.perc,gas.perc,oil.perc,nuclear.perc,hydro.perc,wind.perc,solar.perc,other.perc,fossil.perc,low.carbon.perc
Gwh,2022,1,2383.715,419.181,0.0,1613.843,419.834,195.0325,102.558,23.672,2802.896,2354.9395,5157.8355,0.46215413422936813,0.08127071908361559,0.0,0.31289152203477605,0.08139732257843431,0.037812857738483516,0.01988392223831101,0.0045895220970114305,0.5434248533129837,0.45657514668701626
Gwh,2022,2,2180.716,299.364,0.0,1457.686,279.627,138.228105,103.609,22.151,2480.08,2001.301105,4481.381105,0.48661694886134876,0.06680172763391877,0.0,0.3252760624115676,0.06239750502094376,0.03084497876018067,0.023119881476806464,0.004942895835233812,0.5534186764952675,0.44658132350473234
Gwh,2022,3,2488.4745,293.401,0.0,1614.664,374.3895,178.87922899999998,137.779,25.2825,2781.8755,2330.994229,5112.869729,0.48670798042936014,0.057384798665188134,0.0,0.3158038607636897,0.07322492452261735,0.034986072104556835,0.026947488847314616,0.004944874667273182,0.5440927790945483,0.45590722090545166
Gwh,2022,4,1856.2135,205.82,0.0,1462.475,360.448,128.703666,157.777,25.401,2062.0335,2134.804666,4196.8381660000005,0.4422885578571532,0.049041681346547294,0.0,0.34847066819206957,0.08588560858031426,0.0306668165197962,0.037594253997736825,0.006052413506382508,0.4913302392037005,0.5086697607962993
Gwh,2022,5,958.568,77.151,0.0,688.512,209.294,26.085,95.333,13.387,1035.719,1032.611,2068.33,0.46345022312687045,0.03730110765690194,0.0,0.33288305057703554,0.10118984881522776,0.012611623870465546,0.04609177452340778,0.006472371430090943,0.5007513307837724,0.4992486692162276
