unit,year,month,coal,gas,oil,nuclear,hydro,wind,solar,other,fossil,low.carbon,total.prod,coal.perc,gas.perc,oil.perc,nuclear.perc,hydro.perc,wind.perc,solar.perc,other.perc,fossil.perc,low.carbon.perc
Gwh,2022,1,2383.715,419.323,0.0,1613.843,419.834,195.437,0.915,23.672,2803.038,2253.701,5056.739,0.4713937183627631,0.08292359957672327,0.0,0.3191469838565922,0.08302465284445174,0.03864882091007664,0.00018094665356467875,0.004681277795828498,0.5543173179394864,0.44568268206051376
Gwh,2022,2,2180.716,299.364,0.0,1457.686,279.4895,139.36720000000003,1.6495,22.151,2480.08,1900.3432,4380.4232,0.49783226424332694,0.06834134199636235,0.0,0.3327728699820601,0.0638042232997031,0.031815921347508165,0.00037656178973757604,0.005056817341301634,0.5661736062396893,0.4338263937603106
Gwh,2022,3,2488.4745,293.401,0.0,1614.664,374.3895,180.054134,1.598,25.2825,2781.8755,2195.988134,4977.863633999999,0.49990812986581706,0.05894114856742981,0.0,0.3243688696033091,0.07521087910942963,0.03617096554638163,0.00032102124877131583,0.005078986058861572,0.5588492784332469,0.4411507215667532
Gwh,2022,4,1582.0755,185.224,0.0,1290.347,309.59,118.061666,1.8485,22.182,1767.2995,1742.029166,3509.3286660000003,0.45081998597848055,0.0527804653335938,0.0,0.3676905536097199,0.08821915228386874,0.03364223680267854,0.0005267389224352575,0.00632086706922309,0.5036004513120744,0.4963995486879256
