unit,year,month,coal,gas,oil,nuclear,hydro,wind,solar,other,fossil,low.carbon,total.prod,coal.perc,gas.perc,oil.perc,nuclear.perc,hydro.perc,wind.perc,solar.perc,other.perc,fossil.perc,low.carbon.perc
Gwh,2022,1,2383.715,418.7035,0.0,1613.843,419.834,194.6555,102.558,23.672,2802.4185,2354.5625,5156.981,0.46223071211625566,0.08119159252283459,0.0,0.3129433674469617,0.08141080992929779,0.03774601845537147,0.01988721695891453,0.004590282570364328,0.5434223046390902,0.4565776953609098
Gwh,2022,2,2180.716,299.364,0.0,1457.686,279.4895,138.157105,103.609,22.151,2480.08,2001.092605,4481.172605000001,0.4866395901748577,0.06680483578471755,0.0,0.32529119685627456,0.06236972431906581,0.030830569848134644,0.023120957198657154,0.0049431258182923744,0.5534444259595753,0.44655557404042456
Gwh,2022,3,2488.4745,293.401,0.0,1614.664,374.233,177.666229,137.779,25.2825,2781.8755,2329.6247289999997,5111.500229,0.48683838178890937,0.057400173501977944,0.0,0.31588847259347347,0.07321392609488622,0.034758137736552175,0.02695470876012358,0.004946199524077141,0.5442385552908874,0.45576144470911256
Gwh,2022,4,1856.2135,205.82,0.0,1462.390298,360.448,128.455166,157.777,25.401,2062.0335,2134.4714639999997,4196.504964,0.44232367551656737,0.04904557525027153,0.0,0.34847815278314065,0.08589242788752245,0.030610035518118358,0.03759723897707749,0.006052894067302241,0.49136925076683885,0.5086307492331611
Gwh,2022,5,1868.241,150.207,0.0,1351.735202,403.892,73.9165,198.902,26.806,2018.448,2055.251702,4073.699702,0.45861038777177887,0.036872379160951714,0.0,0.33182004096579826,0.09914623795212679,0.018144808259604992,0.04882588667553188,0.006580259214207538,0.49548276693273063,0.5045172330672695
Gwh,2022,6,1630.427,151.089,0.0,1519.4145,427.9405,83.0575,181.526,24.566,1781.516,2236.5045,4018.0205,0.40577866638559956,0.037602844485238436,0.0,0.3781500119275151,0.10650530528652105,0.02067124844186335,0.04517796760867696,0.0061139558645855584,0.44338151087083805,0.556618489129162
Gwh,2022,7,1509.544,156.876,0.0,1313.264,262.982,66.871,180.041,22.698,1666.42,1845.856,3512.276,0.4297908250946111,0.04466505479637705,0.0,0.3739068342009569,0.07487509523739024,0.019039221291265264,0.051260493195865016,0.006462476183534552,0.4744558798909881,0.525544120109012
