unit,year,month,coal,gas,oil,nuclear,hydro,wind,solar,other,fossil,low.carbon,total.prod,coal.perc,gas.perc,oil.perc,nuclear.perc,hydro.perc,wind.perc,solar.perc,other.perc,fossil.perc,low.carbon.perc
Gwh,2022,1,2383.715,419.323,0.0,1613.843,419.834,195.437,0.915,23.672,2803.038,2253.701,5056.739,0.4713937183627631,0.08292359957672327,0.0,0.3191469838565922,0.08302465284445174,0.03864882091007664,0.00018094665356467875,0.004681277795828498,0.5543173179394864,0.44568268206051376
Gwh,2022,2,2180.716,299.364,0.0,1457.686,279.4895,139.36720000000003,1.6495,22.151,2480.08,1900.3432,4380.4232,0.49783226424332694,0.06834134199636235,0.0,0.3327728699820601,0.0638042232997031,0.031815921347508165,0.00037656178973757604,0.005056817341301634,0.5661736062396893,0.4338263937603106
Gwh,2022,3,2488.4745,293.401,0.0,1614.664,374.3895,180.054134,1.598,25.2825,2781.8755,2195.988134,4977.863633999999,0.49990812986581706,0.05894114856742981,0.0,0.3243688696033091,0.07521087910942963,0.03617096554638163,0.00032102124877131583,0.005078986058861572,0.5588492784332469,0.4411507215667532
Gwh,2022,4,1450.4805,172.701,0.0,1204.283,285.456,111.01766599999999,1.87,19.797,1623.1815,1622.423666,3245.6051660000003,0.4469060239350136,0.05321072378401556,0.0,0.3710503707030394,0.08795154844783729,0.034205536509181164,0.0005761637366089896,0.006099632884303832,0.5001167477190291,0.4998832522809707
