unit,year,month,coal,gas,oil,nuclear,hydro,wind,solar,other,fossil,low.carbon,total.prod,coal.perc,gas.perc,oil.perc,nuclear.perc,hydro.perc,wind.perc,solar.perc,other.perc,fossil.perc,low.carbon.perc
Gwh,2022,1,2383.715,419.181,0.0,1613.843,419.834,195.0325,102.558,23.672,2802.896,2354.9395,5157.8355,0.46215413422936813,0.08127071908361559,0.0,0.31289152203477605,0.08139732257843431,0.037812857738483516,0.01988392223831101,0.0045895220970114305,0.5434248533129837,0.45657514668701626
Gwh,2022,2,2180.716,299.364,0.0,1457.686,279.4895,138.228105,103.609,22.151,2480.08,2001.163605,4481.243605000001,0.4866318799466381,0.06680377734117847,0.0,0.32528604300234193,0.062368736144617604,0.030845925190447213,0.02312059087446106,0.004943047500315483,0.5534356572878165,0.44656434271218326
Gwh,2022,3,2488.4745,293.401,0.0,1614.664,374.3895,178.87922899999998,137.779,25.2825,2781.8755,2330.994229,5112.869729,0.48670798042936014,0.057384798665188134,0.0,0.3158038607636897,0.07322492452261735,0.034986072104556835,0.026947488847314616,0.004944874667273182,0.5440927790945483,0.45590722090545166
Gwh,2022,4,1856.2135,205.82,0.0,1462.475,360.448,128.703666,157.777,25.401,2062.0335,2134.804666,4196.8381660000005,0.4422885578571532,0.049041681346547294,0.0,0.34847066819206957,0.08588560858031426,0.0306668165197962,0.037594253997736825,0.006052413506382508,0.4913302392037005,0.5086697607962993
Gwh,2022,5,509.446,37.559,0.0,344.256,102.96,13.093,43.214,6.699,547.005,510.222,1057.227,0.4818700241291605,0.03552595610970964,0.0,0.32562164984435693,0.09738684312829694,0.012384284548162315,0.04087485469061989,0.006336387549693679,0.5173959802388701,0.48260401976112977
