unit,year,month,coal,gas,oil,nuclear,hydro,wind,solar,other,fossil,low.carbon,total.prod,coal.perc,gas.perc,oil.perc,nuclear.perc,hydro.perc,wind.perc,solar.perc,other.perc,fossil.perc,low.carbon.perc
Gwh,2022,1,2383.715,418.7035,0.0,1613.843,419.834,194.6555,102.558,23.672,2802.4185,2354.5625,5156.981,0.46223071211625566,0.08119159252283459,0.0,0.3129433674469617,0.08141080992929779,0.03774601845537147,0.01988721695891453,0.004590282570364328,0.5434223046390902,0.4565776953609098
Gwh,2022,2,2180.716,299.364,0.0,1457.686,279.627,138.157105,103.609,22.151,2480.08,2001.230105,4481.3101050000005,0.4866246586164337,0.06680278601250693,0.0,0.3252812159492363,0.06239849362087384,0.030829623874021096,0.023120247778523235,0.004942974148404755,0.5534274446289407,0.4465725553710593
Gwh,2022,3,2488.4745,293.401,0.0,1614.664,374.3895,177.666229,137.779,25.2825,2781.8755,2329.7812289999997,5111.656729,0.4868234766004765,0.057398416121224635,0.0,0.3158788012582133,0.07324230085247573,0.03475707357108799,0.026953883506757675,0.004946048089764049,0.5442218927217012,0.4557781072782987
Gwh,2022,4,1856.2135,205.82,0.0,1462.390298,360.448,128.455166,157.777,25.401,2062.0335,2134.4714639999997,4196.504964,0.44232367551656737,0.04904557525027153,0.0,0.34847815278314065,0.08589242788752245,0.030610035518118358,0.03759723897707749,0.006052894067302241,0.49136925076683885,0.5086307492331611
Gwh,2022,5,1868.241,150.207,0.0,1351.735202,403.892,73.9165,198.902,26.806,2018.448,2055.251702,4073.699702,0.45861038777177887,0.036872379160951714,0.0,0.33182004096579826,0.09914623795212679,0.018144808259604992,0.04882588667553188,0.006580259214207538,0.49548276693273063,0.5045172330672695
Gwh,2022,6,1630.427,151.089,0.0,1519.4145,427.9405,83.0575,181.526,24.566,1781.516,2236.5045,4018.0205,0.40577866638559956,0.037602844485238436,0.0,0.3781500119275151,0.10650530528652105,0.02067124844186335,0.04517796760867696,0.0061139558645855584,0.44338151087083805,0.556618489129162
Gwh,2022,7,51.788,5.472,0.0,50.446,9.235,0.136,2.814,0.604,57.26,63.235,120.495,0.42979376737623964,0.04541267272500934,0.0,0.4186563757832275,0.07664218432300095,0.0011286775384870742,0.023353666127225194,0.005012656126810241,0.47520644010124896,0.524793559898751
