unit,year,month,coal,gas,oil,nuclear,hydro,wind,solar,other,fossil,low.carbon,total.prod,coal.perc,gas.perc,oil.perc,nuclear.perc,hydro.perc,wind.perc,solar.perc,other.perc,fossil.perc,low.carbon.perc
Gwh,2022,1,2383.715,419.181,0.0,1613.843,419.834,195.437,102.558,23.672,2802.896,2355.344,5158.24,0.46211789292471855,0.08126434597847328,0.0,0.3128669856385124,0.08139093954527125,0.03788831074164832,0.019882362976519127,0.004589162194857161,0.5433822389031918,0.45661776109680824
Gwh,2022,2,2180.716,299.364,0.0,1457.686,279.4895,139.36720000000003,103.609,22.151,2480.08,2002.3027,4482.3827,0.48650821358916985,0.06678680068973138,0.0,0.32520337899751395,0.06235288655741064,0.031092213522955107,0.023114715305321876,0.004941791337897141,0.5532950142789013,0.44670498572109874
Gwh,2022,3,2488.4745,293.401,0.0,1614.664,374.3895,180.054134,137.779,25.2825,2781.8755,2332.169134,5114.044634,0.48659616372053743,0.05737161503232981,0.0,0.3157313077138857,0.07320810176566012,0.035207775231943746,0.026941297908116772,0.004943738627526418,0.5439677787528673,0.4560322212471328
Gwh,2022,4,1856.2135,205.82,0.0,1462.475,360.448,128.703666,157.777,25.401,2062.0335,2134.804666,4196.8381660000005,0.4422885578571532,0.049041681346547294,0.0,0.34847066819206957,0.08588560858031426,0.0306668165197962,0.037594253997736825,0.006052413506382508,0.4913302392037005,0.5086697607962993
Gwh,2022,5,263.493,18.774,0.0,172.128,52.899,8.904,18.019,3.369,282.267,255.319,537.586,0.49014111230575197,0.03492278444751166,0.0,0.320186909629343,0.09840100002604234,0.016562931326336624,0.03351835799295368,0.006266904272060656,0.5250638967532636,0.4749361032467363
