unit,year,month,coal,gas,oil,nuclear,hydro,wind,solar,other,fossil,low.carbon,total.prod,coal.perc,gas.perc,oil.perc,nuclear.perc,hydro.perc,wind.perc,solar.perc,other.perc,fossil.perc,low.carbon.perc
Gwh,2022,1,2383.715,419.066,0.0,1613.843,419.834,195.0325,102.558,23.672,2802.781,2354.9395,5157.7205,0.4621644387283103,0.08125023447858408,0.0,0.31289849847427753,0.0813991374678019,0.03781370083935335,0.019884365583594535,0.0045896244280782565,0.5434146732068944,0.45658532679310554
Gwh,2022,2,2180.716,299.364,0.0,1457.686,279.627,138.228105,103.609,22.151,2480.08,2001.301105,4481.381105,0.48661694886134876,0.06680172763391877,0.0,0.3252760624115676,0.06239750502094376,0.03084497876018067,0.023119881476806464,0.004942895835233812,0.5534186764952675,0.44658132350473234
Gwh,2022,3,2488.4745,293.401,0.0,1614.664,374.3895,178.87922899999998,137.779,25.2825,2781.8755,2330.994229,5112.869729,0.48670798042936014,0.057384798665188134,0.0,0.3158038607636897,0.07322492452261735,0.034986072104556835,0.026947488847314616,0.004944874667273182,0.5440927790945483,0.45590722090545166
Gwh,2022,4,1856.2135,205.82,0.0,1462.475,360.448,128.703666,157.777,25.401,2062.0335,2134.804666,4196.8381660000005,0.4422885578571532,0.049041681346547294,0.0,0.34847066819206957,0.08588560858031426,0.0306668165197962,0.037594253997736825,0.006052413506382508,0.4913302392037005,0.5086697607962993
Gwh,2022,5,1206.039,96.884,0.0,860.64,257.028,43.689,120.551,16.661,1302.923,1298.569,2601.492,0.46359512156869975,0.03724170591337586,0.0,0.33082554165071426,0.09880022694669059,0.01679382446688285,0.046339177671889824,0.006404401781746782,0.5008368274820756,0.4991631725179243
