unit,year,month,coal,gas,oil,nuclear,hydro,wind,solar,other,fossil,low.carbon,total.prod,coal.perc,gas.perc,oil.perc,nuclear.perc,hydro.perc,wind.perc,solar.perc,other.perc,fossil.perc,low.carbon.perc
Gwh,2022,1,146.541598,272.417,0.0,0.0,649.9785,233.2435,3.716,100.134,418.958598,987.072,1406.030598,0.10422361946350757,0.1937489841170583,0.0,0.0,0.46227905774209904,0.1658879261459714,0.0026429012322248197,0.07121751129913888,0.2979726035805659,0.7020273964194341
Gwh,2022,2,132.191,303.5,0.0,0.0,378.2,186.813,4.8,91.662,435.691,661.475,1097.166,0.12048404708129855,0.2766217691762231,0.0,0.0,0.3447062705187729,0.17026867402015738,0.004374907716790349,0.08354433148675772,0.39710581625752167,0.6028941837424784
Gwh,2022,3,143.76604500000002,267.208,0.0,0.0,373.0125,261.417667,9.444,99.3875,410.97404500000005,743.261667,1154.2357120000001,0.12455518704311239,0.2315021076041702,0.0,0.0,0.32316839283517157,0.226485512692229,0.008182037604464624,0.08610676222085216,0.3560572946472826,0.6439427053527174
Gwh,2022,4,138.52595499999998,198.12,0.0,0.0,373.708,216.61633300000003,9.696,94.371,336.64595499999996,694.391333,1031.037288,0.13435591186882465,0.19215599892057444,0.0,0.0,0.3624582780365942,0.2100955373012659,0.009404121570431506,0.09153015230230936,0.32651191078939906,0.6734880892106009
Gwh,2022,5,147.6085,180.288,0.0,0.0,318.9385,124.265,11.791,94.282,327.8965,549.2765,877.173,0.16827752336198218,0.2055330020417865,0.0,0.0,0.36359817276637557,0.14166532713615215,0.01344204620981266,0.10748392848389086,0.3738105254037687,0.6261894745962313
Gwh,2022,6,71.4075,87.06,0.0,0.0,173.905,86.755,6.07,45.035,158.4675,311.765,470.2325,0.15185573094160867,0.18514245612542732,0.0,0.0,0.36982769162063445,0.1844938408127894,0.012908508025285365,0.09577177247425475,0.336998187067036,0.663001812932964
