unit,year,month,coal,gas,oil,nuclear,hydro,wind,solar,other,fossil,low.carbon,total.prod,coal.perc,gas.perc,oil.perc,nuclear.perc,hydro.perc,wind.perc,solar.perc,other.perc,fossil.perc,low.carbon.perc
Gwh,2022,1,146.541598,272.417,0.0,0.0,649.9785,233.3215,0.0,100.134,418.958598,983.434,1402.392598,0.10449398992050299,0.19425159572897288,0.0,0.0,0.4634782734356675,0.16637388155980556,0.0,0.07140225935505116,0.2987455856494759,0.7012544143505242
Gwh,2022,2,132.191,303.5,0.0,0.0,378.2,186.92,0.0,91.662,435.691,656.782,1092.473,0.12100161743127749,0.2778100694479406,0.0,0.0,0.34618704535489664,0.17109805002045816,0.0,0.08390321774542712,0.3988116868792181,0.601188313120782
Gwh,2022,3,143.76604500000002,267.208,0.0,0.0,373.0125,262.213167,0.0,99.3875,410.97404500000005,734.613167,1145.5872120000001,0.1254955043963951,0.23324981040378442,0.0,0.0,0.32560812140071266,0.22888974689427657,0.0,0.08675681690483115,0.3587453148001795,0.6412546851998204
Gwh,2022,4,128.941955,188.595,0.0,0.0,352.915,193.79583300000002,0.0,88.099,317.53695500000003,634.809833,952.346788,0.13539390968156445,0.19803185391748285,0.0,0.0,0.3705740434544313,0.2034929244702824,0.0,0.09250726847623915,0.33342576359904735,0.6665742364009528
