unit,year,month,coal,gas,oil,nuclear,hydro,wind,solar,other,fossil,low.carbon,total.prod,coal.perc,gas.perc,oil.perc,nuclear.perc,hydro.perc,wind.perc,solar.perc,other.perc,fossil.perc,low.carbon.perc
Gwh,2022,1,146.541598,272.417,0.0,0.0,649.9785,233.3215,3.716,100.134,418.958598,987.15,1406.108598,0.10421783794540171,0.1937382364260317,0.0,0.0,0.46225341408516163,0.16593419621490713,0.002642754624561367,0.07121356070393646,0.2979560743714334,0.7020439256285665
Gwh,2022,2,132.191,303.5,0.0,0.0,378.2,186.92,4.8,91.662,435.691,661.582,1097.273,0.12047229814275938,0.2765947945497611,0.0,0.0,0.34467265666793956,0.1703495848344031,0.004374481099963272,0.08353618470517366,0.39706709269252044,0.6029329073074796
Gwh,2022,3,143.76604500000002,267.208,0.0,0.0,373.0125,262.213167,9.444,99.3875,410.97404500000005,744.057167,1155.031212,0.12446940265022034,0.23134266608892298,0.0,0.0,0.32294581836806674,0.22701825221325705,0.008176402422621286,0.08604745825691158,0.35581206873914334,0.6441879312608567
Gwh,2022,4,138.52595499999998,198.12,0.0,0.0,373.708,216.70883300000003,9.696,94.371,336.64595499999996,694.483833,1031.129788,0.13434385914569272,0.19213876110036307,0.0,0.0,0.36242576283714156,0.21016639759804906,0.00940327795088391,0.09152194136786979,0.32648262024605573,0.6735173797539442
Gwh,2022,5,23.887,26.137,0.0,0.0,62.199,12.273,1.904,14.461,50.024,90.837,140.861,0.1695785206693123,0.1855517141011352,0.0,0.0,0.44156295922931116,0.0871284457727831,0.013516871241862545,0.10266148898559574,0.3551302347704475,0.6448697652295526
