unit,year,month,coal,gas,oil,nuclear,hydro,wind,solar,other,fossil,low.carbon,total.prod,coal.perc,gas.perc,oil.perc,nuclear.perc,hydro.perc,wind.perc,solar.perc,other.perc,fossil.perc,low.carbon.perc
Gwh,2022,1,146.541598,272.417,0.0,0.0,649.9785,233.2435,3.716,100.134,418.958598,987.072,1406.030598,0.10422361946350757,0.1937489841170583,0.0,0.0,0.46227905774209904,0.1658879261459714,0.0026429012322248197,0.07121751129913888,0.2979726035805659,0.7020273964194341
Gwh,2022,2,132.191,303.5,0.0,0.0,378.2,186.8775,4.8,91.662,435.691,661.5395,1097.2305,0.12047696450290073,0.27660550814072343,0.0,0.0,0.34468600717898384,0.17031744925063605,0.004374650540611111,0.08353942038614495,0.3970824726436241,0.6029175273563759
Gwh,2022,3,143.76604500000002,267.208,0.0,0.0,373.0125,261.61116699999997,9.444,99.3875,410.97404500000005,743.455167,1154.429212,0.12453430968792915,0.23146330430869244,0.0,0.0,0.3231142248676916,0.2266151655559457,0.008180666169767715,0.08609232940997338,0.3559976139966216,0.6440023860033784
Gwh,2022,4,138.52595499999998,198.12,0.0,0.0,373.708,216.67783300000002,9.696,94.371,336.64595499999996,694.4528329999999,1031.098788,0.13434789819576431,0.1921445377549993,0.0,0.0,0.36243665917295215,0.21014265123934955,0.00940356066057174,0.091524692976363,0.3264924359507636,0.6735075640492363
Gwh,2022,5,147.6085,180.288,0.0,0.0,318.9385,124.278,11.791,94.282,327.8965,549.2895,877.186,0.16827502946923456,0.20552995601844992,0.0,0.0,0.36359278419856217,0.14167804775726014,0.013441846997102097,0.10748233555939105,0.3738049854876845,0.6261950145123155
Gwh,2022,6,61.8945,74.359,0.0,0.0,139.5445,72.054,5.152,38.98,136.2535,255.7305,391.984,0.15790057757459489,0.18969906934976938,0.0,0.0,0.3559953977713376,0.18381872729499166,0.013143393607902364,0.09944283440140414,0.3475996469243643,0.6524003530756358
