unit,year,month,coal,gas,oil,nuclear,hydro,wind,solar,other,fossil,low.carbon,total.prod,coal.perc,gas.perc,oil.perc,nuclear.perc,hydro.perc,wind.perc,solar.perc,other.perc,fossil.perc,low.carbon.perc
Gwh,2022,1,146.746161,272.417,0.0,0.0,649.9785,233.2435,3.716,100.134,419.16316099999995,987.072,1406.2351609999998,0.104353926761187,0.1937207997318736,0.0,0.0,0.46221181067453065,0.16586379466869272,0.002642516773195661,0.07120715139052053,0.29807472649306055,0.7019252735069396
Gwh,2022,2,132.337937,303.5,0.0,0.0,378.2,186.8775,4.8,91.662,435.837937,661.5395,1097.3774369999999,0.12059473116358599,0.2765684711266758,0.0,0.0,0.3446398543001937,0.17029464402957287,0.004374064782234083,0.0835282345977376,0.3971632022902618,0.6028367977097383
Gwh,2022,3,144.480312,267.208,0.0,0.0,373.0125,261.61116699999997,9.444,99.3875,411.68831200000005,743.455167,1155.143479,0.12507564179393163,0.23132018217452968,0.0,0.0,0.3229144316539054,0.22647504120135362,0.008175607767942046,0.08603909540833758,0.35639582396846137,0.6436041760315386
Gwh,2022,4,139.321688,198.12,0.0,0.0,373.708,216.67783300000002,9.696,94.371,337.44168799999994,694.4528329999999,1031.894521,0.13501543536153732,0.19199636781480695,0.0,0.0,0.36215717051956325,0.20998060227126647,0.00939630921831399,0.09145411481451213,0.3270118031763442,0.6729881968236557
Gwh,2022,5,147.669,180.288,0.0,0.0,318.9385,124.278,11.791,94.282,327.957,549.2895,877.2465,0.16833239004088363,0.20551578148217178,0.0,0.0,0.3635677087340901,0.14166827681843133,0.013440919969472663,0.10747492295495052,0.3738481715230554,0.6261518284769446
Gwh,2022,6,142.984,234.98,0.0,0.0,318.428,136.698,12.608,89.93,377.964,557.664,935.628,0.1528214204790793,0.25114682331011895,0.0,0.0,0.340336116490742,0.14610293834729188,0.013475441094110053,0.09611726027865776,0.40396824378919827,0.5960317562108017
Gwh,2022,7,52.548,120.879,0.0,0.0,94.125,84.061,4.582,33.401,173.427,216.169,389.596,0.13487818150083677,0.310267559215187,0.0,0.0,0.24159642296122136,0.2157645355701804,0.011760901035944927,0.08573239971662955,0.44514574071602375,0.5548542592839762
