unit,year,month,coal,gas,oil,nuclear,hydro,wind,solar,other,fossil,low.carbon,total.prod,coal.perc,gas.perc,oil.perc,nuclear.perc,hydro.perc,wind.perc,solar.perc,other.perc,fossil.perc,low.carbon.perc
Gwh,2022,1,146.746161,272.417,0.0,0.0,649.9785,233.201,3.716,100.134,419.16316099999995,987.0295,1406.1926609999998,0.1043570806973512,0.19372665464366268,0.0,0.0,0.4622257803121902,0.16583858419098949,0.002642596639181294,0.07120930351662531,0.29808373534101384,0.7019162646589863
Gwh,2022,2,132.337937,303.5,0.0,0.0,378.2,186.664,4.8,91.662,435.837937,661.326,1097.1639369999998,0.12061819800772401,0.27662228930880367,0.0,0.0,0.3447069186708058,0.17013318949436088,0.004374915942939893,0.08354448857536595,0.39724048731652767,0.6027595126834725
Gwh,2022,3,144.480312,267.208,0.0,0.0,373.0125,261.376667,9.444,99.3875,411.68831200000005,743.220667,1154.908979,0.12510103794075705,0.23136715088263246,0.0,0.0,0.32297999823586093,0.2263179798171783,0.008177267794884813,0.08605656532868639,0.35646818882338954,0.6435318111766105
Gwh,2022,4,139.321688,198.12,0.0,0.0,373.708,215.95433300000002,9.696,94.371,337.44168799999994,693.729333,1031.1710209999999,0.13511016617291072,0.1921310781288917,0.0,0.0,0.36241127067126927,0.20942630136228396,0.009402901945980889,0.09151828171866362,0.32724124430180235,0.6727587556981977
Gwh,2022,5,147.669,180.288,0.0,0.0,318.9385,124.265,11.791,94.282,327.957,549.2765,877.2335,0.16833488461167978,0.20551882708537692,0.0,0.0,0.36357309655866993,0.1416555569298254,0.013441119154706244,0.10747651565974167,0.37385371169705667,0.6261462883029433
Gwh,2022,6,142.984,234.98,0.0,0.0,318.428,136.698,12.608,89.93,377.964,557.664,935.628,0.1528214204790793,0.25114682331011895,0.0,0.0,0.340336116490742,0.14610293834729188,0.013475441094110053,0.09611726027865776,0.40396824378919827,0.5960317562108017
Gwh,2022,7,33.438,78.165,0.0,0.0,68.7415,41.361,3.056,21.156,111.603,134.3145,245.9175,0.1359724297782793,0.3178504986428376,0.0,0.0,0.27953073693413444,0.16819055170941474,0.012426931796232476,0.08602885113910153,0.4538229284211168,0.5461770715788832
