unit,year,month,coal,oil,gas,nuclear,hydro,wind,solar,other,fossil,low.carbon,total.prod,coal.perc,oil.perc,gas.perc,nuclear.perc,hydro.perc,wind.perc,solar.perc,other.perc,fossil.perc,low.carbon.perc
Gwh,2022,1,146.541598,0.0,272.417,0.0,649.9785,233.3215,0.0,100.134,418.958598,983.434,1402.392598,0.10449398992050299,0.0,0.19425159572897288,0.0,0.4634782734356675,0.16637388155980556,0.0,0.07140225935505116,0.2987455856494759,0.7012544143505242
Gwh,2022,2,132.191,0.0,303.5,0.0,378.2,186.92,0.0,91.662,435.691,656.782,1092.473,0.12100161743127749,0.0,0.2778100694479406,0.0,0.34618704535489664,0.17109805002045816,0.0,0.08390321774542712,0.3988116868792181,0.601188313120782
Gwh,2022,3,143.24,0.0,267.208,0.0,373.0125,262.213167,0.0,99.3875,410.448,734.613167,1145.0611669999998,0.12509375405270384,0.0,0.23335696616109247,0.0,0.32575770688064914,0.22899489962355873,0.0,0.08679667328199596,0.35845072021379626,0.6415492797862038
Gwh,2022,4,30.576,0.0,21.426,0.0,50.445,21.396333,0.0,14.655,52.002,86.49633299999999,138.49833299999997,0.2207680001462545,0.0,0.15470222302242442,0.0,0.3642282106023616,0.15448801827816946,0.0,0.10581354795079015,0.37547022316867895,0.6245297768313212
