unit,year,month,coal,gas,oil,nuclear,hydro,wind,solar,other,fossil,low.carbon,total.prod,coal.perc,gas.perc,oil.perc,nuclear.perc,hydro.perc,wind.perc,solar.perc,other.perc,fossil.perc,low.carbon.perc
Gwh,2022,1,146.541598,272.417,0.0,0.0,649.9785,233.3215,0.0,100.134,418.958598,983.434,1402.392598,0.10449398992050299,0.19425159572897288,0.0,0.0,0.4634782734356675,0.16637388155980556,0.0,0.07140225935505116,0.2987455856494759,0.7012544143505242
Gwh,2022,2,132.191,303.5,0.0,0.0,378.2,186.953,0.0,91.662,435.691,656.815,1092.506,0.1209979624825859,0.2778016779770546,0.0,0.0,0.34617658850386174,0.1711230876535232,0.0,0.08390068338297456,0.39879964045964045,0.6012003595403596
Gwh,2022,3,143.76604500000002,267.208,0.0,0.0,373.0125,262.372167,0.0,99.3875,410.97404500000005,734.772167,1145.746212,0.12547808885969944,0.2332174413507902,0.0,0.0,0.32556293539812287,0.22899675709335882,0.0,0.08674477729802872,0.3586955302104896,0.6413044697895104
Gwh,2022,4,133.72795499999998,193.531,0.0,0.0,364.927,209.55033300000002,0.0,91.229,327.25895499999996,665.706333,992.965288,0.13467535735247171,0.19490208000100806,0.0,0.0,0.3675123434929178,0.21103490276288492,0.0,0.09187531639071758,0.3295774373534797,0.6704225626465202
