unit,year,month,coal,gas,oil,nuclear,hydro,wind,solar,other,fossil,low.carbon,total.prod,coal.perc,gas.perc,oil.perc,nuclear.perc,hydro.perc,wind.perc,solar.perc,other.perc,fossil.perc,low.carbon.perc
Gwh,2022,1,146.541598,272.417,0.0,0.0,649.9785,233.104,3.716,100.134,418.958598,986.9325,1405.891098,0.10423396108593895,0.19376820892282223,0.0,0.0,0.46232492753147797,0.16580516110501753,0.0026431634749564366,0.07122457787978681,0.2980021700087612,0.7019978299912387
Gwh,2022,2,132.191,303.5,0.0,0.0,378.2,186.664,4.8,91.662,435.691,661.326,1097.017,0.12050041157065022,0.27665934073947807,0.0,0.0,0.3447530895145654,0.17015597752815131,0.004375501929322881,0.08355567871783208,0.39715975231012823,0.6028402476898717
Gwh,2022,3,143.76604500000002,267.208,0.0,0.0,373.0125,261.151667,9.444,99.3875,410.97404500000005,742.995667,1153.969712,0.1245838980910792,0.23155547084237513,0.0,0.0,0.32324288594499956,0.22630721091230854,0.00818392363490386,0.08612661057433368,0.3561393689334543,0.6438606310665457
Gwh,2022,4,138.52595499999998,198.12,0.0,0.0,373.708,215.232333,9.696,94.371,336.64595499999996,693.007333,1029.653288,0.13453650526292496,0.19241428382638254,0.0,0.0,0.362945473350443,0.2090337937132873,0.009416762043108243,0.09165318180385396,0.32695078908930747,0.6730492109106925
Gwh,2022,5,147.6085,180.288,0.0,0.0,318.9385,124.2385,11.791,94.282,327.8965,549.25,877.1465,0.16828260729536057,0.20553921152281862,0.0,0.0,0.3636091576492638,0.14163939547156604,0.013442452315548203,0.10748717574544275,0.3738218188181792,0.6261781811818209
Gwh,2022,6,142.8915,234.98,0.0,0.0,318.428,136.629,12.582,89.93,377.8715,557.569,935.4405,0.1527531681598135,0.25119716326158636,0.0,0.0,0.3404043335733272,0.14605846122762484,0.013450347723879819,0.09613652605376825,0.40395033142139986,0.5960496685786001
Gwh,2022,7,9.605,22.21,0.0,0.0,19.4815,5.604,0.462,6.003,31.815,31.5505,63.3655,0.15158090759167056,0.35050619027704355,0.0,0.0,0.30744648112932116,0.0884392926750361,0.007291033764430172,0.09473609456249853,0.5020870978687141,0.497912902131286
