unit,year,month,coal,gas,oil,nuclear,hydro,wind,solar,other,fossil,low.carbon,total.prod,coal.perc,gas.perc,oil.perc,nuclear.perc,hydro.perc,wind.perc,solar.perc,other.perc,fossil.perc,low.carbon.perc
Gwh,2022,1,0.0,0.0,430.305248,0.0,0.0,24.34225,0.0,0.0,430.305248,24.34225,454.64749800000004,0.0,0.0,0.9464590697032714,0.0,0.0,0.053540930296728476,0.0,0.0,0.9464590697032714,0.053540930296728476
Gwh,2022,2,0.0,0.0,347.538,0.0,0.0,16.8065,0.0,0.0,347.538,16.8065,364.3445,0.0,0.0,0.9538719536043498,0.0,0.0,0.046128046395650275,0.0,0.0,0.9538719536043498,0.046128046395650275
Gwh,2022,3,0.0,0.0,391.9975,0.0,0.0,24.932,0.0,0.0,391.9975,24.932,416.9295,0.0,0.0,0.9402009212588699,0.0,0.0,0.059799078741130086,0.0,0.0,0.9402009212588699,0.059799078741130086
Gwh,2022,4,0.0,0.0,253.64,0.0,0.0,20.187937,0.0,0.0,253.64,20.187937,273.82793699999996,0.0,0.0,0.9262751009952649,0.0,0.0,0.07372489900473524,0.0,0.0,0.9262751009952649,0.07372489900473524
Gwh,2022,5,0.0,0.0,172.00175,0.0,0.0,13.150317,0.0,0.0,172.00175,13.150317,185.15206700000002,0.0,0.0,0.9289755863217015,0.0,0.0,0.07102441367829827,0.0,0.0,0.9289755863217015,0.07102441367829827
