unit,year,month,coal,gas,oil,nuclear,hydro,wind,solar,other,fossil,low.carbon,total.prod,coal.perc,gas.perc,oil.perc,nuclear.perc,hydro.perc,wind.perc,solar.perc,other.perc,fossil.perc,low.carbon.perc
Gwh,2022,1,0.0,0.0,430.011998,0.0,0.0,24.34225,0.0,0.0,430.011998,24.34225,454.35424800000004,0.0,0.0,0.9464245132357604,0.0,0.0,0.05357548676423952,0.0,0.0,0.9464245132357604,0.05357548676423952
Gwh,2022,2,0.0,0.0,347.538,0.0,0.0,16.8065,0.0,0.0,347.538,16.8065,364.3445,0.0,0.0,0.9538719536043498,0.0,0.0,0.046128046395650275,0.0,0.0,0.9538719536043498,0.046128046395650275
Gwh,2022,3,0.0,0.0,391.9975,0.0,0.0,24.932,0.0,0.0,391.9975,24.932,416.9295,0.0,0.0,0.9402009212588699,0.0,0.0,0.059799078741130086,0.0,0.0,0.9402009212588699,0.059799078741130086
Gwh,2022,4,0.0,0.0,253.64,0.0,0.0,20.187937,0.0,0.0,253.64,20.187937,273.82793699999996,0.0,0.0,0.9262751009952649,0.0,0.0,0.07372489900473524,0.0,0.0,0.9262751009952649,0.07372489900473524
Gwh,2022,5,0.0,0.0,292.5215,0.0,0.0,20.526317,0.0,0.0,292.5215,20.526317,313.047817,0.0,0.0,0.934430729475427,0.0,0.0,0.06556927052457293,0.0,0.0,0.934430729475427,0.06556927052457293
Gwh,2022,6,0.0,0.0,357.6355,0.0,0.0,11.20925,0.0,0.0,357.6355,11.20925,368.84475,0.0,0.0,0.9696098426234886,0.0,0.0,0.030390157376511396,0.0,0.0,0.9696098426234886,0.030390157376511396
Gwh,2022,7,0.0,0.0,96.768,0.0,0.0,3.264,0.0,0.0,96.768,3.264,100.032,0.0,0.0,0.9673704414587333,0.0,0.0,0.03262955854126679,0.0,0.0,0.9673704414587333,0.03262955854126679
