unit,year,month,coal,gas,oil,nuclear,hydro,wind,solar,other,fossil,low.carbon,total.prod,coal.perc,gas.perc,oil.perc,nuclear.perc,hydro.perc,wind.perc,solar.perc,other.perc,fossil.perc,low.carbon.perc
Gwh,2022,1,0.0,0.0,430.064748,0.0,0.0,24.34225,0.0,0.0,430.064748,24.34225,454.40699800000004,0.0,0.0,0.9464307325654345,0.0,0.0,0.05356926743456534,0.0,0.0,0.9464307325654345,0.05356926743456534
Gwh,2022,2,0.0,0.0,347.538,0.0,0.0,16.8065,0.0,0.0,347.538,16.8065,364.3445,0.0,0.0,0.9538719536043498,0.0,0.0,0.046128046395650275,0.0,0.0,0.9538719536043498,0.046128046395650275
Gwh,2022,3,0.0,0.0,391.9975,0.0,0.0,24.932,0.0,0.0,391.9975,24.932,416.9295,0.0,0.0,0.9402009212588699,0.0,0.0,0.059799078741130086,0.0,0.0,0.9402009212588699,0.059799078741130086
Gwh,2022,4,0.0,0.0,216.958,0.0,0.0,18.455504,0.0,0.0,216.958,18.455504,235.41350400000002,0.0,0.0,0.9216038855612972,0.0,0.0,0.07839611443870272,0.0,0.0,0.9216038855612972,0.07839611443870272
