unit,year,month,coal,oil,gas,nuclear,hydro,wind,solar,other,fossil,low.carbon,total.prod,coal.perc,oil.perc,gas.perc,nuclear.perc,hydro.perc,wind.perc,solar.perc,other.perc,fossil.perc,low.carbon.perc
Gwh,2022,1,0.0,430.178248,0.0,0.0,0.0,24.34225,0.0,0.0,430.178248,24.34225,454.52049800000003,0.0,0.946444109545968,0.0,0.0,0.0,0.05355589045403184,0.0,0.0,0.946444109545968,0.05355589045403184
Gwh,2022,2,0.0,347.538,0.0,0.0,0.0,16.8065,0.0,0.0,347.538,16.8065,364.3445,0.0,0.9538719536043498,0.0,0.0,0.0,0.046128046395650275,0.0,0.0,0.9538719536043498,0.046128046395650275
Gwh,2022,3,0.0,391.9975,0.0,0.0,0.0,24.932,0.0,0.0,391.9975,24.932,416.9295,0.0,0.9402009212588699,0.0,0.0,0.0,0.059799078741130086,0.0,0.0,0.9402009212588699,0.059799078741130086
Gwh,2022,4,0.0,18.334,0.0,0.0,0.0,0.7995,0.0,0.0,18.334,0.7995,19.1335,0.0,0.9582146496981733,0.0,0.0,0.0,0.04178535030182663,0.0,0.0,0.9582146496981733,0.04178535030182663
