unit,year,month,coal,gas,oil,nuclear,hydro,wind,solar,other,fossil,low.carbon,total.prod,coal.perc,gas.perc,oil.perc,nuclear.perc,hydro.perc,wind.perc,solar.perc,other.perc,fossil.perc,low.carbon.perc
Gwh,2022,1,3522.419,521.706,2.791,2589.062,180.1425,84.397,63.98,438.371,4046.916,3355.9525,7402.8685,0.47581812374487,0.07047349280890239,0.00037701601750726765,0.34973767263325023,0.024334148310212456,0.011400580734346424,0.008642595772165884,0.0592163699787454,0.5466686325712797,0.4533313674287204
Gwh,2022,2,2817.769,405.843,3.338,2430.707,152.3735,96.8305,130.055,395.15,3226.95,3205.116,6432.066,0.4380814811290804,0.06309683389442833,0.0005189623365183131,0.37790454886501473,0.02368966674160371,0.015054338683713756,0.020219786301944043,0.06143438204769665,0.5016972773600271,0.49830272263997294
Gwh,2022,3,3502.082,500.7235,2.158,2598.055,180.991,50.41,278.366,446.87,4004.9635,3554.692,7559.6555,0.46325946995865086,0.06623628550269255,0.00028546274363957456,0.3436737295766983,0.023941699459717445,0.006668293283999515,0.03682257743094245,0.059112482043659265,0.529781218204983,0.47021878179501697
Gwh,2022,4,2503.031,313.931,2.319,2410.901,170.061218,56.537,242.515,417.761,2819.281,3297.7752179999998,6117.056218000001,0.40918881743061325,0.05132060076156062,0.0003791039214542657,0.394127651288491,0.027801153355363845,0.009242517640043045,0.0396457039721782,0.06829445163029561,0.4608885221136282,0.5391114778863717
Gwh,2022,5,2299.657,358.9645,3.13,2136.569,155.918282,38.831,321.714,439.315,2661.7515,3092.347282,5754.098782,0.39965546076369046,0.06238413930656083,0.0005439600741285988,0.37131253406417447,0.027096907423234434,0.006748406913254831,0.05591040616236678,0.07634818529258958,0.46258356014437985,0.5374164398556202
Gwh,2022,6,2570.126,444.011,2.308,2238.42,120.315,30.774,323.311,418.612,3016.445,3131.432,6147.877,0.41805097922421025,0.07222184178375722,0.00037541414702994217,0.3640964189752007,0.019570170320583835,0.005005630398916569,0.05258904821940972,0.06809049693089175,0.4906482351549974,0.5093517648450026
Gwh,2022,7,2055.747,236.4315,1.794,1901.188,136.6415,28.119,244.845,303.162,2293.9725,2613.9555,4907.928,0.41886250165039096,0.04817338396162291,0.0003655310346851054,0.3873708008756445,0.027840974847226776,0.0057293016523469785,0.04988765116358675,0.06176985481449605,0.46740141664669893,0.532598583353301
