unit,year,month,coal,gas,oil,nuclear,hydro,wind,solar,other,fossil,low.carbon,total.prod,coal.perc,gas.perc,oil.perc,nuclear.perc,hydro.perc,wind.perc,solar.perc,other.perc,fossil.perc,low.carbon.perc
Gwh,2022,1,3522.419,524.5825,2.791,2589.062,179.7315,84.397,63.98,438.371,4049.7925,3355.5415,7405.334,0.47565970690856074,0.07083846589498867,0.0003768904954185726,0.34962123247918325,0.02427054606855005,0.011396785074110094,0.008639718343561547,0.05919665473562705,0.5468750632989681,0.453124936701032
Gwh,2022,2,2817.769,405.843,3.338,2430.707,152.286,96.8305,130.055,395.15,3226.95,3205.0285,6431.9785,0.4380874407462649,0.06309769225752232,0.0005189693964306628,0.37790968984115847,0.02367638511229476,0.015054543481449759,0.02022006136991907,0.06143521779495997,0.5017041024002179,0.49829589759978204
Gwh,2022,3,3502.082,501.429,2.158,2598.055,180.579,50.41,278.366,446.87,4005.669,3554.28,7559.949,0.46324148483012256,0.06632703474586932,0.0002854516611157033,0.3436603871269502,0.023886272248661997,0.006668034400761169,0.03682114786753191,0.05911018711898718,0.5298539712371075,0.4701460287628925
Gwh,2022,4,2503.031,313.931,2.319,2410.901,170.172,56.537,242.515,417.761,2819.281,3297.886,6117.167,0.4091814070140638,0.05131967134459464,0.0003790970558757019,0.39412051362992045,0.027818759893264315,0.009242350257888986,0.03964498598779467,0.0682932148165973,0.4608801754145342,0.5391198245854657
Gwh,2022,5,2299.657,360.6045,3.13,2136.569,155.476,38.831,321.714,439.315,2663.3915,3091.905,5755.2965,0.3995722896292137,0.06265611163560382,0.0005438468721811291,0.37123526129366224,0.027014420542886015,0.006747002521937836,0.05589877081050472,0.07633229669401045,0.4627722481369987,0.5372277518630013
Gwh,2022,6,2570.126,446.49,2.308,2238.42,119.454,30.774,323.311,418.612,3018.924,3130.571,6149.495,0.417940985397988,0.07260596195297338,0.00037531537142480805,0.3640006211892196,0.01942500969591812,0.005004313362316743,0.052575211460453256,0.06807258156970614,0.49092226272238615,0.5090777372776139
Gwh,2022,7,186.67,16.955,0.298,152.357,14.23625,2.637,20.175,26.328,203.923,215.73325,419.65625,0.4448164420284459,0.04040211482612257,0.0007101049966490431,0.3630519025988532,0.03392359818303671,0.006283714349542036,0.048075061434209546,0.06273706158314096,0.4859286618512175,0.5140713381487825
