unit,year,month,coal,oil,gas,nuclear,hydro,wind,solar,other,fossil,low.carbon,total.prod,coal.perc,oil.perc,gas.perc,nuclear.perc,hydro.perc,wind.perc,solar.perc,other.perc,fossil.perc,low.carbon.perc
Gwh,2022,1,3522.419,2.791,518.7505,2589.062,180.1425,85.399,6.108,444.323,4043.9605,3305.0345,7348.995,0.479306218061109,0.0003797798202339231,0.07058795114161869,0.3523015051717956,0.024512535387491763,0.011620500490203082,0.0008311340530235766,0.06046037587452434,0.5502739490229617,0.4497260509770384
Gwh,2022,2,2817.769,3.338,405.843,2430.707,152.3735,97.768,6.931,400.526,3226.95,3088.3055,6315.2555,0.4461844813721313,0.000528561354326836,0.06426390824567589,0.3848944828914681,0.024127844075350555,0.015481242207856832,0.0010975011224803176,0.06342197873071011,0.510976950972134,0.4890230490278659
Gwh,2022,3,3502.082,2.158,498.5725,2598.055,180.991,50.5385,6.7735,452.822,4002.8125,3289.18,7291.9925,0.480264070485536,0.0002959410613765716,0.06837260186430526,0.35628876469634324,0.02482051373475768,0.006930684583123199,0.0009288956344922186,0.06209852794006576,0.5489326134112178,0.4510673865887821
Gwh,2022,4,1955.938,1.771,243.887,1922.644,131.586029,50.767,7.573,325.981,2201.596,2438.551029,4640.147029,0.4215250050862128,0.000381668940430465,0.05256018795864755,0.41434980141445,0.028358159381074215,0.010940817108319264,0.0016320603534048061,0.07025229975746099,0.4744668619852908,0.5255331380147094
