unit,year,month,coal,gas,oil,nuclear,hydro,wind,solar,other,fossil,low.carbon,total.prod,coal.perc,gas.perc,oil.perc,nuclear.perc,hydro.perc,wind.perc,solar.perc,other.perc,fossil.perc,low.carbon.perc
Gwh,2022,1,3522.419,521.706,2.791,2589.062,179.7315,84.397,63.98,438.371,4046.916,3355.5415,7402.4575,0.4758445421672464,0.07047740564535493,0.00037703695022902863,0.3497570908039661,0.02427997729132521,0.011401213718552251,0.008643075627249463,0.0592196577960765,0.5466989847628304,0.4533010152371695
Gwh,2022,2,2817.769,405.843,3.338,2430.707,152.286,96.8305,130.055,395.15,3226.95,3205.0285,6431.9785,0.4380874407462649,0.06309769225752232,0.0005189693964306628,0.37790968984115847,0.02367638511229476,0.015054543481449759,0.02022006136991907,0.06143521779495997,0.5017041024002179,0.49829589759978204
Gwh,2022,3,3502.082,500.7235,2.158,2598.055,180.579,50.41,278.366,446.87,4004.9635,3554.28,7559.2435,0.4632847189007736,0.0662398955662693,0.00028547830216079165,0.34369246076012766,0.023888501541192583,0.006668656724710614,0.03682458436482434,0.05911570383994113,0.5298100927692037,0.47018990723079634
Gwh,2022,4,2503.031,313.931,2.319,2410.901,170.172,56.537,242.515,417.761,2819.281,3297.886,6117.167,0.4091814070140638,0.05131967134459464,0.0003790970558757019,0.39412051362992045,0.027818759893264315,0.009242350257888986,0.03964498598779467,0.0682932148165973,0.4608801754145342,0.5391198245854657
Gwh,2022,5,2299.657,358.9645,3.13,2136.569,155.476,38.831,321.714,439.315,2661.7515,3091.905,5753.6565,0.3996861821695473,0.062388934758270675,0.0005440018881905793,0.3713410767570153,0.027022120628855756,0.006748925661446769,0.05591470397998212,0.07635405415669148,0.46261911881600853,0.5373808811839914
Gwh,2022,6,1081.338,171.6145,0.812,875.501,49.1355,12.525,131.499,185.991,1253.7645,1254.6515,2508.416,0.43108399882635096,0.06841548610756748,0.00032371026177476143,0.34902544075623815,0.019588258087972647,0.00499319092207991,0.05242312279940807,0.07414679223860796,0.4998231951956932,0.5001768048043067
