unit,year,month,coal,gas,oil,nuclear,hydro,wind,solar,other,fossil,low.carbon,total.prod,coal.perc,gas.perc,oil.perc,nuclear.perc,hydro.perc,wind.perc,solar.perc,other.perc,fossil.perc,low.carbon.perc
Gwh,2022,1,3522.419,524.5825,2.791,2589.062,180.1425,84.397,63.98,438.371,4049.7925,3355.9525,7405.745,0.47563330900537354,0.07083453454041423,0.00037686957895525705,0.34960182939056095,0.02432469657002773,0.011396152581543114,0.00863923886118142,0.05919336947194374,0.546844713124743,0.45315528687525697
Gwh,2022,2,2817.769,405.843,3.338,2430.707,152.3735,96.8305,130.055,395.15,3226.95,3205.116,6432.066,0.4380814811290804,0.06309683389442833,0.0005189623365183131,0.37790454886501473,0.02368966674160371,0.015054338683713756,0.020219786301944043,0.06143438204769665,0.5016972773600271,0.49830272263997294
Gwh,2022,3,3502.082,501.429,2.158,2598.055,180.991,50.41,278.366,446.87,4005.669,3554.692,7560.361,0.4632162406001512,0.06632342027053999,0.00028543610549813694,0.3436416594392781,0.023939465324473264,0.006667671027878166,0.03681914130819944,0.05910696592398167,0.5298250969761894,0.47017490302381065
Gwh,2022,4,2503.031,313.931,2.319,2410.901,170.061218,56.537,242.515,417.761,2819.281,3297.7752179999998,6117.056218000001,0.40918881743061325,0.05132060076156062,0.0003791039214542657,0.394127651288491,0.027801153355363845,0.009242517640043045,0.0396457039721782,0.06829445163029561,0.4608885221136282,0.5391114778863717
Gwh,2022,5,2299.657,360.6045,3.13,2136.569,155.918282,38.831,321.714,439.315,2663.3915,3092.347282,5755.738781999999,0.3995415857286208,0.06265129701989315,0.0005438050819450826,0.37120673486464,0.02708918661972732,0.006746484069332111,0.0558944754418148,0.07632643117402683,0.462736687830459,0.5372633121695412
Gwh,2022,6,2570.126,446.49,2.308,2238.42,120.315,30.774,323.311,418.612,3018.924,3131.432,6150.356,0.41788247704685716,0.07259579770666934,0.0003752628303142127,0.3639496640519671,0.019562282248377166,0.005003612798998952,0.05256785135689706,0.06806305195991907,0.4908535375838407,0.5091464624161594
Gwh,2022,7,1806.64,195.8625,1.624,1711.564,126.723,26.468,212.178,267.438,2004.1265,2344.371,4348.4975,0.4154630421197206,0.04504141947879699,0.0003734623280799862,0.3935989384839246,0.02914178977911336,0.006086700061343027,0.04879340507842076,0.06150124267060059,0.4608779239265976,0.5391220760734023
