unit,year,month,coal,gas,oil,nuclear,hydro,wind,solar,other,fossil,low.carbon,total.prod,coal.perc,gas.perc,oil.perc,nuclear.perc,hydro.perc,wind.perc,solar.perc,other.perc,fossil.perc,low.carbon.perc
Gwh,2022,1,3522.419,518.7505,2.791,2589.062,180.3325,85.399,6.108,444.323,4043.9605,3305.2245,7349.185,0.4792938264583079,0.07058612621671655,0.00037977000170767234,0.352292397048108,0.024537754866696102,0.011620200063000182,0.0008311125655429819,0.06045881277992049,0.5502597226767322,0.44974027732326777
Gwh,2022,2,2817.769,405.843,3.338,2430.707,152.619,97.768,6.931,400.526,3226.95,3088.551,6315.501,0.44616713701731653,0.06426141013990815,0.0005285408077680615,0.3848795210387901,0.02416577877194541,0.015480640411584132,0.0010974584597484823,0.06341951335293906,0.5109570879649927,0.48904291203500716
Gwh,2022,3,3502.082,498.5725,2.158,2598.055,181.107,50.5385,6.7735,452.822,4002.8125,3289.296,7292.1085,0.4802564306331975,0.06837151421978979,0.0002959363536623186,0.3562830969945112,0.02483602650728524,0.006930574332513017,0.0009288808579850396,0.062097540101055816,0.5489238812066496,0.45107611879335036
Gwh,2022,4,2278.208,283.287,2.09,2201.759,153.778,55.155,9.364,381.721,2563.585,2801.777,5365.362,0.42461403349857846,0.052799233304295215,0.00038953569209309636,0.41036541430009754,0.02866125342521157,0.010279828276265423,0.0017452690051482083,0.07114543249831046,0.4778028024949668,0.5221971975050332
