unit,year,month,coal,oil,gas,nuclear,hydro,wind,solar,other,fossil,low.carbon,total.prod,coal.perc,oil.perc,gas.perc,nuclear.perc,hydro.perc,wind.perc,solar.perc,other.perc,fossil.perc,low.carbon.perc
Gwh,2022,1,3522.419,2.791,517.6245,2589.062,180.1425,85.399,6.108,444.323,4042.8345,3305.0345,7347.869,0.47937966776489893,0.0003798380183424609,0.07044552645127451,0.3523554924563843,0.02451629173029623,0.011622281235552786,0.0008312614174259231,0.06046964092582489,0.5502050322345159,0.44979496776548417
Gwh,2022,2,2817.769,3.338,401.7715,2430.707,152.3735,97.768,6.931,400.526,3222.8785,3088.3055,6311.184,0.4464723259534185,0.0005289023422546387,0.06366024188171347,0.3851427877875213,0.024143409540903896,0.015491229537912378,0.0010982091474436493,0.06346289380883206,0.5106614701773866,0.4893385298226133
Gwh,2022,3,3502.082,2.158,498.5725,2598.055,180.991,50.5385,6.7735,452.822,4002.8125,3289.18,7291.9925,0.480264070485536,0.0002959410613765716,0.06837260186430526,0.35628876469634324,0.02482051373475768,0.006930684583123199,0.0009288956344922186,0.06209852794006576,0.5489326134112178,0.4510673865887821
Gwh,2022,4,200.33,0.205,22.902,167.582,11.3955,5.677,0.665,26.838,223.437,212.1575,435.5945,0.45990020535153686,0.00047062118552920203,0.05257642141946237,0.3847201927480719,0.026160798632673277,0.013032763269508682,0.0015266492115947286,0.061612348181623054,0.5129472479565285,0.48705275204347165
