unit,year,month,coal,gas,oil,nuclear,hydro,wind,solar,other,fossil,low.carbon,total.prod,coal.perc,gas.perc,oil.perc,nuclear.perc,hydro.perc,wind.perc,solar.perc,other.perc,fossil.perc,low.carbon.perc
Gwh,2022,1,3522.419,521.706,2.791,2589.062,180.3325,84.397,63.98,438.371,4046.916,3356.1425,7403.0585,0.47580591184035625,0.07047168410191544,0.00037700634136553153,0.34972869659209094,0.02435918884066633,0.011400288137666345,0.008642373959357474,0.059214850186581666,0.5466546022836373,0.45334539771636273
Gwh,2022,2,2817.769,405.843,3.338,2430.707,152.619,96.8305,130.055,395.15,3226.95,3205.3615,6432.3115,0.43806476101165187,0.0630944256975117,0.0005189425294468404,0.37789012550154016,0.023726929269516875,0.015053764109527346,0.020219014579750998,0.06143203730105422,0.5016781292386104,0.4983218707613896
Gwh,2022,3,3502.082,500.7235,2.158,2598.055,181.107,50.41,278.366,446.87,4004.9635,3554.808,7559.7715,0.4632523615297103,0.06623526914801592,0.0002854583633910099,0.3436684561166961,0.023956676468329764,0.006668190963179244,0.036822012411353966,0.05911157499932373,0.5297730890411172,0.4702269109588828
Gwh,2022,4,2503.031,313.931,2.319,2410.901,170.3215,56.537,242.515,417.761,2819.281,3298.0355,6117.3165,0.40917140710309824,0.05131841715235757,0.0003790877911907942,0.3941108817894251,0.027842518856102998,0.009242124385749863,0.03964401711109765,0.06829154581097774,0.4608689120466466,0.5391310879533534
Gwh,2022,5,2299.657,358.9645,3.13,2136.569,156.089,38.831,321.714,439.315,2661.7515,3092.518,5754.2695,0.39964360376238894,0.062382288490311404,0.0005439439358896903,0.3713015179424599,0.027125771568398037,0.006748206701128614,0.05590874740920632,0.07634592019021702,0.46256983618859,0.53743016381141
Gwh,2022,6,2570.126,444.011,2.308,2238.42,120.315,30.774,323.311,418.612,3016.445,3131.432,6147.877,0.41805097922421025,0.07222184178375722,0.00037541414702994217,0.3640964189752007,0.019570170320583835,0.005005630398916569,0.05258904821940972,0.06809049693089175,0.4906482351549974,0.5093517648450026
Gwh,2022,7,1217.78,113.3015,1.205,1139.907,90.1835,20.237,128.753,181.927,1332.2865,1561.0075,2893.294,0.42089742694658755,0.0391600369682445,0.0004164803162070637,0.3939824297150583,0.0311698361798006,0.006994449924549665,0.044500489753201714,0.0628788501963506,0.4604739442310391,0.539526055768961
