unit,year,month,coal,gas,oil,nuclear,hydro,wind,solar,other,fossil,low.carbon,total.prod,coal.perc,gas.perc,oil.perc,nuclear.perc,hydro.perc,wind.perc,solar.perc,other.perc,fossil.perc,low.carbon.perc
Gwh,2022,1,3522.419,518.7505,2.791,2589.062,179.7315,84.397,63.98,444.323,4043.9605,3361.4935,7405.454,0.47565199918870604,0.07004979033020799,0.0003768843881820075,0.3496155671212055,0.024270152781990142,0.011396600397490823,0.008639578343204887,0.05999942744901258,0.5460786739070961,0.453921326092904
Gwh,2022,2,2817.769,405.843,3.338,2430.707,152.286,96.8305,130.055,400.526,3226.95,3210.4045,6437.3545,0.43772158267810163,0.06304499775490072,0.0005185359917649401,0.3775940877576339,0.02365661235527731,0.015041971045714508,0.020203175077588162,0.06221903733901869,0.5012851164247673,0.49871488357523264
Gwh,2022,3,3502.082,498.5725,2.158,2598.055,180.579,50.41,278.366,452.822,4002.8125,3560.232,7563.0445,0.4630518834048907,0.06592219575066628,0.00028533482779322534,0.3435197293894013,0.023876495768337738,0.0066653052219909584,0.03680607723516634,0.05987297840175342,0.5292594139833502,0.47074058601664975
Gwh,2022,4,2503.031,313.931,2.319,2410.901,170.172,56.537,242.515,423.521,2819.281,3303.646,6122.927,0.40879647920022566,0.05127139356716159,0.00037874042920975543,0.39374975399837364,0.02779259004721108,0.00923365573360584,0.039607690896853745,0.0691696961273587,0.460446613196597,0.539553386803403
Gwh,2022,5,362.65,64.805,0.762,346.535,27.380599999999998,1.781,47.441,70.495,428.217,493.63259999999997,921.8496,0.3933938898492769,0.07029888606557946,0.0008265990460916835,0.3759127302327842,0.0297018081908372,0.0019319854345003782,0.051462841660939056,0.07647125951999112,0.46451937496094803,0.5354806250390519
