unit,year,month,coal,oil,gas,nuclear,hydro,wind,solar,other,fossil,low.carbon,total.prod,coal.perc,oil.perc,gas.perc,nuclear.perc,hydro.perc,wind.perc,solar.perc,other.perc,fossil.perc,low.carbon.perc
Gwh,2022,1,626.326,33.149,273.162,0.0,0.0,2314.83,3.079,638.126,932.637,2956.035,3888.672,0.16106423992560956,0.008524503995194246,0.07024557483891672,0.0,0.0,0.5952751993482608,0.000791787016235877,0.16409869487578277,0.23983431875972053,0.7601656812402794
Gwh,2022,2,463.138,29.355,202.396,0.0,0.0,2445.2215,2.4915,547.537,694.889,2995.25,3690.139,0.1255069253488825,0.007954984893522981,0.054847798416265615,0.0,0.0,0.6626366920053689,0.0006751778185049397,0.14837842151745503,0.1883097086586711,0.8116902913413289
Gwh,2022,3,791.598,31.9435,243.084,0.0,0.0,1202.4035,1.893,665.943,1066.6255,1870.2395,2936.865,0.26953843639390984,0.010876734204670628,0.08276989238524754,0.0,0.0,0.4094173549005487,0.0006445648676394728,0.22675301724798383,0.3631850629838281,0.636814937016172
Gwh,2022,4,292.882,16.3495,116.301,0.0,0.0,1128.7785,1.737,359.602,425.5325,1490.1175,1915.65,0.15288909769529924,0.00853470101532117,0.0607109858272649,0.0,0.0,0.5892404666823271,0.0009067418369743951,0.18771800694281313,0.22213478453788532,0.7778652154621147
