unit,year,month,coal,oil,gas,nuclear,hydro,wind,solar,other,fossil,low.carbon,total.prod,coal.perc,oil.perc,gas.perc,nuclear.perc,hydro.perc,wind.perc,solar.perc,other.perc,fossil.perc,low.carbon.perc
Gwh,2022,1,626.326,33.149,273.162,0.0,0.0,2316.0355,3.079,638.126,932.637,2957.2405,3889.8775,0.1610143250012372,0.008521862192318395,0.07022380524836579,0.0,0.0,0.5954006263693393,0.0007915416359512607,0.16404783955278796,0.23975999244192137,0.7602400075580786
Gwh,2022,2,463.138,29.355,202.396,0.0,0.0,2445.2215,2.4915,547.537,694.889,2995.25,3690.139,0.1255069253488825,0.007954984893522981,0.054847798416265615,0.0,0.0,0.6626366920053689,0.0006751778185049397,0.14837842151745503,0.1883097086586711,0.8116902913413289
Gwh,2022,3,791.598,31.9435,243.084,0.0,0.0,1202.4035,1.893,665.943,1066.6255,1870.2395,2936.865,0.26953843639390984,0.010876734204670628,0.08276989238524754,0.0,0.0,0.4094173549005487,0.0006445648676394728,0.22675301724798383,0.3631850629838281,0.636814937016172
Gwh,2022,4,235.72,12.936,92.074,0.0,0.0,1043.3485,1.238,295.546,340.73,1340.1325,1680.8625,0.140237526864928,0.007696048903464739,0.05477782983438562,0.0,0.0,0.6207220995173609,0.0007365266343915698,0.1758299682454692,0.20271140560277834,0.7972885943972217
