unit,year,month,coal,gas,oil,nuclear,hydro,wind,solar,other,fossil,low.carbon,total.prod,coal.perc,gas.perc,oil.perc,nuclear.perc,hydro.perc,wind.perc,solar.perc,other.perc,fossil.perc,low.carbon.perc
Gwh,2022,1,626.326,273.162,33.149,0.0,0.0,2313.6185,34.994,638.126,932.637,2986.7385,3919.3755,0.15980249914814235,0.06969528691496897,0.008457724961540429,0.0,0.0,0.5903028428891286,0.008928463220735037,0.16281318286548455,0.23795551102465173,0.7620444889753482
Gwh,2022,2,463.138,202.396,29.355,0.0,0.0,2444.0865,76.454,547.537,694.889,3068.0775,3762.9665,0.12307789612264684,0.05378628802568399,0.007801026131909492,0.0,0.0,0.6495105656667419,0.02031748090236785,0.1455067431506499,0.18466521028024033,0.8153347897197596
Gwh,2022,3,791.598,243.084,31.9435,0.0,0.0,1202.4035,212.464,665.943,1066.6255,2080.8105,3147.436,0.25150567001203517,0.07723238852195882,0.010149054659093942,0.0,0.0,0.382026354149854,0.06750383486749213,0.21158269778956584,0.33888711319308795,0.661112886806912
Gwh,2022,4,431.926,163.239,23.0165,0.0,0.0,1435.0415,260.809,472.584,618.1815,2168.4345,2786.616,0.15500018660626366,0.05857965360135735,0.008259659745009718,0.0,0.0,0.5149764086619757,0.09359344811053982,0.1695906432748538,0.22183949995263072,0.7781605000473693
Gwh,2022,5,400.598,141.292,24.9135,0.0,0.0,1359.399,284.296,352.877,566.8035,1996.572,2563.3755,0.15627753327594807,0.055119509412491455,0.009719020876964767,0.0,0.0,0.5303159837487719,0.11090688820268431,0.13766106448313953,0.22111606356540428,0.7788839364345956
Gwh,2022,6,277.698,117.264,21.418,0.0,0.0,919.42,290.284,256.072,416.38,1465.776,1882.156,0.14754249913397188,0.06230301845330568,0.011379503080509798,0.0,0.0,0.48849298357840687,0.15422951126261586,0.1360524844911899,0.22122502066778738,0.7787749793322127
Gwh,2022,7,45.366,8.603,1.593,0.0,0.0,110.924,28.972,22.441,55.562,162.337,217.899,0.20819737584844356,0.03948159468377551,0.0073107265292635575,0.0,0.0,0.5090615376848907,0.13296068361947508,0.1029880816341516,0.2549896970614826,0.7450103029385173
