unit,year,month,coal,oil,gas,nuclear,hydro,wind,solar,other,fossil,low.carbon,total.prod,coal.perc,oil.perc,gas.perc,nuclear.perc,hydro.perc,wind.perc,solar.perc,other.perc,fossil.perc,low.carbon.perc
Gwh,2022,1,626.326,33.149,273.162,0.0,0.0,2314.83,3.079,638.126,932.637,2956.035,3888.672,0.16106423992560956,0.008524503995194246,0.07024557483891672,0.0,0.0,0.5952751993482608,0.000791787016235877,0.16409869487578277,0.23983431875972053,0.7601656812402794
Gwh,2022,2,463.138,29.355,202.396,0.0,0.0,2445.2215,2.4915,547.537,694.889,2995.25,3690.139,0.1255069253488825,0.007954984893522981,0.054847798416265615,0.0,0.0,0.6626366920053689,0.0006751778185049397,0.14837842151745503,0.1883097086586711,0.8116902913413289
Gwh,2022,3,791.598,31.9435,243.084,0.0,0.0,1202.4035,1.893,665.943,1066.6255,1870.2395,2936.865,0.26953843639390984,0.010876734204670628,0.08276989238524754,0.0,0.0,0.4094173549005487,0.0006445648676394728,0.22675301724798383,0.3631850629838281,0.636814937016172
Gwh,2022,4,86.01,4.893,28.921,0.0,0.0,565.079,0.06,114.961,119.824,680.1,799.924,0.10752271465789251,0.006116831098954401,0.03615468469504603,0.0,0.0,0.7064158595066531,7.500712567693931e-05,0.143714902915777,0.14979423045189294,0.8502057695481071
