unit,year,month,coal,oil,gas,nuclear,hydro,wind,solar,other,fossil,low.carbon,total.prod,coal.perc,oil.perc,gas.perc,nuclear.perc,hydro.perc,wind.perc,solar.perc,other.perc,fossil.perc,low.carbon.perc
Gwh,2022,1,626.326,33.149,273.162,0.0,0.0,2314.314,3.079,638.126,932.637,2955.519,3888.156,0.16108561487759238,0.008525635288296047,0.07025489718005141,0.0,0.0,0.5952214880267149,0.0007918920948645065,0.1641204725324807,0.2398661473459398,0.7601338526540601
Gwh,2022,2,463.138,29.355,202.396,0.0,0.0,2445.2215,2.4915,547.537,694.889,2995.25,3690.139,0.1255069253488825,0.007954984893522981,0.054847798416265615,0.0,0.0,0.6626366920053689,0.0006751778185049397,0.14837842151745503,0.1883097086586711,0.8116902913413289
Gwh,2022,3,791.598,31.9435,243.084,0.0,0.0,1202.4035,1.893,665.943,1066.6255,1870.2395,2936.865,0.26953843639390984,0.010876734204670628,0.08276989238524754,0.0,0.0,0.4094173549005487,0.0006445648676394728,0.22675301724798383,0.3631850629838281,0.636814937016172
Gwh,2022,4,36.454,1.465,11.25,0.0,0.0,74.751,0.03,35.858,49.169,110.639,159.808,0.22811123348017623,0.00916725070084101,0.07039697637164598,0.0,0.0,0.4677550560672808,0.00018772527032438928,0.22438175810973168,0.3076754605526632,0.6923245394473369
