unit,year,month,coal,gas,oil,nuclear,hydro,wind,solar,other,fossil,low.carbon,total.prod,coal.perc,gas.perc,oil.perc,nuclear.perc,hydro.perc,wind.perc,solar.perc,other.perc,fossil.perc,low.carbon.perc
Gwh,2022,1,626.326,273.162,33.149,0.0,0.0,2314.646,3.079,638.126,932.637,2955.851,3888.488,0.1610718613507358,0.0702488988007678,0.00852490736759378,0.0,0.0,0.595256048109188,0.0007918244829352696,0.1641064598887794,0.2398456675190974,0.7601543324809027
Gwh,2022,2,463.138,202.396,29.355,0.0,0.0,2445.2215,2.4915,547.537,694.889,2995.25,3690.139,0.1255069253488825,0.054847798416265615,0.007954984893522981,0.0,0.0,0.6626366920053689,0.0006751778185049397,0.14837842151745503,0.1883097086586711,0.8116902913413289
Gwh,2022,3,791.598,243.084,31.9435,0.0,0.0,1202.4035,1.893,665.943,1066.6255,1870.2395,2936.865,0.26953843639390984,0.08276989238524754,0.010876734204670628,0.0,0.0,0.4094173549005487,0.0006445648676394728,0.22675301724798383,0.3631850629838281,0.636814937016172
Gwh,2022,4,431.926,163.239,23.0165,0.0,0.0,1436.3845,2.0615,472.584,618.1815,1911.03,2529.2115,0.17077496286886248,0.0645414588696912,0.009100267019978361,0.0,0.0,0.5679179064305219,0.0008150761610881495,0.18685032864985787,0.2444166887585321,0.7555833112414679
