unit,year,month,coal,gas,oil,nuclear,hydro,wind,solar,other,fossil,low.carbon,total.prod,coal.perc,gas.perc,oil.perc,nuclear.perc,hydro.perc,wind.perc,solar.perc,other.perc,fossil.perc,low.carbon.perc
Gwh,2022,1,626.326,273.162,33.149,0.0,0.0,2316.0355,34.994,638.126,932.637,2989.1555,3921.7925,0.15970401289716374,0.06965233372239861,0.008452512467194528,0.0,0.0,0.590555339172075,0.008922960610486148,0.16271284113068193,0.23780885908675686,0.762191140913243
Gwh,2022,2,463.138,202.396,29.355,0.0,0.0,2445.2215,76.454,547.537,694.889,3069.2125,3764.1015,0.12304078410212901,0.053770069696579645,0.007798673866791317,0.0,0.0,0.649616249721215,0.02031135451581207,0.14546286809747294,0.18460952766549998,0.8153904723345
Gwh,2022,3,791.598,243.084,31.9435,0.0,0.0,1202.4035,212.464,665.943,1066.6255,2080.8105,3147.436,0.25150567001203517,0.07723238852195882,0.010149054659093942,0.0,0.0,0.382026354149854,0.06750383486749213,0.21158269778956584,0.33888711319308795,0.661112886806912
Gwh,2022,4,431.926,163.239,23.0165,0.0,0.0,1436.3995,260.809,472.584,618.1815,2169.7925,2787.974,0.1549246872460073,0.05855111991718717,0.008255636530326323,0.0,0.0,0.5152126598024228,0.09354785948505977,0.16950803701899658,0.22173144369352082,0.7782685563064792
Gwh,2022,5,350.324,126.903,22.1505,0.0,0.0,1309.792,262.839,312.033,499.3775,1884.664,2384.0415,0.14694542859258114,0.053230197544799455,0.009291155376280153,0.0,0.0,0.5493998321757403,0.11024933919984195,0.1308840471107571,0.20946678151366074,0.7905332184863393
