unit,year,month,coal,oil,gas,nuclear,hydro,wind,solar,other,fossil,low.carbon,total.prod,coal.perc,oil.perc,gas.perc,nuclear.perc,hydro.perc,wind.perc,solar.perc,other.perc,fossil.perc,low.carbon.perc
Gwh,2022,1,626.326,33.149,273.162,0.0,0.0,2316.0355,3.079,638.126,932.637,2957.2405,3889.8775,0.1610143250012372,0.008521862192318395,0.07022380524836579,0.0,0.0,0.5954006263693393,0.0007915416359512607,0.16404783955278796,0.23975999244192137,0.7602400075580786
Gwh,2022,2,463.138,29.355,202.396,0.0,0.0,2445.2215,2.4915,547.537,694.889,2995.25,3690.139,0.1255069253488825,0.007954984893522981,0.054847798416265615,0.0,0.0,0.6626366920053689,0.0006751778185049397,0.14837842151745503,0.1883097086586711,0.8116902913413289
Gwh,2022,3,791.598,31.9435,243.084,0.0,0.0,1202.4035,1.893,665.943,1066.6255,1870.2395,2936.865,0.26953843639390984,0.010876734204670628,0.08276989238524754,0.0,0.0,0.4094173549005487,0.0006445648676394728,0.22675301724798383,0.3631850629838281,0.636814937016172
Gwh,2022,4,315.07,17.7585,124.672,0.0,0.0,1258.1835,1.883,372.998,457.5005,1633.0645,2090.565,0.15071045387251772,0.008494593566810886,0.0596355530681897,0.0,0.0,0.6018389765446184,0.0009007134434949404,0.17841970950436842,0.2188406005075183,0.7811593994924817
