unit,year,month,coal,gas,oil,nuclear,hydro,wind,solar,other,fossil,low.carbon,total.prod,coal.perc,gas.perc,oil.perc,nuclear.perc,hydro.perc,wind.perc,solar.perc,other.perc,fossil.perc,low.carbon.perc
Gwh,2022,1,626.326,273.162,33.149,0.0,0.0,2314.314,34.994,638.126,932.637,2987.434,3920.071,0.15977414694784867,0.0696829215593289,0.008456224389813348,0.0,0.0,0.5903755314635882,0.008926879130505544,0.16278429650891527,0.2379132928969909,0.7620867071030092
Gwh,2022,2,463.138,202.396,29.355,0.0,0.0,2445.2215,76.454,547.537,694.889,3069.2125,3764.1015,0.12304078410212901,0.053770069696579645,0.007798673866791317,0.0,0.0,0.649616249721215,0.02031135451581207,0.14546286809747294,0.18460952766549998,0.8153904723345
Gwh,2022,3,791.598,243.084,31.9435,0.0,0.0,1202.4035,212.464,665.943,1066.6255,2080.8105,3147.436,0.25150567001203517,0.07723238852195882,0.010149054659093942,0.0,0.0,0.382026354149854,0.06750383486749213,0.21158269778956584,0.33888711319308795,0.661112886806912
Gwh,2022,4,431.926,163.239,23.0165,0.0,0.0,1436.3845,260.809,472.584,618.1815,2169.7775,2787.959,0.1549255207842009,0.05855143493860563,0.008255680947962292,0.0,0.0,0.5152100515108006,0.09354836279873557,0.16950894901969507,0.22173263667076887,0.7782673633292313
Gwh,2022,5,400.598,141.292,24.9135,0.0,0.0,1359.399,284.296,352.877,566.8035,1996.572,2563.3755,0.15627753327594807,0.055119509412491455,0.009719020876964767,0.0,0.0,0.5303159837487719,0.11090688820268431,0.13766106448313953,0.22111606356540428,0.7788839364345956
Gwh,2022,6,277.698,117.264,21.418,0.0,0.0,919.42,290.284,256.072,416.38,1465.776,1882.156,0.14754249913397188,0.06230301845330568,0.011379503080509798,0.0,0.0,0.48849298357840687,0.15422951126261586,0.1360524844911899,0.22122502066778738,0.7787749793322127
Gwh,2022,7,145.2825,48.889,8.231,0.0,0.0,846.393,153.1285,107.5555,202.4025,1107.077,1309.4795,0.1109467540347138,0.03733468145167603,0.006285703594443442,0.0,0.0,0.6463583431432108,0.11693844768092972,0.08213607009502631,0.15456713908083328,0.8454328609191668
