unit,year,month,coal,gas,oil,nuclear,hydro,wind,solar,other,fossil,low.carbon,total.prod,coal.perc,gas.perc,oil.perc,nuclear.perc,hydro.perc,wind.perc,solar.perc,other.perc,fossil.perc,low.carbon.perc
Gwh,2022,1,626.326,273.162,33.149,0.0,0.0,2314.314,34.994,638.126,932.637,2987.434,3920.071,0.15977414694784867,0.0696829215593289,0.008456224389813348,0.0,0.0,0.5903755314635882,0.008926879130505544,0.16278429650891527,0.2379132928969909,0.7620867071030092
Gwh,2022,2,463.138,202.396,29.355,0.0,0.0,2445.2215,76.454,547.537,694.889,3069.2125,3764.1015,0.12304078410212901,0.053770069696579645,0.007798673866791317,0.0,0.0,0.649616249721215,0.02031135451581207,0.14546286809747294,0.18460952766549998,0.8153904723345
Gwh,2022,3,791.598,243.084,31.9435,0.0,0.0,1202.4035,212.464,665.943,1066.6255,2080.8105,3147.436,0.25150567001203517,0.07723238852195882,0.010149054659093942,0.0,0.0,0.382026354149854,0.06750383486749213,0.21158269778956584,0.33888711319308795,0.661112886806912
Gwh,2022,4,431.926,163.239,23.0165,0.0,0.0,1436.3845,260.809,472.584,618.1815,2169.7775,2787.959,0.1549255207842009,0.05855143493860563,0.008255680947962292,0.0,0.0,0.5152100515108006,0.09354836279873557,0.16950894901969507,0.22173263667076887,0.7782673633292313
Gwh,2022,5,120.457,42.763,6.354,0.0,0.0,218.056,79.164,113.175,169.574,410.395,579.969,0.20769558372947516,0.07373325125998113,0.010955757980167905,0.0,0.0,0.37597871610379174,0.13649695069908907,0.1951397402274949,0.2923845929696242,0.7076154070303756
