unit,year,month,coal,gas,oil,nuclear,hydro,wind,solar,other,fossil,low.carbon,total.prod,coal.perc,gas.perc,oil.perc,nuclear.perc,hydro.perc,wind.perc,solar.perc,other.perc,fossil.perc,low.carbon.perc
Gwh,2022,1,626.326,273.162,33.149,0.0,0.0,2314.314,34.994,638.126,932.637,2987.434,3920.071,0.15977414694784867,0.0696829215593289,0.008456224389813348,0.0,0.0,0.5903755314635882,0.008926879130505544,0.16278429650891527,0.2379132928969909,0.7620867071030092
Gwh,2022,2,463.138,202.396,29.355,0.0,0.0,2444.878,76.454,547.537,694.889,3068.869,3763.758,0.12305201343975888,0.05377497703093557,0.00779938561405914,0.0,0.0,0.6495842718899568,0.020313208234960908,0.14547614379032872,0.1846263760847536,0.8153736239152465
Gwh,2022,3,791.598,243.084,31.9435,0.0,0.0,1202.4035,212.464,665.943,1066.6255,2080.8105,3147.436,0.25150567001203517,0.07723238852195882,0.010149054659093942,0.0,0.0,0.382026354149854,0.06750383486749213,0.21158269778956584,0.33888711319308795,0.661112886806912
Gwh,2022,4,431.926,163.239,23.0165,0.0,0.0,1435.9975,260.809,472.584,618.1815,2169.3905,2787.572,0.15494702917090572,0.058559563663288336,0.008256827088233058,0.0,0.0,0.5151427478823865,0.09356135016422895,0.1695324820309574,0.22176341992242712,0.7782365800775728
Gwh,2022,5,400.598,141.292,24.9135,0.0,0.0,1359.399,284.296,352.877,566.8035,1996.572,2563.3755,0.15627753327594807,0.055119509412491455,0.009719020876964767,0.0,0.0,0.5303159837487719,0.11090688820268431,0.13766106448313953,0.22111606356540428,0.7788839364345956
Gwh,2022,6,277.698,117.264,21.418,0.0,0.0,919.42,290.284,256.072,416.38,1465.776,1882.156,0.14754249913397188,0.06230301845330568,0.011379503080509798,0.0,0.0,0.48849298357840687,0.15422951126261586,0.1360524844911899,0.22122502066778738,0.7787749793322127
Gwh,2022,7,92.2025,24.785,4.314,0.0,0.0,427.789,79.5805,56.8615,121.3015,564.231,685.5325,0.13449763505012527,0.03615437634247829,0.006292918278856217,0.0,0.0,0.6240243897991706,0.11608567062830719,0.08294500990106231,0.17694492967145978,0.8230550703285402
