unit,year,month,coal,gas,oil,nuclear,hydro,wind,solar,other,fossil,low.carbon,total.prod,coal.perc,gas.perc,oil.perc,nuclear.perc,hydro.perc,wind.perc,solar.perc,other.perc,fossil.perc,low.carbon.perc
Gwh,2022,1,34.345,1.556,461.582,0.0,2.232,95.114,0.541,56.935,497.483,154.822,652.305,0.0526517503315167,0.002385387203838695,0.7076168356826945,0.0,0.0034217122358405965,0.1458121584228237,0.0008293666306405747,0.08728278949264533,0.76265397321805,0.2373460267819502
Gwh,2022,2,23.983,1.343,280.164,0.0,2.016,90.72,0.46,59.593,305.49,152.789,458.279,0.052332749264094584,0.002930529219100155,0.6113393805956633,0.0,0.004399066943935899,0.19795801247711547,0.0010037553542710882,0.13003650614581946,0.6666026590788581,0.3333973409211419
Gwh,2022,3,20.512,1.487,479.082,0.0,2.23,62.7195,0.8165,78.8945,501.081,144.6605,645.7415,0.03176503291177662,0.002302779053227956,0.7419098818954644,0.0,0.0034533942761925634,0.09712787547338989,0.0012644378594220754,0.12217659853052652,0.775977693860469,0.22402230613953109
Gwh,2022,4,30.172,2.120033,212.7355,0.0,1.944,59.844,0.7455,72.375,245.027533,134.9085,379.936033,0.07941336798660525,0.005579973510962041,0.5599245176095209,0.0,0.005116650781053978,0.15751072496985302,0.0019621724060060394,0.1904925927359988,0.6449178591070882,0.35508214089291185
