unit,year,month,coal,oil,gas,nuclear,hydro,wind,solar,other,fossil,low.carbon,total.prod,coal.perc,oil.perc,gas.perc,nuclear.perc,hydro.perc,wind.perc,solar.perc,other.perc,fossil.perc,low.carbon.perc
Gwh,2022,1,34.345,461.582,1.556,0.0,2.232,95.114,0.541,56.935,497.483,154.822,652.305,0.0526517503315167,0.7076168356826945,0.002385387203838695,0.0,0.0034217122358405965,0.1458121584228237,0.0008293666306405747,0.08728278949264533,0.76265397321805,0.2373460267819502
Gwh,2022,2,23.983,280.164,1.343,0.0,2.016,90.72,0.46,59.593,305.49,152.789,458.279,0.052332749264094584,0.6113393805956633,0.002930529219100155,0.0,0.004399066943935899,0.19795801247711547,0.0010037553542710882,0.13003650614581946,0.6666026590788581,0.3333973409211419
Gwh,2022,3,20.512,479.082,1.487,0.0,2.23,62.7195,0.73,78.8945,501.081,144.574,645.655,0.031769288551935636,0.7420092774004693,0.0023030875622429936,0.0,0.0034538569359797416,0.09714088793550735,0.0011306347817332785,0.12219296683213171,0.776081653514648,0.2239183464853521
Gwh,2022,4,4.494,62.351,0.336,0.0,0.504,9.663,0.045,18.751,67.181,28.963,96.144,0.04674238642036944,0.6485168081211515,0.003494757863205192,0.0,0.005242136794807788,0.10050549176235646,0.0004680479281078382,0.19503037111000165,0.6987539524047262,0.30124604759527374
