unit,year,month,coal,gas,oil,nuclear,hydro,wind,solar,other,fossil,low.carbon,total.prod,coal.perc,gas.perc,oil.perc,nuclear.perc,hydro.perc,wind.perc,solar.perc,other.perc,fossil.perc,low.carbon.perc
Gwh,2022,1,34.345,1.556,461.582,0.0,2.232,95.112,2.56,56.935,497.483,156.839,654.322,0.052489447091798834,0.002378034056626554,0.705435550080847,0.0,0.003411164533669967,0.14535962416058149,0.0039124467769691374,0.08701373329950697,0.7603030312292725,0.23969696877072755
Gwh,2022,2,23.983,1.343,280.164,0.0,2.016,90.594,10.644,59.593,305.49,162.847,468.337,0.0512088517456447,0.0028675932074553154,0.5982102631224951,0.0,0.004304592633082588,0.1934376314491488,0.02272722419966819,0.1272438436425053,0.6522867080755952,0.34771329192440487
Gwh,2022,3,20.512,1.487,479.082,0.0,2.23,62.7015,53.321,78.8945,501.081,197.147,698.228,0.029377223485738187,0.0021296768390840818,0.6861397709630666,0.0,0.0031937991601597186,0.08980089598240118,0.07636617265420464,0.1129924609153457,0.7176466712878888,0.2823533287121112
Gwh,2022,4,34.5815,2.527,239.348,0.0,2.16,63.564,61.0845,89.510141,276.4565,216.318641,492.775141,0.07017703841517443,0.005128099592994688,0.4857144366379472,0.0,0.004383337997969342,0.12899189652913112,0.12396018978562881,0.18164500104115439,0.5610195746461163,0.4389804253538837
Gwh,2022,5,34.884,1.441,304.147,0.0,2.214,48.938,73.724,186.373359,340.472,311.24935899999997,651.7213589999999,0.053525942518633955,0.002211067628980379,0.4666825719302535,0.0,0.00339715734251392,0.07509037309301997,0.1131219638299441,0.28597092365665433,0.5224195820778678,0.4775804179221323
Gwh,2022,6,39.3435,1.892,276.758,0.0,1.872,31.439,87.139,144.392,317.9935,264.842,582.8355,0.06750360950902956,0.003246198970378434,0.4748475341670162,0.0,0.003211883970691559,0.05394146375778414,0.14950873788573274,0.24774057173936725,0.5455973426464242,0.4544026573535757
Gwh,2022,7,3.985,0.234,35.679,0.0,0.206,3.428,12.853,20.016,39.898,36.503,76.401,0.052159003154408974,0.0030627871362940277,0.4669965052813445,0.0,0.002696299786652007,0.044868522663315924,0.16823078231960314,0.26198609965838143,0.5222182955720476,0.47778170442795254
