unit,year,month,coal,gas,oil,nuclear,hydro,wind,solar,other,fossil,low.carbon,total.prod,coal.perc,gas.perc,oil.perc,nuclear.perc,hydro.perc,wind.perc,solar.perc,other.perc,fossil.perc,low.carbon.perc
Gwh,2022,1,34.345,1.556,461.582,0.0,2.232,94.836,2.56,56.935,497.483,156.563,654.046,0.052511597043633014,0.002379037560049293,0.7057332358886071,0.0,0.00341260400644603,0.14499897560722028,0.003914097785171073,0.08705045210887308,0.7606238704922895,0.23937612950771042
Gwh,2022,2,23.983,1.343,280.164,0.0,2.016,90.3225,10.644,59.593,305.49,162.5755,468.0655,0.051238555287668075,0.0028692565463594305,0.5985572532049467,0.0,0.00430708949922607,0.19296978734813827,0.022740407058413833,0.12731765105524762,0.6526650650389743,0.3473349349610258
Gwh,2022,3,20.512,1.487,479.082,0.0,2.23,62.562,53.321,78.8945,501.081,197.0075,698.0885,0.029383093977339552,0.002130102415381431,0.6862768832318539,0.0,0.0031944373815067863,0.08961900962413792,0.07638143301314948,0.113015040356631,0.7177900796245749,0.2822099203754252
Gwh,2022,4,34.5815,2.527,239.348,0.0,2.16,63.212,61.0845,89.510141,276.4565,215.966641,492.423141,0.07022720323373267,0.0051317653245707235,0.4860616410389211,0.0,0.004386471349850717,0.12836927174387203,0.12404880054164635,0.18177484676740652,0.5614206095972245,0.4385793904027756
Gwh,2022,5,34.884,1.441,304.147,0.0,2.214,48.938,73.724,186.373359,340.472,311.24935899999997,651.7213589999999,0.053525942518633955,0.002211067628980379,0.4666825719302535,0.0,0.00339715734251392,0.07509037309301997,0.1131219638299441,0.28597092365665433,0.5224195820778678,0.4775804179221323
Gwh,2022,6,39.3435,1.892,276.758,0.0,1.872,31.439,87.139,144.392,317.9935,264.842,582.8355,0.06750360950902956,0.003246198970378434,0.4748475341670162,0.0,0.003211883970691559,0.05394146375778414,0.14950873788573274,0.24774057173936725,0.5455973426464242,0.4544026573535757
Gwh,2022,7,12.5425,0.999,137.9855,0.0,0.7,11.065,36.7625,73.365,151.527,121.8925,273.4195,0.04587273402226249,0.0036537262338640804,0.504665907150002,0.0,0.002560168532237093,0.04046894972743348,0.13445456523766594,0.2683239490965348,0.5541923674061285,0.4458076325938713
