unit,year,month,coal,gas,oil,nuclear,hydro,wind,solar,other,fossil,low.carbon,total.prod,coal.perc,gas.perc,oil.perc,nuclear.perc,hydro.perc,wind.perc,solar.perc,other.perc,fossil.perc,low.carbon.perc
Gwh,2022,1,34.345,1.556,461.582,0.0,2.232,94.836,2.56,56.935,497.483,156.563,654.046,0.052511597043633014,0.002379037560049293,0.7057332358886071,0.0,0.00341260400644603,0.14499897560722028,0.003914097785171073,0.08705045210887308,0.7606238704922895,0.23937612950771042
Gwh,2022,2,23.983,1.343,280.164,0.0,2.016,90.3225,10.644,59.593,305.49,162.5755,468.0655,0.051238555287668075,0.0028692565463594305,0.5985572532049467,0.0,0.00430708949922607,0.19296978734813827,0.022740407058413833,0.12731765105524762,0.6526650650389743,0.3473349349610258
Gwh,2022,3,20.512,1.487,479.082,0.0,2.23,62.562,53.321,78.8945,501.081,197.0075,698.0885,0.029383093977339552,0.002130102415381431,0.6862768832318539,0.0,0.0031944373815067863,0.08961900962413792,0.07638143301314948,0.113015040356631,0.7177900796245749,0.2822099203754252
Gwh,2022,4,34.5815,2.527,239.348,0.0,2.16,63.212,61.0845,89.510141,276.4565,215.966641,492.423141,0.07022720323373267,0.0051317653245707235,0.4860616410389211,0.0,0.004386471349850717,0.12836927174387203,0.12404880054164635,0.18177484676740652,0.5614206095972245,0.4385793904027756
Gwh,2022,5,34.884,1.441,304.147,0.0,2.214,48.938,73.724,186.373359,340.472,311.24935899999997,651.7213589999999,0.053525942518633955,0.002211067628980379,0.4666825719302535,0.0,0.00339715734251392,0.07509037309301997,0.1131219638299441,0.28597092365665433,0.5224195820778678,0.4775804179221323
Gwh,2022,6,39.3435,1.892,276.758,0.0,1.872,31.439,79.71,144.393699,317.9935,257.414699,575.408199,0.06837493811936454,0.003288100522877673,0.48097680999502057,0.0,0.003253342589232032,0.05463773379426594,0.13852774454470365,0.2509413304345356,0.5526398486372628,0.44736015136273716
Gwh,2022,7,20.6745,1.896,221.303,0.0,1.352,23.54,64.9315,133.256301,243.8735,223.079801,466.95330099999995,0.04427530538005555,0.0040603632010730775,0.4739296189277823,0.0,0.0028953644767145572,0.050411893329778606,0.13905351961523024,0.2853739350693658,0.522265287508911,0.4777347124910892
