unit,year,month,coal,gas,oil,nuclear,hydro,wind,solar,other,fossil,low.carbon,total.prod,coal.perc,gas.perc,oil.perc,nuclear.perc,hydro.perc,wind.perc,solar.perc,other.perc,fossil.perc,low.carbon.perc
Gwh,2022,1,34.345,1.556,461.582,0.0,2.232,95.114,0.541,56.935,497.483,154.822,652.305,0.0526517503315167,0.002385387203838695,0.7076168356826945,0.0,0.0034217122358405965,0.1458121584228237,0.0008293666306405747,0.08728278949264533,0.76265397321805,0.2373460267819502
Gwh,2022,2,23.983,1.343,280.164,0.0,2.016,90.72,0.46,59.593,305.49,152.789,458.279,0.052332749264094584,0.002930529219100155,0.6113393805956633,0.0,0.004399066943935899,0.19795801247711547,0.0010037553542710882,0.13003650614581946,0.6666026590788581,0.3333973409211419
Gwh,2022,3,20.512,1.487,479.082,0.0,2.23,62.7195,0.8165,78.8945,501.081,144.6605,645.7415,0.03176503291177662,0.002302779053227956,0.7419098818954644,0.0,0.0034533942761925634,0.09712787547338989,0.0012644378594220754,0.12217659853052652,0.775977693860469,0.22402230613953109
Gwh,2022,4,25.6145,1.7475,158.3485,0.0,1.728,56.0475,0.6685,62.2465,185.7105,120.6905,306.401,0.08359796475860065,0.005703310367786006,0.5168015117444134,0.0,0.005639668277845046,0.18292205312645846,0.0021817813910529013,0.20315371033384355,0.6061027868708,0.39389721312919995
