unit,year,month,coal,gas,oil,nuclear,hydro,wind,solar,other,fossil,low.carbon,total.prod,coal.perc,gas.perc,oil.perc,nuclear.perc,hydro.perc,wind.perc,solar.perc,other.perc,fossil.perc,low.carbon.perc
Gwh,2022,1,34.345,1.556,461.582,0.0,2.232,95.114,2.56,56.935,497.483,156.841,654.324,0.05248928665309541,0.0023780267879521463,0.7054333938538094,0.0,0.003411154107139583,0.145362236445553,0.003912434818224611,0.08701346733422587,0.760300707294857,0.23969929270514304
Gwh,2022,2,23.983,1.343,280.164,0.0,2.016,90.72,10.644,59.593,305.49,162.973,468.463,0.0511950783733187,0.0028668219261713305,0.598049365691634,0.0,0.004303434849710649,0.1936545682369792,0.02272111137912706,0.1272096195430589,0.6521112659911241,0.3478887340088758
Gwh,2022,3,20.512,1.487,479.082,0.0,2.23,62.7195,53.321,78.8945,501.081,197.165,698.246,0.02937646617381267,0.0021296219383999337,0.6861220830480949,0.0,0.0031937168275937133,0.08982435989608246,0.07636420401978672,0.11298954809622969,0.7176281711603074,0.2823718288396926
Gwh,2022,4,34.5815,2.527,239.348,0.0,2.16,63.564,61.0845,89.510141,276.4565,216.318641,492.775141,0.07017703841517443,0.005128099592994688,0.4857144366379472,0.0,0.004383337997969342,0.12899189652913112,0.12396018978562881,0.18164500104115439,0.5610195746461163,0.4389804253538837
Gwh,2022,5,34.884,1.441,304.147,0.0,2.214,48.938,73.724,186.373359,340.472,311.24935899999997,651.7213589999999,0.053525942518633955,0.002211067628980379,0.4666825719302535,0.0,0.00339715734251392,0.07509037309301997,0.1131219638299441,0.28597092365665433,0.5224195820778678,0.4775804179221323
Gwh,2022,6,35.1805,1.621,224.217,0.0,1.664,29.096,74.283,115.5555,261.0185,220.5985,481.617,0.0730466324901322,0.0033657449799321866,0.465550426999047,0.0,0.003455027542632423,0.060413149868048674,0.154236665233993,0.23993235288621453,0.5419628044691114,0.4580371955308886
