unit,year,month,coal,gas,oil,nuclear,hydro,wind,solar,other,fossil,low.carbon,total.prod,coal.perc,gas.perc,oil.perc,nuclear.perc,hydro.perc,wind.perc,solar.perc,other.perc,fossil.perc,low.carbon.perc
Gwh,2022,1,34.345,1.556,461.582,0.0,2.232,95.114,0.541,56.935,497.483,154.822,652.305,0.0526517503315167,0.002385387203838695,0.7076168356826945,0.0,0.0034217122358405965,0.1458121584228237,0.0008293666306405747,0.08728278949264533,0.76265397321805,0.2373460267819502
Gwh,2022,2,23.983,1.343,280.164,0.0,2.016,90.72,0.46,59.593,305.49,152.789,458.279,0.052332749264094584,0.002930529219100155,0.6113393805956633,0.0,0.004399066943935899,0.19795801247711547,0.0010037553542710882,0.13003650614581946,0.6666026590788581,0.3333973409211419
Gwh,2022,3,20.512,1.487,479.082,0.0,2.23,62.7195,0.8165,78.8945,501.081,144.6605,645.7415,0.03176503291177662,0.002302779053227956,0.7419098818954644,0.0,0.0034533942761925634,0.09712787547338989,0.0012644378594220754,0.12217659853052652,0.775977693860469,0.22402230613953109
Gwh,2022,4,34.5815,2.527,239.348,0.0,2.16,63.564,0.8305,89.51,276.4565,156.0645,432.521,0.07995334330587416,0.00584249088483565,0.5533789110817741,0.0,0.004993977171050655,0.14696165041697398,0.0019201379817396149,0.20694948915775188,0.6391747452724839,0.36082525472751614
Gwh,2022,5,1.557,0.144,4.518,0.0,0.072,0.749,0.0425,3.528,6.219,4.3915,10.6105,0.14674143537062342,0.013571462230809104,0.4258046274916356,0.0,0.006785731115404552,0.07059045285330569,0.004005466283398521,0.33250082465482306,0.5861175250930682,0.4138824749069318
