unit,year,month,coal,gas,oil,nuclear,hydro,wind,solar,other,fossil,low.carbon,total.prod,coal.perc,gas.perc,oil.perc,nuclear.perc,hydro.perc,wind.perc,solar.perc,other.perc,fossil.perc,low.carbon.perc
Gwh,2022,1,989.36,233.541,0.744,2082.313,1114.45,969.1905,0.0,622.344,1223.645,4788.2975,6011.9425,0.1645657788643188,0.038846179916058744,0.00012375367861552236,0.3463627604555433,0.1853726977595012,0.16121087319115246,0.0,0.10351795613481002,0.20353571245899307,0.7964642875410068
Gwh,2022,2,843.484,175.933,0.672,1879.961,1021.547,809.779546,0.0,555.039,1020.089,4266.326546,5286.415546,0.15955688550405908,0.03328020630786787,0.00012711827024428172,0.3556211167361757,0.1932400113292191,0.1531812130457139,0.0,0.10499344880672004,0.19296421008217124,0.8070357899178288
Gwh,2022,3,770.349,179.134,0.744,2130.74254,1076.221,911.570454,0.0,572.039,950.227,4690.572994,5640.799994,0.13656733102031698,0.03175684303477185,0.0001318961850786018,0.3777376510896373,0.19079226371166388,0.16160304477549609,0.0,0.10141097018303535,0.16845607024016743,0.8315439297598326
Gwh,2022,4,649.511,109.382,0.72,2014.806548,1103.447,610.2915,0.0,526.718,759.613,4255.263048000001,5014.876048,0.12951686019418837,0.021811506197371124,0.00014357284070603215,0.40176597162427014,0.22003475049798477,0.1216962282135353,0.0,0.10503111043194421,0.15147193923226557,0.8485280607677346
Gwh,2022,5,585.991,138.737,0.744,1897.430437,1477.325,734.363166,0.0,373.428,725.472,4482.546603,5208.018603,0.1125170712067827,0.026639113754333105,0.00014285663257259298,0.36432865963785416,0.28366354128401333,0.14100624862917754,0.0,0.07170250885526647,0.1392990415936884,0.8607009584063114
Gwh,2022,6,274.34,120.984,0.72,1904.593975,1164.381,592.017834,0.0,442.811,396.044,4103.803809,4499.847809000001,0.060966506345237134,0.026886242632033864,0.0001600054114185709,0.4232574202155644,0.25876008465689865,0.13156396818930724,0.0,0.09840577254954,0.08801275438868958,0.9119872456113103
Gwh,2022,7,159.177,139.626,0.744,1959.195,934.726,539.835,0.0,493.946,299.547,3927.702,4227.249,0.03765498554733823,0.033029991845760685,0.0001760009878765126,0.4634680852724786,0.22111921961540473,0.1277036200138672,0.0,0.11684809671727406,0.07086097838097544,0.9291390216190246
