unit,year,month,coal,gas,oil,nuclear,hydro,wind,solar,other,fossil,low.carbon,total.prod,coal.perc,gas.perc,oil.perc,nuclear.perc,hydro.perc,wind.perc,solar.perc,other.perc,fossil.perc,low.carbon.perc
Gwh,2022,1,989.36,233.541,0.744,2082.313,1114.45,966.4285,0.0,622.344,1223.645,4785.5355,6009.1805,0.1646414182433029,0.03886403478810463,0.000123810559526378,0.3465219591922726,0.18545790062388706,0.16082534049359973,0.0,0.10356553609930672,0.2036292635909339,0.7963707364090661
Gwh,2022,2,843.484,175.933,0.672,1879.961,1021.547,806.3485459999999,0.0,555.039,1020.089,4262.895546,5282.984546,0.1596605086870152,0.033301819921696965,0.00012720082637924872,0.35585207256065293,0.19336550979946782,0.152631252084681,0.0,0.10506163612010687,0.19308952943509142,0.8069104705649086
Gwh,2022,3,770.349,179.134,0.744,2130.52554,1076.221,904.0449540000001,0.0,572.039,950.227,4682.830494,5633.057494,0.1367550394826487,0.03180049204021137,0.00013207747316487802,0.37821831967263075,0.19105450302013197,0.1604892112255086,0.0,0.10155035708570384,0.16868760899602492,0.8313123910039751
Gwh,2022,4,649.511,109.382,0.72,2015.9381540000002,1103.447,606.419,0.0,526.718,759.613,4252.522154,5012.1351540000005,0.1295876866930951,0.02182343385387488,0.00014365135374001128,0.4022114512197769,0.22015507684771418,0.12099015317175542,0.0,0.10508854686004342,0.15155477190071,0.8484452280992899
Gwh,2022,5,585.991,138.737,0.744,1910.777806,1477.325,733.278026,0.0,373.428,725.472,4494.808832000001,5220.280832,0.11225277314735851,0.02657653955119631,0.00014252106810793124,0.3660296960054428,0.28299722707331926,0.1404671605989185,0.0,0.07153408255565664,0.13897183376666275,0.8610281662333373
Gwh,2022,6,116.653,34.643,0.192,488.64,340.199,195.52647399999998,0.0,90.894,151.488,1115.259474,1266.747474,0.09208859886781191,0.027347992169747953,0.00015156927796644654,0.3857438124246064,0.2685610249734747,0.15435315878908945,0.0,0.07175384349730309,0.11958816031552631,0.8804118396844737
