unit,year,month,coal,gas,oil,nuclear,hydro,wind,solar,other,fossil,low.carbon,total.prod,coal.perc,gas.perc,oil.perc,nuclear.perc,hydro.perc,wind.perc,solar.perc,other.perc,fossil.perc,low.carbon.perc
Gwh,2022,1,989.36,233.541,0.744,2082.313,1114.45,965.5285,0.0,622.344,1223.645,4784.6355,6008.2805,0.16466608042018013,0.03886985635906979,0.00012382910551529677,0.3465738658506373,0.1854856809697883,0.16069963777490082,0.0,0.10358104951990842,0.2036597658847652,0.7963402341152349
Gwh,2022,2,843.484,175.933,0.672,1879.961,1021.547,804.342046,0.0,555.039,1020.089,4260.889046,5280.978046,0.1597211714672597,0.03331447290019656,0.0001272491561499667,0.3559872780429279,0.19343897874632443,0.15230929554975847,0.0,0.10510155413738298,0.19316289352360622,0.8068371064763938
Gwh,2022,3,770.349,179.134,0.744,2125.135429,1076.221,903.321454,0.0,572.039,950.227,4676.716882999999,5626.943882999999,0.1369036222890656,0.031835042915781646,0.00013222097384830097,0.3776713386853587,0.19126208158063485,0.16053500315314947,0.0,0.10166069040216161,0.16887088617869556,0.8311291138213045
Gwh,2022,4,649.511,109.382,0.72,1985.285032,1103.447,606.419,0.0,526.718,759.613,4221.869032,4981.482032,0.13038509339744217,0.02195772248044917,0.00014453530001209887,0.3985330107078463,0.22150978221173676,0.12173465569171806,0.0,0.10573520021079541,0.15248735117790346,0.8475126488220965
Gwh,2022,5,475.152,107.324,0.576,1485.0155390000002,1164.847,613.494,0.0,287.473,583.052,3550.829539,4133.881539,0.11494088437641609,0.025962040515065662,0.00013933635847226923,0.3592303081232537,0.2817804499259503,0.1484062845565735,0.0,0.0695406961442685,0.14104226124995403,0.858957738750046
