unit,year,month,coal,gas,oil,nuclear,hydro,wind,solar,other,fossil,low.carbon,total.prod,coal.perc,gas.perc,oil.perc,nuclear.perc,hydro.perc,wind.perc,solar.perc,other.perc,fossil.perc,low.carbon.perc
Gwh,2022,1,989.36,233.541,0.744,2082.313,1114.45,966.4285,0.0,622.344,1223.645,4785.5355,6009.1805,0.1646414182433029,0.03886403478810463,0.000123810559526378,0.3465219591922726,0.18545790062388706,0.16082534049359973,0.0,0.10356553609930672,0.2036292635909339,0.7963707364090661
Gwh,2022,2,843.484,175.933,0.672,1879.961,1021.547,806.3485459999999,0.0,555.039,1020.089,4262.895546,5282.984546,0.1596605086870152,0.033301819921696965,0.00012720082637924872,0.35585207256065293,0.19336550979946782,0.152631252084681,0.0,0.10506163612010687,0.19308952943509142,0.8069104705649086
Gwh,2022,3,770.349,179.134,0.744,2130.74254,1076.221,911.507954,0.0,572.039,950.227,4690.510494,5640.737494,0.13656884420156284,0.031757194904131446,0.00013189764650303013,0.37774183646490395,0.19079437771120644,0.16159375524380679,0.0,0.10141209382788555,0.1684579367521973,0.8315420632478027
Gwh,2022,4,649.511,109.382,0.72,2015.9381540000002,1103.447,607.357,0.0,526.718,759.613,4253.460154,5013.073154,0.12956343944068446,0.021819350454266282,0.0001436244750239685,0.40213619312366417,0.22011388346079577,0.12115462538490616,0.0,0.10506888366065922,0.15152641436997472,0.8484735856300254
Gwh,2022,5,585.991,138.737,0.744,1899.348831,1477.325,733.323166,0.0,373.428,725.472,4483.424997,5208.896997000001,0.1124980970707415,0.026634621510063232,0.00014283254217322737,0.3646355134482226,0.2836157061371816,0.1407828118740586,0.0,0.07169041741755908,0.13927555112297796,0.8607244488770219
Gwh,2022,6,245.234,106.935,0.624,1645.333975,1003.658,528.207834,0.0,380.768,352.793,3557.967809,3910.7608090000003,0.06270749145169721,0.027343784297394494,0.00015955974565459545,0.42071966437157776,0.2566400884682692,0.13506523661186665,0.0,0.09736417505354006,0.0902108354947463,0.9097891645052537
