unit,year,month,coal,gas,oil,nuclear,hydro,wind,solar,other,fossil,low.carbon,total.prod,coal.perc,gas.perc,oil.perc,nuclear.perc,hydro.perc,wind.perc,solar.perc,other.perc,fossil.perc,low.carbon.perc
Gwh,2022,1,989.36,233.541,0.744,2082.313,1114.45,966.4285,0.0,622.344,1223.645,4785.5355,6009.1805,0.1646414182433029,0.03886403478810463,0.000123810559526378,0.3465219591922726,0.18545790062388706,0.16082534049359973,0.0,0.10356553609930672,0.2036292635909339,0.7963707364090661
Gwh,2022,2,843.484,175.933,0.672,1879.961,1021.547,806.3485459999999,0.0,555.039,1020.089,4262.895546,5282.984546,0.1596605086870152,0.033301819921696965,0.00012720082637924872,0.35585207256065293,0.19336550979946782,0.152631252084681,0.0,0.10506163612010687,0.19308952943509142,0.8069104705649086
Gwh,2022,3,770.349,179.134,0.744,2130.74254,1076.221,911.507954,0.0,572.039,950.227,4690.510494,5640.737494,0.13656884420156284,0.031757194904131446,0.00013189764650303013,0.37774183646490395,0.19079437771120644,0.16159375524380679,0.0,0.10141209382788555,0.1684579367521973,0.8315420632478027
Gwh,2022,4,649.511,109.382,0.72,2015.115828,1103.447,607.357,0.0,526.718,759.613,4252.637828,5012.250828,0.1295846960354874,0.021822930207115326,0.00014364803851751688,0.4020381056636138,0.2201499960528312,0.12117450240261599,0.0,0.1050861215998187,0.15155127428112025,0.8484487257188797
Gwh,2022,5,585.991,138.737,0.744,1898.0221569999999,1477.325,733.323166,0.0,373.428,725.472,4482.098323,5207.570323,0.11252675694303821,0.02664140691240359,0.00014286893001022274,0.36447364879877014,0.2836879597141832,0.14081867752436686,0.0,0.07170868117722776,0.13931103278545204,0.860688967214548
Gwh,2022,6,274.34,120.984,0.72,1904.593975,1164.381,589.361834,0.0,442.811,396.044,4101.147809,4497.191809,0.061002512601525546,0.026902121398931864,0.00016009990913865422,0.42350739214378924,0.25891290597607686,0.1310510778794314,0.0,0.0984638900911064,0.08806473390959607,0.911935266090404
Gwh,2022,7,7.857,4.164,0.024,64.294,36.536,12.292,0.0,15.15,12.045,128.272,140.317,0.055994640706400506,0.029675662963147727,0.00017104128509018863,0.45820534931619117,0.2603818496689638,0.08760164484702494,0.0,0.10796981121318158,0.08584134495463842,0.9141586550453614
