unit,year,month,coal,gas,oil,nuclear,hydro,wind,solar,other,fossil,low.carbon,total.prod,coal.perc,gas.perc,oil.perc,nuclear.perc,hydro.perc,wind.perc,solar.perc,other.perc,fossil.perc,low.carbon.perc
Gwh,2022,1,989.36,233.541,0.744,2082.313,1114.45,961.932,0.0,622.344,1223.645,4781.039,6004.684,0.1647647070187207,0.038893137424050955,0.000123903272844999,0.3467814459511941,0.18559677744907144,0.16019693958916073,0.0,0.10364308929495708,0.20378174771561666,0.7962182522843833
Gwh,2022,2,843.484,175.933,0.672,1879.961,1021.547,792.1130459999999,0.0,555.039,1020.089,4248.660046,5268.749046,0.1600918913836611,0.03339179726799992,0.00012754450707994493,0.35681354028946477,0.19388795918749477,0.15034176786259482,0.0,0.10534549950170467,0.193611233158741,0.806388766841259
Gwh,2022,3,770.349,179.134,0.744,2119.038429,1076.221,896.228454,0.0,572.039,950.227,4663.5268829999995,5613.753882999999,0.1372252891835586,0.031909842100927746,0.00013253163845551512,0.37747262761501443,0.191711468373969,0.15964869010628127,0.0,0.10189955098179355,0.16926766292294187,0.8307323370770582
Gwh,2022,4,482.5465,86.552,0.576,1595.691571,812.2235,464.7005,0.0,434.799,569.6745,3307.414571,3877.089071,0.12446103021191075,0.022323964813549164,0.00014856506761951562,0.41156948983594815,0.20949312361052022,0.11985809237035194,0.0,0.1121457340901003,0.14693356009307942,0.8530664399069205
