unit,year,month,coal,gas,oil,nuclear,hydro,wind,solar,other,fossil,low.carbon,total.prod,coal.perc,gas.perc,oil.perc,nuclear.perc,hydro.perc,wind.perc,solar.perc,other.perc,fossil.perc,low.carbon.perc
Gwh,2022,1,989.36,233.541,0.744,2082.313,1114.45,965.5285,0.0,622.344,1223.645,4784.6355,6008.2805,0.16466608042018013,0.03886985635906979,0.00012382910551529677,0.3465738658506373,0.1854856809697883,0.16069963777490082,0.0,0.10358104951990842,0.2036597658847652,0.7963402341152349
Gwh,2022,2,843.484,175.933,0.672,1879.961,1021.547,802.5080459999999,0.0,555.039,1020.089,4259.055046,5279.144046,0.1597766593694496,0.033326046508108484,0.00012729336311805575,0.3561109497333083,0.19350618037672693,0.1520148037271419,0.0,0.10513806692214664,0.19322999924067613,0.8067700007593239
Gwh,2022,3,770.349,179.134,0.744,2130.52554,1076.221,903.321454,0.0,572.039,950.227,4682.106994,5632.333994,0.13677260631571844,0.03180457696415508,0.00013209443914238158,0.37826690360862864,0.19107904487668423,0.16038137208522937,0.0,0.10156340171044197,0.1687092777190159,0.8312907222809841
Gwh,2022,4,649.511,109.382,0.72,2015.9381540000002,1103.447,606.419,0.0,526.718,759.613,4252.522154,5012.1351540000005,0.1295876866930951,0.02182343385387488,0.00014365135374001128,0.4022114512197769,0.22015507684771418,0.12099015317175542,0.0,0.10508854686004342,0.15155477190071,0.8484452280992899
Gwh,2022,5,539.483,124.413,0.672,1727.537806,1343.694,670.956,0.0,336.344,664.568,4078.531806,4743.099806,0.11374059624837672,0.026230314580903,0.00014167949811005938,0.3642212638693945,0.28329448144865793,0.14145938888978124,0.0,0.0709122754647765,0.1401125903273898,0.8598874096726101
