unit,year,month,coal,gas,oil,nuclear,hydro,wind,solar,other,fossil,low.carbon,total.prod,coal.perc,gas.perc,oil.perc,nuclear.perc,hydro.perc,wind.perc,solar.perc,other.perc,fossil.perc,low.carbon.perc
Gwh,2022,1,989.36,233.541,0.744,2082.313,1114.45,966.4285,0.0,622.344,1223.645,4785.5355,6009.1805,0.1646414182433029,0.03886403478810463,0.000123810559526378,0.3465219591922726,0.18545790062388706,0.16082534049359973,0.0,0.10356553609930672,0.2036292635909339,0.7963707364090661
Gwh,2022,2,843.484,175.933,0.672,1879.961,1021.547,806.3485459999999,0.0,555.039,1020.089,4262.895546,5282.984546,0.1596605086870152,0.033301819921696965,0.00012720082637924872,0.35585207256065293,0.19336550979946782,0.152631252084681,0.0,0.10506163612010687,0.19308952943509142,0.8069104705649086
Gwh,2022,3,770.349,179.134,0.744,2130.74254,1076.221,911.507954,0.0,572.039,950.227,4690.510494,5640.737494,0.13656884420156284,0.031757194904131446,0.00013189764650303013,0.37774183646490395,0.19079437771120644,0.16159375524380679,0.0,0.10141209382788555,0.1684579367521973,0.8315420632478027
Gwh,2022,4,649.511,109.382,0.72,2014.806548,1103.447,607.357,0.0,526.718,759.613,4252.328548,5011.941548000001,0.12959269252834468,0.02182427687003823,0.0001436569028398413,0.4020012062598779,0.22016358120543664,0.12118197991402431,0.0,0.10509260631943824,0.15156062630122277,0.8484393736987772
Gwh,2022,5,585.991,138.737,0.744,1897.430437,1477.325,733.323166,0.0,373.428,725.472,4481.506603,5206.9786030000005,0.11253954446103952,0.026644434436520766,0.00014288516560666189,0.36440142771218526,0.2837201979568035,0.14083468013052636,0.0,0.07171683013731792,0.13932686406316694,0.8606731359368329
Gwh,2022,6,274.34,120.984,0.72,1904.593975,1164.381,589.361834,0.0,442.811,396.044,4101.147809,4497.191809,0.061002512601525546,0.026902121398931864,0.00016009990913865422,0.42350739214378924,0.25891290597607686,0.1310510778794314,0.0,0.0984638900911064,0.08806473390959607,0.911935266090404
Gwh,2022,7,118.324,79.369,0.432,1125.28,558.098,279.765,0.0,278.038,198.125,2241.181,2439.306,0.048507239354144166,0.03253753321641483,0.00017709955208571618,0.4613115369699414,0.2287937634720695,0.11469040784551016,0.0,0.11398241958983416,0.08122187212264471,0.9187781278773552
