unit,year,month,coal,gas,oil,nuclear,hydro,wind,solar,other,fossil,low.carbon,total.prod,coal.perc,gas.perc,oil.perc,nuclear.perc,hydro.perc,wind.perc,solar.perc,other.perc,fossil.perc,low.carbon.perc
Gwh,2022,1,989.36,233.541,0.744,2082.313,1114.45,961.932,0.0,622.344,1223.645,4781.039,6004.684,0.1647647070187207,0.038893137424050955,0.000123903272844999,0.3467814459511941,0.18559677744907144,0.16019693958916073,0.0,0.10364308929495708,0.20378174771561666,0.7962182522843833
Gwh,2022,2,843.484,175.933,0.672,1879.961,1021.547,793.391046,0.0,555.039,1020.089,4249.938046,5270.027046,0.16005306853979284,0.0333836996403149,0.00012751357709066301,0.35672701175735105,0.1938409406789219,0.1505478129570874,0.0,0.10531995284944122,0.19356428175719842,0.8064357182428016
Gwh,2022,3,770.349,179.134,0.744,2119.038429,1076.221,896.228454,0.0,572.039,950.227,4663.5268829999995,5613.753882999999,0.1372252891835586,0.031909842100927746,0.00013253163845551512,0.37747262761501443,0.191711468373969,0.15964869010628127,0.0,0.10189955098179355,0.16926766292294187,0.8307323370770582
Gwh,2022,4,649.3895,109.41,0.72,1992.767571,1104.3415,604.235,0.0,526.75,759.5195,4228.094071,4987.613571000001,0.13020044371035736,0.021936342590002142,0.0001443576150699346,0.39954329713648135,0.22141681272604746,0.12114711603025267,0.0,0.10561163019178896,0.15228114391542943,0.8477188560845705
