unit,year,month,coal,gas,oil,nuclear,hydro,wind,solar,other,fossil,low.carbon,total.prod,coal.perc,gas.perc,oil.perc,nuclear.perc,hydro.perc,wind.perc,solar.perc,other.perc,fossil.perc,low.carbon.perc
Gwh,2022,1,989.36,233.541,0.744,2082.313,1114.45,966.6275,0.0,622.344,1223.645,4785.7345,6009.3795,0.1646359661592349,0.03886274780948682,0.00012380645955210518,0.34651048415231556,0.18545175920409088,0.16085312967836363,0.0,0.1035621065369561,0.20362252042827383,0.7963774795717261
Gwh,2022,2,843.484,175.933,0.672,1879.961,1021.547,806.3485459999999,0.0,555.039,1020.089,4262.895546,5282.984546,0.1596605086870152,0.033301819921696965,0.00012720082637924872,0.35585207256065293,0.19336550979946782,0.152631252084681,0.0,0.10506163612010687,0.19308952943509142,0.8069104705649086
Gwh,2022,3,770.349,179.134,0.744,2130.74254,1076.221,911.570454,0.0,572.039,950.227,4690.572994,5640.799994,0.13656733102031698,0.03175684303477185,0.0001318961850786018,0.3777376510896373,0.19079226371166388,0.16160304477549609,0.0,0.10141097018303535,0.16845607024016743,0.8315439297598326
Gwh,2022,4,649.511,109.382,0.72,2014.806548,1103.447,608.951,0.0,526.718,759.613,4253.9225480000005,5013.535548000001,0.1295514899179488,0.021817338074651662,0.00014361122866421528,0.4018733942763698,0.22009358254978104,0.121461390703198,0.0,0.10505919324938631,0.1515124392212647,0.8484875607787352
Gwh,2022,5,585.991,138.737,0.744,1897.430437,1477.325,733.9801659999999,0.0,373.428,725.472,4482.163603,5207.635603,0.11252534637070688,0.026641072950664365,0.00014286713908542268,0.36435545449972223,0.28368440356098396,0.1409430732014296,0.0,0.07170778227740755,0.13930928646045668,0.8606907135395434
Gwh,2022,6,274.34,120.984,0.72,1904.593975,1164.381,589.993834,0.0,442.811,396.044,4101.779809000001,4497.823809,0.06099394099232044,0.02689834131739774,0.00016007741311682846,0.4234478841054131,0.2588765255033137,0.13117317597444375,0.0,0.09845005469399434,0.08805235972283501,0.911947640277165
Gwh,2022,7,107.282,66.279,0.36,945.482,460.465,243.545,0.0,227.007,173.921,1876.499,2050.42,0.052321963305078954,0.0323245969118522,0.00017557378488309712,0.46111625910789006,0.22457106348943143,0.11877810399820524,0.0,0.11071243940265897,0.08482213400181425,0.9151778659981857
