unit,year,month,coal,oil,gas,nuclear,hydro,wind,solar,other,fossil,low.carbon,total.prod,coal.perc,oil.perc,gas.perc,nuclear.perc,hydro.perc,wind.perc,solar.perc,other.perc,fossil.perc,low.carbon.perc
Gwh,2022,1,989.36,0.744,233.541,2082.313,1114.45,961.932,0.0,622.344,1223.645,4781.039,6004.684,0.1647647070187207,0.000123903272844999,0.038893137424050955,0.3467814459511941,0.18559677744907144,0.16019693958916073,0.0,0.10364308929495708,0.20378174771561666,0.7962182522843833
Gwh,2022,2,843.484,0.672,175.933,1879.961,1021.547,792.1130459999999,0.0,555.039,1020.089,4248.660046,5268.749046,0.1600918913836611,0.00012754450707994493,0.03339179726799992,0.35681354028946477,0.19388795918749477,0.15034176786259482,0.0,0.10534549950170467,0.193611233158741,0.806388766841259
Gwh,2022,3,770.349,0.744,179.134,2130.274,1076.221,896.043954,0.0,572.039,950.227,4674.577954,5624.804954,0.13695568225031116,0.00013227125315179417,0.03184714873937298,0.3787285101299532,0.19133481228263047,0.15930222671326427,0.0,0.1016993486313161,0.16893510224283592,0.8310648977571641
Gwh,2022,4,57.52,0.048,8.765,143.232,79.27,38.2625,0.0,39.99,66.333,300.7545,367.0875,0.1566928865733647,0.00013075901522116663,0.023877141008615117,0.3901849014199612,0.2159430653454558,0.10423264208124768,0.0,0.10893860455613445,0.18070078659720096,0.8192992134027991
