unit,year,month,coal,gas,oil,nuclear,hydro,wind,solar,other,fossil,low.carbon,total.prod,coal.perc,gas.perc,oil.perc,nuclear.perc,hydro.perc,wind.perc,solar.perc,other.perc,fossil.perc,low.carbon.perc
Gwh,2022,1,989.36,233.541,0.744,2082.313,1114.45,965.5285,0.0,622.344,1223.645,4784.6355,6008.2805,0.16466608042018013,0.03886985635906979,0.00012382910551529677,0.3465738658506373,0.1854856809697883,0.16069963777490082,0.0,0.10358104951990842,0.2036597658847652,0.7963402341152349
Gwh,2022,2,843.484,175.933,0.672,1879.961,1021.547,802.2145459999999,0.0,555.039,1020.089,4258.761546,5278.850546,0.1597855428279064,0.033327899410471394,0.0001273004405304109,0.35613074922617827,0.19351693917041615,0.15196765640729695,0.0,0.10514391251720048,0.1932407426789082,0.8067592573210918
Gwh,2022,3,770.349,179.134,0.744,2119.038429,1076.221,903.321454,0.0,572.039,950.227,4670.619882999999,5620.846882999999,0.1370521232894435,0.03186957476848956,0.0001323643955237768,0.37699629132558965,0.19146954585348738,0.16070913739565748,0.0,0.10177096297180882,0.16905406245345683,0.8309459375465432
Gwh,2022,4,649.3895,109.41,0.72,1985.285032,1104.3415,605.301,0.0,526.75,759.5195,4221.677532,4981.197032,0.13036816167443666,0.021964599933938126,0.0001445435696228448,0.39855581283900515,0.22170203123978735,0.12151717671705223,0.0,0.10574767402615766,0.15247730517799762,0.8475226948220023
Gwh,2022,5,168.079,41.211,0.192,507.735539,381.74,247.433,0.0,110.007,209.482,1246.9155389999999,1456.3975389999998,0.11540736337374437,0.028296532297285078,0.00013183213707696333,0.3486242769598638,0.26211250004041653,0.16989386027793887,0.0,0.0755336349136745,0.1438357278081064,0.8561642721918936
