unit,year,month,coal,gas,oil,nuclear,hydro,wind,solar,other,fossil,low.carbon,total.prod,coal.perc,gas.perc,oil.perc,nuclear.perc,hydro.perc,wind.perc,solar.perc,other.perc,fossil.perc,low.carbon.perc
Gwh,2022,1,989.36,233.541,0.744,2082.313,1114.45,966.6275,0.0,622.344,1223.645,4785.7345,6009.3795,0.1646359661592349,0.03886274780948682,0.00012380645955210518,0.34651048415231556,0.18545175920409088,0.16085312967836363,0.0,0.1035621065369561,0.20362252042827383,0.7963774795717261
Gwh,2022,2,843.484,175.933,0.672,1879.961,1021.547,806.3485459999999,0.0,555.039,1020.089,4262.895546,5282.984546,0.1596605086870152,0.033301819921696965,0.00012720082637924872,0.35585207256065293,0.19336550979946782,0.152631252084681,0.0,0.10506163612010687,0.19308952943509142,0.8069104705649086
Gwh,2022,3,770.349,179.134,0.744,2130.74254,1076.221,911.570454,0.0,572.039,950.227,4690.572994,5640.799994,0.13656733102031698,0.03175684303477185,0.0001318961850786018,0.3777376510896373,0.19079226371166388,0.16160304477549609,0.0,0.10141097018303535,0.16845607024016743,0.8315439297598326
Gwh,2022,4,649.511,109.382,0.72,2014.806548,1103.447,609.8945,0.0,526.718,759.613,4254.866048000001,5014.479048,0.12952711413941478,0.02181323303038358,0.0001435842074735896,0.40179777973219283,0.22005217081126388,0.12162669225694608,0.0,0.10503942582232521,0.15148393137727195,0.8485160686227282
Gwh,2022,5,585.991,138.737,0.744,1897.430437,1477.325,733.9801659999999,0.0,373.428,725.472,4482.163603,5207.635603,0.11252534637070688,0.026641072950664365,0.00014286713908542268,0.36435545449972223,0.28368440356098396,0.1409430732014296,0.0,0.07170778227740755,0.13930928646045668,0.8606907135395434
Gwh,2022,6,274.34,120.984,0.72,1904.593975,1164.381,591.694834,0.0,442.811,396.044,4103.480809000001,4499.5248090000005,0.06097088284773139,0.026888172670590998,0.0001600168974643384,0.42328780390107185,0.25877865984225534,0.1315016271977177,0.0,0.09841283664316827,0.08801907241578673,0.9119809275842133
Gwh,2022,7,137.105,115.527,0.624,1642.513,797.923,432.39491499999997,0.0,404.244,253.256,3277.074915,3530.330915,0.038836302686939474,0.03272412778902343,0.00017675396868568056,0.4652575182176654,0.2260193220442056,0.12247999561820112,0.0,0.11450597967527926,0.07173718444464858,0.9282628155553515
