unit,year,month,coal,gas,oil,nuclear,hydro,wind,solar,other,fossil,low.carbon,total.prod,coal.perc,gas.perc,oil.perc,nuclear.perc,hydro.perc,wind.perc,solar.perc,other.perc,fossil.perc,low.carbon.perc
Gwh,2022,1,989.36,233.541,0.744,2082.313,1114.45,965.5285,0.0,622.344,1223.645,4784.6355,6008.2805,0.16466608042018013,0.03886985635906979,0.00012382910551529677,0.3465738658506373,0.1854856809697883,0.16069963777490082,0.0,0.10358104951990842,0.2036597658847652,0.7963402341152349
Gwh,2022,2,843.484,175.933,0.672,1879.961,1021.547,802.5080459999999,0.0,555.039,1020.089,4259.055046,5279.144046,0.1597766593694496,0.033326046508108484,0.00012729336311805575,0.3561109497333083,0.19350618037672693,0.1520148037271419,0.0,0.10513806692214664,0.19322999924067613,0.8067700007593239
Gwh,2022,3,770.349,179.134,0.744,2125.135429,1076.221,903.321454,0.0,572.039,950.227,4676.716882999999,5626.943882999999,0.1369036222890656,0.031835042915781646,0.00013222097384830097,0.3776713386853587,0.19126208158063485,0.16053500315314947,0.0,0.10166069040216161,0.16887088617869556,0.8311291138213045
Gwh,2022,4,649.511,109.382,0.72,1985.285032,1103.447,606.419,0.0,526.718,759.613,4221.869032,4981.482032,0.13038509339744217,0.02195772248044917,0.00014453530001209887,0.3985330107078463,0.22150978221173676,0.12173465569171806,0.0,0.10573520021079541,0.15248735117790346,0.8475126488220965
Gwh,2022,5,317.103,73.286,0.384,996.375539,774.019,477.7,0.0,196.265,390.773,2444.359539,2835.1325389999997,0.11184768106532604,0.025849232440416786,0.00013544340333924686,0.35143878647431376,0.27300981148239717,0.1684930046228079,0.0,0.06922604051139918,0.13783235690908208,0.8621676430909181
