unit,year,month,coal,gas,oil,nuclear,hydro,wind,solar,other,fossil,low.carbon,total.prod,coal.perc,gas.perc,oil.perc,nuclear.perc,hydro.perc,wind.perc,solar.perc,other.perc,fossil.perc,low.carbon.perc
Gwh,2022,1,989.36,233.541,0.744,2082.313,1114.45,961.932,0.0,622.344,1223.645,4781.039,6004.684,0.1647647070187207,0.038893137424050955,0.000123903272844999,0.3467814459511941,0.18559677744907144,0.16019693958916073,0.0,0.10364308929495708,0.20378174771561666,0.7962182522843833
Gwh,2022,2,843.484,175.933,0.672,1879.961,1021.547,802.2145459999999,0.0,555.039,1020.089,4258.761546,5278.850546,0.1597855428279064,0.033327899410471394,0.0001273004405304109,0.35613074922617827,0.19351693917041615,0.15196765640729695,0.0,0.10514391251720048,0.1932407426789082,0.8067592573210918
Gwh,2022,3,770.349,179.134,0.744,2119.038429,1076.221,903.321454,0.0,572.039,950.227,4670.619882999999,5620.846882999999,0.1370521232894435,0.03186957476848956,0.0001323643955237768,0.37699629132558965,0.19146954585348738,0.16070913739565748,0.0,0.10177096297180882,0.16905406245345683,0.8309459375465432
Gwh,2022,4,649.3895,109.41,0.72,1985.285032,1104.3415,605.301,0.0,526.75,759.5195,4221.677532,4981.197032,0.13036816167443666,0.021964599933938126,0.0001445435696228448,0.39855581283900515,0.22170203123978735,0.12151717671705223,0.0,0.10574767402615766,0.15247730517799762,0.8475226948220023
Gwh,2022,5,113.268,25.703,0.12,311.038539,244.987,145.427,0.0,74.421,139.091,775.8735389999999,914.964539,0.12379496163184091,0.028091799085559973,0.00013115262382862688,0.3399460041806058,0.2677557321158651,0.158942771879381,0.0,0.08133757848291868,0.15201791334122952,0.8479820866587705
