unit,year,month,coal,oil,gas,nuclear,hydro,wind,solar,other,fossil,low.carbon,total.prod,coal.perc,oil.perc,gas.perc,nuclear.perc,hydro.perc,wind.perc,solar.perc,other.perc,fossil.perc,low.carbon.perc
Gwh,2022,1,989.36,0.744,233.541,2082.313,1114.45,961.932,0.0,622.344,1223.645,4781.039,6004.684,0.1647647070187207,0.000123903272844999,0.038893137424050955,0.3467814459511941,0.18559677744907144,0.16019693958916073,0.0,0.10364308929495708,0.20378174771561666,0.7962182522843833
Gwh,2022,2,843.484,0.672,175.933,1879.961,1021.547,792.1130459999999,0.0,555.039,1020.089,4248.660046,5268.749046,0.1600918913836611,0.00012754450707994493,0.03339179726799992,0.35681354028946477,0.19388795918749477,0.15034176786259482,0.0,0.10534549950170467,0.193611233158741,0.806388766841259
Gwh,2022,3,770.349,0.744,179.134,2130.274,1076.221,896.043954,0.0,572.039,950.227,4674.577954,5624.804954,0.13695568225031116,0.00013227125315179417,0.03184714873937298,0.3787285101299532,0.19133481228263047,0.15930222671326427,0.0,0.1016993486313161,0.16893510224283592,0.8310648977571641
Gwh,2022,4,166.01,0.168,22.325,501.312,204.098,113.6405,0.0,138.471,188.503,957.5215,1146.0245,0.14485728708243148,0.00014659372465422862,0.019480386326819366,0.4374356743682181,0.17809217865761162,0.0991606200391004,0.0,0.12082725980116481,0.16448426713390507,0.8355157328660949
