unit,year,month,coal,gas,oil,nuclear,hydro,wind,solar,other,fossil,low.carbon,total.prod,coal.perc,gas.perc,oil.perc,nuclear.perc,hydro.perc,wind.perc,solar.perc,other.perc,fossil.perc,low.carbon.perc
Gwh,2022,1,815.4955,5088.931,161.078,35110.5555,6689.064,2713.8795,688.2095,438.5195,6065.5045,45640.228,51705.7325,0.01577185856519874,0.09842102130551965,0.003115283203849786,0.6790457034913876,0.12936793807147012,0.052487013891544816,0.013310119917554597,0.008481061553474752,0.11730816307456819,0.8826918369254318
Gwh,2022,2,558.1305,3704.7615,169.0945,29487.2825,5120.3695,3691.0135,870.701,489.203,4431.9865,39658.5695,44090.556,0.012658731271159294,0.08402619145923224,0.003835163702630559,0.6687890826325711,0.11613302177454964,0.08371437865287977,0.01974801587895603,0.011095414628021475,0.10052008643302209,0.899479913566978
Gwh,2022,3,446.214,4374.265,150.338,26812.783,5209.0365,3078.468929,1211.709,436.304,4970.817,36748.301429,41719.118428999995,0.010695671835908823,0.104850369919594,0.0036035756665341308,0.6426977369052402,0.12485969733193282,0.07379036386492961,0.029044453613327338,0.010458130862533142,0.11914961742203693,0.8808503825779632
Gwh,2022,4,73.5105,3106.829,107.872,21688.0985,5707.7084,2943.621071,1560.595,416.0765,3288.2115,32316.099470999998,35604.310971,0.0020646516670375925,0.08725991081615195,0.0030297454734586108,0.6091424860788665,0.16030947501410645,0.08267597351898211,0.04383163042450442,0.011686127006892444,0.09235430795664815,0.9076456920433518
Gwh,2022,5,34.4935,2719.9915,108.936,20463.612,5615.579900000001,2080.1135,2273.665,549.158,2863.421,30982.128399999998,33845.549399999996,0.001019144336891751,0.08036482043337728,0.00321862111654775,0.6046175158261725,0.1659178237478988,0.06145899643750502,0.06717766561059281,0.016225412491014255,0.08460258588681678,0.9153974141131832
Gwh,2022,6,15.597,694.8715,31.4865,6149.4475,1393.67095,653.188,604.631,153.895,741.955,8954.83245,9696.78745,0.001608470854953101,0.07165997023065614,0.0032471063393268457,0.6341736922365975,0.1437250179181766,0.06736127850260346,0.062353743764900195,0.015870720152786275,0.07651554742493609,0.923484452575064
