unit,year,month,coal,oil,gas,nuclear,hydro,wind,solar,other,fossil,low.carbon,total.prod,coal.perc,oil.perc,gas.perc,nuclear.perc,hydro.perc,wind.perc,solar.perc,other.perc,fossil.perc,low.carbon.perc
Gwh,2022,1,815.4955,161.5045,5088.931,35110.5555,6690.1095,2713.8795,123.0185,438.5195,6065.931,45076.0825,51142.0135,0.015945705774763834,0.003157961311007045,0.09950587886024471,0.6865305664979343,0.1308143548161239,0.05306555832026441,0.002405429344310036,0.008574545075351794,0.11860954594601558,0.8813904540539843
Gwh,2022,2,558.1305,169.275,3704.7615,29487.2825,5120.3695,3691.0135,150.897,489.203,4432.167,38938.7655,43370.9325,0.012868768731223381,0.0039029596608281363,0.0854203791906019,0.6798858313687398,0.1180599356492969,0.08510339269279027,0.0034792196363313144,0.011279513070188195,0.10219210758265343,0.8978078924173466
Gwh,2022,3,446.214,150.37,4374.265,26812.783,5209.9215,3077.961429,191.441,436.304,4970.849,35728.410929,40699.259929,0.010963688302402104,0.0036946617767084954,0.10747775285425143,0.6588027164812086,0.12801022694488123,0.07562696310373983,0.004703795605472175,0.010720194931336191,0.12213610293336202,0.8778638970666379
Gwh,2022,4,54.785,70.9265,2115.695,14765.7255,3803.3580460000003,2119.758071,132.8205,242.4105,2241.4065,21064.072616999998,23305.479117,0.0023507347660592613,0.003043340136623204,0.09078101288450761,0.6335731364230679,0.16319587453688822,0.09095535261722036,0.005699110468109413,0.010401438167524115,0.09617508778719008,0.9038249122128099
