unit,year,month,coal,gas,oil,nuclear,hydro,wind,solar,other,fossil,low.carbon,total.prod,coal.perc,gas.perc,oil.perc,nuclear.perc,hydro.perc,wind.perc,solar.perc,other.perc,fossil.perc,low.carbon.perc
Gwh,2022,1,815.4955,5088.931,161.078,35110.5555,6684.384,2713.8795,688.2095,438.5195,6065.5045,45635.548,51701.0525,0.01577328624015923,0.09842993041582664,0.0031155652005343606,0.6791071709807069,0.12928912810817536,0.05249176503708508,0.013311324754945755,0.008481829262566753,0.11731878185652024,0.8826812181434799
Gwh,2022,2,558.1305,3704.7615,169.0945,29487.2825,5120.3695,3691.0135,870.701,489.203,4431.9865,39658.5695,44090.556,0.012658731271159294,0.08402619145923224,0.003835163702630559,0.6687890826325711,0.11613302177454964,0.08371437865287977,0.01974801587895603,0.011095414628021475,0.10052008643302209,0.899479913566978
Gwh,2022,3,446.214,4374.265,150.338,26812.783,5209.0365,3068.258667,1211.709,436.304,4970.817,36738.091167000006,41708.908167,0.010698290116187783,0.10487603709226101,0.0036044578150560913,0.6428550680982394,0.12489026275018579,0.0735636294940849,0.029051563640754844,0.01046069099323014,0.11917878502350487,0.8808212149764952
Gwh,2022,4,73.5105,3106.829,107.872,21688.0985,5707.7084,2939.4303330000002,1560.595,416.0765,3288.2115,32311.908733,35600.120232999994,0.0020648947115593863,0.087270182787756,0.0030301021258913236,0.6092141924817416,0.16032834615848196,0.08256798892143227,0.04383679015087669,0.011687502662261024,0.0923651796252067,0.9076348203747935
Gwh,2022,5,34.4935,2719.9915,108.936,20463.612,5615.579900000001,2079.7915,2273.665,549.158,2863.421,30981.806399999998,33845.227399999996,0.0010191540329257767,0.08036558501598369,0.0032186517381768286,0.6046232680948098,0.165919402272948,0.06145006725527275,0.0671783047319694,0.016225566857913917,0.08460339078708629,0.9153966092129138
Gwh,2022,6,28.311,2202.9545,109.9935,19437.4685,4419.64355,1797.961,2099.698,382.33,2341.259,28137.10105,30478.36005,0.0009288885607216258,0.07227929903006707,0.0036089048039184115,0.6377465345285204,0.1450092309018444,0.05899139576573117,0.06889143630285317,0.012544310106343796,0.07681709239470712,0.923182907605293
