unit,year,month,coal,gas,oil,nuclear,hydro,wind,solar,other,fossil,low.carbon,total.prod,coal.perc,gas.perc,oil.perc,nuclear.perc,hydro.perc,wind.perc,solar.perc,other.perc,fossil.perc,low.carbon.perc
Gwh,2022,1,815.4955,5088.931,161.5045,35110.5555,6689.064,2713.8795,688.2095,438.5195,6065.931,45640.228,51706.159,0.015771728470490333,0.09842020947639912,0.0031235060411275183,0.6790401023599529,0.12936687097566077,0.052486580950636845,0.01331001012858062,0.008480991597151898,0.11731544398801697,0.882684556011983
Gwh,2022,2,558.1305,3704.7615,169.275,29487.2825,5120.3695,3691.0135,870.701,489.203,4432.167,39658.5695,44090.7365,0.012658679448459656,0.08402584747025035,0.0038392418325785965,0.6687863447234546,0.11613254634564792,0.08371403594040666,0.01974793503392714,0.011095369205275126,0.10052376875128861,0.8994762312487113
Gwh,2022,3,446.214,4374.265,150.37,26812.783,5209.9215,3077.961429,1211.709,436.304,4970.849,36748.678928999994,41719.527928999996,0.01069556685203594,0.10484934075582791,0.0036043073223624637,0.6426914284751998,0.12487968485325286,0.07377747500494734,0.0290441685261189,0.01045802821025492,0.11914921493022632,0.8808507850697737
Gwh,2022,4,73.5105,3106.829,107.872,21688.0985,5707.7084,2943.621071,1560.595,416.0765,3288.2115,32316.099470999998,35604.310971,0.0020646516670375925,0.08725991081615195,0.0030297454734586108,0.6091424860788665,0.16030947501410645,0.08267597351898211,0.04383163042450442,0.011686127006892444,0.09235430795664815,0.9076456920433518
Gwh,2022,5,19.327,2091.808,74.452,13890.9815,3868.1191,1292.4335,1570.479,369.2565,2185.587,20991.269600000003,23176.856600000003,0.0008338922026207816,0.09025417191389103,0.0032123424364631048,0.5993470874734582,0.1668957601437634,0.05576396844082816,0.06776065568788132,0.01593212170109384,0.0943004065529749,0.9056995934470251
