unit,year,month,coal,gas,oil,nuclear,hydro,wind,solar,other,fossil,low.carbon,total.prod,coal.perc,gas.perc,oil.perc,nuclear.perc,hydro.perc,wind.perc,solar.perc,other.perc,fossil.perc,low.carbon.perc
Gwh,2022,1,815.4955,5088.931,161.078,35110.5555,6676.5465,2713.8795,688.2095,438.5195,6065.5045,45627.7105,51693.215,0.01577567771708531,0.09844485393295813,0.0031160375689536822,0.6792101342506943,0.12915711471998792,0.05249972360976194,0.013313342959999684,0.008483115240559135,0.11733656921899713,0.882663430781003
Gwh,2022,2,558.1305,3704.7615,169.0945,29487.2825,5120.3695,3672.6035,870.701,489.203,4431.9865,39640.1595,44072.146,0.012664019128998165,0.08406129122915866,0.003836765743152149,0.669068451987793,0.11618153334307796,0.08333162401485963,0.019756265102225792,0.01110004945073471,0.10056207610130898,0.899437923898691
Gwh,2022,3,446.214,4374.265,150.338,26812.783,5209.0365,3067.24,1211.709,436.304,4970.817,36737.0725,41707.8895,0.010698551409560055,0.1048785985682637,0.0036045458497726193,0.642870769090342,0.12489331305052011,0.0735410023564007,0.02905227319162242,0.010460946483518424,0.11918169582759637,0.8808183041724037
Gwh,2022,4,73.5105,3106.829,107.872,21688.0985,5707.7084,2938.24,1560.595,416.0765,3288.2115,32310.718399999998,35598.929899999996,0.002064963756115602,0.08727310086924833,0.0030302034444018504,0.6092345629748832,0.16033370710954997,0.08253731244882168,0.04383825593588981,0.011687893461089685,0.09236826806976578,0.9076317319302343
Gwh,2022,5,34.4935,2719.9915,108.936,20459.0785,5615.579900000001,2079.7915,2273.665,549.158,2863.421,30977.2729,33840.6939,0.0010192905648427025,0.08037635126624872,0.0032190829278474107,0.604570301083572,0.16594162981983065,0.06145829947062639,0.06718730433597876,0.016227740531053355,0.08461472475893882,0.9153852752410612
Gwh,2022,6,29.161,2298.5455,113.6155,20103.9975,4578.8777,1843.531,2146.753,394.127,2441.322,29067.2862,31508.6082,0.0009254931165128393,0.07294976297937528,0.003605855875284266,0.6380477795905947,0.14532148392387575,0.058508804587566646,0.06813226996170527,0.012508549965085415,0.07748111197117238,0.9225188880288276
Gwh,2022,7,18.711,2344.881,103.0785,15266.249,3468.4185,1574.016,2102.199,296.037,2466.6705,22706.9195,25173.59,0.000743278968156707,0.09314845439208312,0.004094707985630973,0.6064390895378847,0.13778005044175265,0.0625264811256559,0.08350811306611414,0.011759824482721773,0.09798644134587081,0.9020135586541291
