unit,year,month,coal,gas,oil,nuclear,hydro,wind,solar,other,fossil,low.carbon,total.prod,coal.perc,gas.perc,oil.perc,nuclear.perc,hydro.perc,wind.perc,solar.perc,other.perc,fossil.perc,low.carbon.perc
Gwh,2022,1,815.4955,5088.931,161.5045,35110.5555,6689.064,2713.8795,123.0185,438.5195,6065.931,45075.037,51140.968,0.015946031760681573,0.09950791310794116,0.0031580258707656845,0.6865446015804785,0.1307965856258333,0.053066643165612354,0.002405478519686995,0.008574720369000446,0.11861197073938842,0.8813880292606114
Gwh,2022,2,558.1305,3704.7615,169.275,29487.2825,5120.3695,3691.0135,150.897,489.203,4432.167,38938.7655,43370.9325,0.012868768731223381,0.0854203791906019,0.0039029596608281363,0.6798858313687398,0.1180599356492969,0.08510339269279027,0.0034792196363313144,0.011279513070188195,0.10219210758265343,0.8978078924173466
Gwh,2022,3,446.214,4374.265,150.37,26812.783,5209.9215,3078.468929,191.441,436.304,4970.849,35728.918429,40699.767429,0.010963551592239738,0.10747641267559638,0.0036946157066454427,0.6587945016338094,0.12800863073944127,0.07563848944273042,0.004703736952157413,0.010720061257380016,0.12213457997448156,0.8778654200255184
Gwh,2022,4,57.369,2625.391,92.688,18993.3135,4921.336056,2592.793071,183.911,345.9075,2775.448,27037.261127,29812.709127000002,0.0019243135454618423,0.08806281203147365,0.0031090096376399667,0.637087807722869,0.16507510387719082,0.08696938812084765,0.006168879158769246,0.011602685905747744,0.09309613521457545,0.9069038647854245
