unit,year,month,coal,oil,gas,nuclear,hydro,wind,solar,other,fossil,low.carbon,total.prod,coal.perc,oil.perc,gas.perc,nuclear.perc,hydro.perc,wind.perc,solar.perc,other.perc,fossil.perc,low.carbon.perc
Gwh,2022,1,815.4955,161.5045,5088.931,35110.5555,6690.1095,2713.8795,123.0185,438.5195,6065.931,45076.0825,51142.0135,0.015945705774763834,0.003157961311007045,0.09950587886024471,0.6865305664979343,0.1308143548161239,0.05306555832026441,0.002405429344310036,0.008574545075351794,0.11860954594601558,0.8813904540539843
Gwh,2022,2,558.1305,169.275,3704.7615,29487.2825,5120.3695,3691.0135,150.897,489.203,4432.167,38938.7655,43370.9325,0.012868768731223381,0.0039029596608281363,0.0854203791906019,0.6798858313687398,0.1180599356492969,0.08510339269279027,0.0034792196363313144,0.011279513070188195,0.10219210758265343,0.8978078924173466
Gwh,2022,3,446.214,150.37,4374.265,26812.783,5209.9215,3067.3915,187.64,436.304,4970.849,35714.04,40684.889,0.010967560953650382,0.0036959668244394128,0.10751571670749796,0.6590354222178165,0.12805544338587233,0.07539387658154849,0.004612031754590752,0.010723981574584115,0.12217924448558776,0.8778207555144122
Gwh,2022,4,67.281,25.0525,1098.099,5278.466,1169.293,635.722,22.2685,78.737,1190.4325,7184.4865,8374.919,0.008033629937197006,0.002991372215062617,0.13111756662959964,0.6302706927672973,0.13961842496625937,0.07590783863103631,0.0026589510895568065,0.00940152376399103,0.14214256878185924,0.8578574312181407
