unit,year,month,coal,gas,oil,nuclear,hydro,wind,solar,other,fossil,low.carbon,total.prod,coal.perc,gas.perc,oil.perc,nuclear.perc,hydro.perc,wind.perc,solar.perc,other.perc,fossil.perc,low.carbon.perc
Gwh,2022,1,815.4955,5088.931,161.5045,35110.5555,6689.064,2713.8795,688.2095,438.5195,6065.931,45640.228,51706.159,0.015771728470490333,0.09842020947639912,0.0031235060411275183,0.6790401023599529,0.12936687097566077,0.052486580950636845,0.01331001012858062,0.008480991597151898,0.11731544398801697,0.882684556011983
Gwh,2022,2,558.1305,3704.7615,169.275,29487.2825,5120.3695,3691.0135,870.701,489.203,4432.167,39658.5695,44090.7365,0.012658679448459656,0.08402584747025035,0.0038392418325785965,0.6687863447234546,0.11613254634564792,0.08371403594040666,0.01974793503392714,0.011095369205275126,0.10052376875128861,0.8994762312487113
Gwh,2022,3,446.214,4374.265,150.37,26812.783,5209.9215,3077.961429,1211.709,436.304,4970.849,36748.678928999994,41719.527928999996,0.01069556685203594,0.10484934075582791,0.0036043073223624637,0.6426914284751998,0.12487968485325286,0.07377747500494734,0.0290441685261189,0.01045802821025492,0.11914921493022632,0.8808507850697737
Gwh,2022,4,73.5105,3106.829,107.872,21688.0985,5707.7084,2943.621071,1560.595,416.0765,3288.2115,32316.099470999998,35604.310971,0.0020646516670375925,0.08725991081615195,0.0030297454734586108,0.6091424860788665,0.16030947501410645,0.08267597351898211,0.04383163042450442,0.011686127006892444,0.09235430795664815,0.9076456920433518
Gwh,2022,5,14.487,1236.199,42.793,8085.8885,2158.0532000000003,740.4535,867.116,208.8015,1293.479,12060.312699999999,13353.7917,0.0010848604145892136,0.09257288325082981,0.003204557998309948,0.605512552663226,0.16160602535083726,0.055448932904951634,0.06493406662918068,0.015636120788075494,0.09686230166372897,0.903137698336271
