unit,year,month,coal,gas,oil,nuclear,hydro,wind,solar,other,fossil,low.carbon,total.prod,coal.perc,gas.perc,oil.perc,nuclear.perc,hydro.perc,wind.perc,solar.perc,other.perc,fossil.perc,low.carbon.perc
Gwh,2022,1,815.4955,5088.931,161.078,35110.5555,6689.064,2713.8795,688.2095,438.5195,6065.5045,45640.228,51705.7325,0.01577185856519874,0.09842102130551965,0.003115283203849786,0.6790457034913876,0.12936793807147012,0.052487013891544816,0.013310119917554597,0.008481061553474752,0.11730816307456819,0.8826918369254318
Gwh,2022,2,558.1305,3704.7615,169.0945,29487.2825,5120.3695,3691.0135,870.701,489.203,4431.9865,39658.5695,44090.556,0.012658731271159294,0.08402619145923224,0.003835163702630559,0.6687890826325711,0.11613302177454964,0.08371437865287977,0.01974801587895603,0.011095414628021475,0.10052008643302209,0.899479913566978
Gwh,2022,3,446.214,4374.265,150.338,26812.783,5209.0365,3077.961429,1211.709,436.304,4970.817,36747.793929,41718.610928999995,0.010695801946987209,0.10485164540699755,0.0036036195034359363,0.6427055552168814,0.124861216229494,0.07377909667793868,0.029044806934300414,0.010458258083964885,0.11915106685742069,0.8808489331425794
Gwh,2022,4,73.5105,3106.829,107.872,21688.0985,5707.7084,2943.621071,1560.595,416.0765,3288.2115,32316.099470999998,35604.310971,0.0020646516670375925,0.08725991081615195,0.0030297454734586108,0.6091424860788665,0.16030947501410645,0.08267597351898211,0.04383163042450442,0.011686127006892444,0.09235430795664815,0.9076456920433518
Gwh,2022,5,34.4935,2719.9915,108.936,20463.612,5615.579900000001,2079.7915,2273.665,549.158,2863.421,30981.806399999998,33845.227399999996,0.0010191540329257767,0.08036558501598369,0.0032186517381768286,0.6046232680948098,0.165919402272948,0.06145006725527275,0.0671783047319694,0.016225566857913917,0.08460339078708629,0.9153966092129138
Gwh,2022,6,22.786,1614.1715,77.620214,14067.4015,3146.1727,1380.771,1580.588,288.891,1714.577714,20463.8242,22178.401914000002,0.0010273959362967651,0.07278123582840576,0.003499810955766053,0.6342838205632852,0.1418575022763022,0.0622574613515501,0.07126699237072902,0.01302578071766474,0.07730844272046859,0.9226915572795313
