unit,year,month,coal,gas,oil,nuclear,hydro,wind,solar,other,fossil,low.carbon,total.prod,coal.perc,gas.perc,oil.perc,nuclear.perc,hydro.perc,wind.perc,solar.perc,other.perc,fossil.perc,low.carbon.perc
Gwh,2022,1,815.4955,5088.931,161.5045,35110.5555,6690.1095,2713.8795,123.0185,438.5195,6065.931,45076.0825,51142.0135,0.015945705774763834,0.09950587886024471,0.003157961311007045,0.6865305664979343,0.1308143548161239,0.05306555832026441,0.002405429344310036,0.008574545075351794,0.11860954594601558,0.8813904540539843
Gwh,2022,2,558.1305,3704.7615,169.275,29487.2825,5120.3695,3691.839,150.897,489.203,4432.167,38939.591,43371.758,0.01286852379836667,0.0854187533740274,0.0039028853753172743,0.6798728910181598,0.11805768860003323,0.08512080603234944,0.0034791534159164124,0.011279298385829783,0.10219016254771135,0.8978098374522886
Gwh,2022,3,446.214,4374.265,150.37,26812.783,5209.9215,3078.468929,191.441,436.304,4970.849,35728.918429,40699.767429,0.010963551592239738,0.10747641267559638,0.0036946157066454427,0.6587945016338094,0.12800863073944127,0.07563848944273042,0.004703736952157413,0.010720061257380016,0.12213457997448156,0.8778654200255184
Gwh,2022,4,72.9205,3005.219,104.421,21035.5325,5512.292834,2870.907071,203.439,398.4685,3182.5605,30020.639904999996,33203.200404999996,0.002196188894761454,0.09050991962652645,0.00314490768137747,0.6335393047482347,0.16601691303136898,0.0864647695397362,0.006127090085248667,0.01200090639274627,0.09585101620266537,0.9041489837973347
