unit,year,month,coal,gas,oil,nuclear,hydro,wind,solar,other,fossil,low.carbon,total.prod,coal.perc,gas.perc,oil.perc,nuclear.perc,hydro.perc,wind.perc,solar.perc,other.perc,fossil.perc,low.carbon.perc
Gwh,2022,1,815.4955,5088.931,161.078,35110.5555,6678.6565,2713.8795,688.2095,438.5195,6065.5045,45629.8205,51695.325,0.01577503381592049,0.09844083580091623,0.0031159103845463786,0.6791824115623609,0.12919265910408728,0.05249758077737204,0.013312799561662493,0.008482768993134292,0.11733178000138311,0.882668219998617
Gwh,2022,2,558.1305,3704.7615,169.0945,29487.2825,5120.3695,3672.6035,870.701,489.203,4431.9865,39640.1595,44072.146,0.012664019128998165,0.08406129122915866,0.003836765743152149,0.669068451987793,0.11618153334307796,0.08333162401485963,0.019756265102225792,0.01110004945073471,0.10056207610130898,0.899437923898691
Gwh,2022,3,446.214,4374.265,150.338,26812.783,5209.0365,3067.24,1211.709,436.304,4970.817,36737.0725,41707.8895,0.010698551409560055,0.1048785985682637,0.0036045458497726193,0.642870769090342,0.12489331305052011,0.0735410023564007,0.02905227319162242,0.010460946483518424,0.11918169582759637,0.8808183041724037
Gwh,2022,4,73.5105,3106.829,107.872,21688.0985,5707.7084,2938.24,1560.595,416.0765,3288.2115,32310.718399999998,35598.929899999996,0.002064963756115602,0.08727310086924833,0.0030302034444018504,0.6092345629748832,0.16033370710954997,0.08253731244882168,0.04383825593588981,0.011687893461089685,0.09236826806976578,0.9076317319302343
Gwh,2022,5,34.4935,2719.9915,108.936,20459.0785,5615.579900000001,2079.7915,2273.665,549.158,2863.421,30977.2729,33840.6939,0.0010192905648427025,0.08037635126624872,0.0032190829278474107,0.604570301083572,0.16594162981983065,0.06145829947062639,0.06718730433597876,0.016227740531053355,0.08461472475893882,0.9153852752410612
Gwh,2022,6,29.161,2298.5455,113.6155,20103.9975,4578.8777,1843.531,2146.753,394.127,2441.322,29067.2862,31508.6082,0.0009254931165128393,0.07294976297937528,0.003605855875284266,0.6380477795905947,0.14532148392387575,0.058508804587566646,0.06813226996170527,0.012508549965085415,0.07748111197117238,0.9225188880288276
Gwh,2022,7,17.501,2165.457,94.851,14162.905,3195.866,1415.975,1941.477,272.894,2277.809,20989.117,23266.926,0.0007521835931398931,0.0930701803925452,0.004076645105588938,0.6087140604650567,0.1373566065409758,0.06085784602572768,0.08344364012676192,0.011728837750203874,0.09789900909127404,0.902100990908726
