unit,year,month,coal,gas,oil,nuclear,hydro,wind,solar,other,fossil,low.carbon,total.prod,coal.perc,gas.perc,oil.perc,nuclear.perc,hydro.perc,wind.perc,solar.perc,other.perc,fossil.perc,low.carbon.perc
Gwh,2022,1,815.4955,5088.931,161.5045,35110.5555,6689.064,2713.8795,688.2095,438.5195,6065.931,45640.228,51706.159,0.015771728470490333,0.09842020947639912,0.0031235060411275183,0.6790401023599529,0.12936687097566077,0.052486580950636845,0.01331001012858062,0.008480991597151898,0.11731544398801697,0.882684556011983
Gwh,2022,2,558.1305,3704.7615,169.275,29487.2825,5120.3695,3691.0135,870.701,489.203,4432.167,39658.5695,44090.7365,0.012658679448459656,0.08402584747025035,0.0038392418325785965,0.6687863447234546,0.11613254634564792,0.08371403594040666,0.01974793503392714,0.011095369205275126,0.10052376875128861,0.8994762312487113
Gwh,2022,3,446.214,4374.265,150.37,26812.783,5209.9215,3078.468929,1211.709,436.304,4970.849,36749.186429,41720.035428999996,0.01069543674667717,0.10484806532449412,0.003604263478057269,0.6426836105072475,0.12487816576441674,0.07378874196401393,0.02904381522067763,0.010457900994415764,0.11914776554922855,0.8808522344507715
Gwh,2022,4,73.5105,3106.829,107.872,21688.0985,5707.7084,2943.621071,1560.595,416.0765,3288.2115,32316.099470999998,35604.310971,0.0020646516670375925,0.08725991081615195,0.0030297454734586108,0.6091424860788665,0.16030947501410645,0.08267597351898211,0.04383163042450442,0.011686127006892444,0.09235430795664815,0.9076456920433518
Gwh,2022,5,13.201,905.722,31.573,6075.8675,1650.7415090000002,514.9455,637.247,157.1085,950.496,9035.910009,9986.406009,0.0013218969855724799,0.09069549136934153,0.0031615978733035306,0.6084138272091356,0.16529885801882183,0.051564646934634764,0.0638114452212034,0.015732236387986816,0.09517898622821755,0.9048210137717824
