unit,year,month,coal,gas,oil,nuclear,hydro,wind,solar,other,fossil,low.carbon,total.prod,coal.perc,gas.perc,oil.perc,nuclear.perc,hydro.perc,wind.perc,solar.perc,other.perc,fossil.perc,low.carbon.perc
Gwh,2022,1,815.4955,5088.931,161.078,35110.5555,6689.064,2713.8795,688.2095,438.5195,6065.5045,45640.228,51705.7325,0.01577185856519874,0.09842102130551965,0.003115283203849786,0.6790457034913876,0.12936793807147012,0.052487013891544816,0.013310119917554597,0.008481061553474752,0.11730816307456819,0.8826918369254318
Gwh,2022,2,558.1305,3704.7615,169.0945,29487.2825,5120.3695,3691.0135,870.701,489.203,4431.9865,39658.5695,44090.556,0.012658731271159294,0.08402619145923224,0.003835163702630559,0.6687890826325711,0.11613302177454964,0.08371437865287977,0.01974801587895603,0.011095414628021475,0.10052008643302209,0.899479913566978
Gwh,2022,3,446.214,4374.265,150.338,26812.783,5209.0365,3072.677167,1211.709,436.304,4970.817,36742.509667000006,41713.326667,0.0106971568957363,0.10486492805812447,0.0036040760114904595,0.6427869734305313,0.12487703370158061,0.07366176261915926,0.029048486342821467,0.01045958294055617,0.11916616096535122,0.8808338390346488
Gwh,2022,4,73.5105,3106.829,107.872,21688.0985,5707.7084,2943.064833,1560.595,416.0765,3288.2115,32315.543233,35603.754732999994,0.00206468392312189,0.08726127407906163,0.0030297928072180783,0.6091520027211621,0.16031197953146514,0.08266164215180839,0.0438323152067311,0.011686309579431854,0.09235575080940159,0.9076442491905986
Gwh,2022,5,34.4935,2719.9915,108.936,20463.612,5615.579900000001,2079.7915,2273.665,549.158,2863.421,30981.806399999998,33845.227399999996,0.0010191540329257767,0.08036558501598369,0.0032186517381768286,0.6046232680948098,0.165919402272948,0.06145006725527275,0.0671783047319694,0.016225566857913917,0.08460339078708629,0.9153966092129138
Gwh,2022,6,24.474,1851.8005,90.193,16156.9475,3623.400825,1565.548,1764.317,322.472,1966.4675,23432.685325,25399.152825,0.0009635754455522868,0.07290796322061974,0.0035510239503431153,0.6361215120567707,0.14265833392023775,0.06163780385852299,0.0694636160566509,0.012696171491302484,0.07742256261651514,0.9225774373834847
