unit,year,month,coal,gas,oil,nuclear,hydro,wind,solar,other,fossil,low.carbon,total.prod,coal.perc,gas.perc,oil.perc,nuclear.perc,hydro.perc,wind.perc,solar.perc,other.perc,fossil.perc,low.carbon.perc
Gwh,2022,1,15616.372961,5417.147625,233.69175,2906.45075,2511.241118,15213.38638,64.332252,4262.8145,21267.212336,24958.225,46225.437335999995,0.3378307239689022,0.11718975389295384,0.005055479482029752,0.06287557062735412,0.05432595693463057,0.32911287067806577,0.0013917067248577128,0.09221793769120612,0.4600759573438858,0.5399240426561143
Gwh,2022,2,11464.774131999999,3652.39075,226.84425,2695.4645,2127.2936630000004,18067.969123,61.696879,3864.598,15344.009132,26817.022165,42161.031297,0.2719282185304557,0.08662954006677462,0.005380424601144452,0.06393260356968065,0.05045639533849281,0.4285466594904105,0.0014633626622029545,0.09166279574083826,0.3639381831983748,0.6360618168016251
Gwh,2022,3,16768.32725,5033.895,253.253124,2977.90625,2259.402898,8082.51975,78.378634,4300.909,22055.475374,17699.116531999996,39754.591906,0.42179598496819737,0.1266242403368818,0.00637041186584983,0.07490722724663554,0.05683375906215748,0.20331034384936392,0.001971561780468702,0.10818647089044525,0.5547906371709291,0.4452093628290708
Gwh,2022,4,12226.57375,3307.00125,163.486875,2770.8715,2245.001554,10635.77725,93.769001,3860.01975,15697.061875,19605.439055,35302.50093,0.34633732534257594,0.09367611820356093,0.004631028133790633,0.07848938253678561,0.0635932722854828,0.3012754612226845,0.0026561574542815257,0.10934125482083798,0.4446444716799275,0.5553555283200724
