unit,year,month,coal,gas,oil,nuclear,hydro,wind,solar,other,fossil,low.carbon,total.prod,coal.perc,gas.perc,oil.perc,nuclear.perc,hydro.perc,wind.perc,solar.perc,other.perc,fossil.perc,low.carbon.perc
Gwh,2022,1,15693.95572,5417.63475,233.69175,2906.45075,2511.262742,15239.366006999999,975.1675,4089.6005,21345.282219999997,25721.847499,47067.129719,0.33343770511811527,0.11510442175557216,0.004965073319643361,0.0617511789512571,0.053354915776524535,0.3237793784745746,0.020718652397584927,0.08688867420672809,0.45350720019333074,0.5464927998066693
Gwh,2022,2,11458.352375,3652.39075,226.84425,2695.4645,2126.7711630000003,18098.971127999997,2233.2655,3706.71875,15337.587375,28861.191041000002,44198.778416,0.25924590646270135,0.08263555873928477,0.00513236469716281,0.06098504521166221,0.04811832451527907,0.40949030214482474,0.050527765246823106,0.08386473298226188,0.3470138298991489,0.652986170100851
Gwh,2022,3,16768.32725,5033.895,253.156625,2977.90625,2259.140023,8137.85175,5496.85025,4175.61275,22055.378875,23047.361023,45102.739898,0.3717806786887366,0.11160951665872564,0.005612887943670707,0.06602495229191276,0.050088753545994166,0.1804292104737712,0.12187397622475145,0.09258002417243748,0.48900308329113296,0.510996916708867
Gwh,2022,4,12682.572,3397.9425,163.51025,2865.646,2306.335931,10785.589125,5590.521,3841.78175,16244.02475,25389.873806000003,41633.898556,0.3046212927415675,0.0816148047108673,0.003927334592028879,0.06882963400954491,0.05539562738516656,0.259057871087733,0.13427810495527884,0.09227533051781306,0.3901634320444637,0.6098365679555364
Gwh,2022,5,11721.269,4071.213,11.5855,2237.83425,2612.873871,7838.029875,7360.4025,4008.47525,15804.0675,24057.615746,39861.683246,0.29404852092331535,0.10213349433527832,0.000290642518242442,0.05613998375807574,0.06554850819708408,0.19663067980920054,0.18464856224400897,0.10055960821479455,0.3964726577768361,0.6035273422231638
Gwh,2022,6,4718.83525,1521.93975,2.32725,843.30675,1078.012254,2556.50625,2944.55675,1502.7355,6243.10225,8925.117504,15168.219754000002,0.31110013742750525,0.10033740113757583,0.00015342934357120467,0.055596949653739826,0.07107045332170363,0.16854359255481022,0.19412672006044038,0.09907131650065358,0.41159096790865224,0.5884090320913477
