unit,year,month,coal,gas,oil,nuclear,hydro,wind,solar,other,fossil,low.carbon,total.prod,coal.perc,gas.perc,oil.perc,nuclear.perc,hydro.perc,wind.perc,solar.perc,other.perc,fossil.perc,low.carbon.perc
Gwh,2022,1,15692.63128,5417.660625,233.69175,2906.45075,2511.0703670000003,15229.844636,975.1675,4089.6005,21343.983655,25712.133753,47056.117408,0.33348759193065297,0.11513190895088479,0.004966235271256573,0.06176563027501022,0.05336331396038836,0.32365281019574255,0.02072350108158758,0.086909008334477,0.45358573615279435,0.5464142638472057
Gwh,2022,2,11456.267124,3652.39075,226.84425,2695.4645,2126.7711630000003,18057.046254,2233.2655,3706.71875,15335.502124,28819.266167,44154.768291,0.25945707717223176,0.08271792359840016,0.0051374802491317186,0.06104583048054207,0.048166285212587034,0.40894895280609006,0.05057812749195659,0.08394832298906062,0.3473124810197637,0.6526875189802364
Gwh,2022,3,16768.32725,5033.895,253.156625,2977.90625,2258.2212719999998,8137.866,5496.85025,4175.61575,22055.378875,23046.459522,45101.838397,0.3717881098859013,0.11161174752324145,0.0056130001347536864,0.0660262720066435,0.050069384137348336,0.18043313286629353,0.12187641225652633,0.09258194118929187,0.4890128575438964,0.5109871424561035
Gwh,2022,4,12682.572,3397.9425,163.51025,2865.646,2306.335931,10762.465751,5590.521,3843.1985,16244.02475,25368.167182,41612.191931999994,0.30478019568700093,0.08165737833644289,0.003929383250639575,0.06886553836632439,0.05542452401375222,0.25863731880760665,0.13434814991567073,0.09235751162256271,0.39036695727408344,0.6096330427259168
Gwh,2022,5,11721.269,4071.213,11.5855,2237.83425,2612.873871,7838.029875,7360.4025,4008.47525,15804.0675,24057.615746,39861.683246,0.29404852092331535,0.10213349433527832,0.000290642518242442,0.05613998375807574,0.06554850819708408,0.19663067980920054,0.18464856224400897,0.10055960821479455,0.3964726577768361,0.6035273422231638
Gwh,2022,6,9519.49275,3091.99275,9.26325,1543.726,2097.5640580000004,4440.44325,6043.67825,2839.54275,12620.74875,16964.954307999997,29585.703058,0.32175989637082225,0.10450969321021163,0.00031309886338817995,0.052178107681729584,0.07089789463133334,0.1500874676290412,0.20427698602098232,0.0959768555924915,0.42658268844442215,0.5734173115555778
