unit,year,month,coal,gas,oil,nuclear,hydro,wind,solar,other,fossil,low.carbon,total.prod,coal.perc,gas.perc,oil.perc,nuclear.perc,hydro.perc,wind.perc,solar.perc,other.perc,fossil.perc,low.carbon.perc
Gwh,2022,1,15692.663501,5417.63475,233.69175,2906.45075,2511.262742,15229.844636,975.1675,4089.6005,21343.990001000002,25712.326127999997,47056.316129,0.33348686832985813,0.11513087287045841,0.004966214298615267,0.06176536943589608,0.05336717679122255,0.3236514433949518,0.02072341356528377,0.08690864131371409,0.45358395549893177,0.5464160445010682
Gwh,2022,2,11457.808874,3652.39075,226.84425,2695.4645,2126.7711630000003,18057.046254,2233.2655,3706.71875,15337.043873999999,28819.266167,44156.310041000004,0.25948293377234644,0.08271503544133745,0.005137300870235095,0.06104369902052975,0.0481646034513584,0.40893467405301026,0.05057636151948315,0.08394539187169939,0.34733527008391896,0.6526647299160809
Gwh,2022,3,16768.32725,5033.895,253.156625,2977.90625,2259.140023,8137.85175,5496.85025,4175.61275,22055.378875,23047.361023,45102.739898,0.3717806786887366,0.11160951665872564,0.005612887943670707,0.06602495229191276,0.050088753545994166,0.1804292104737712,0.12187397622475145,0.09258002417243748,0.48900308329113296,0.510996916708867
Gwh,2022,4,12682.572,3397.9425,163.51025,2865.646,2306.335931,10757.124999,5590.521,3841.78175,16244.02475,25361.40968,41605.43443,0.3048296977006232,0.0816706410244783,0.003930021456093711,0.06887672341990253,0.055433525994791545,0.2585509596612569,0.13436997057213518,0.09233846017071862,0.3904303601811952,0.6095696398188047
Gwh,2022,5,11721.269,4071.213,11.5855,2237.83425,2612.873871,7838.029875,7360.4025,4008.47525,15804.0675,24057.615746,39861.683246,0.29404852092331535,0.10213349433527832,0.000290642518242442,0.05613998375807574,0.06554850819708408,0.19663067980920054,0.18464856224400897,0.10055960821479455,0.3964726577768361,0.6035273422231638
Gwh,2022,6,6893.753,2189.2725,4.8415,1163.106,1536.721006,3364.97775,4429.085,2105.8885,9087.867,12599.778256000001,21687.645256,0.3178654445250485,0.1009456063190782,0.0002232376979082399,0.05362988864262341,0.07085697814864701,0.15515643631569737,0.2042215716699198,0.09710083668107744,0.419034288542035,0.580965711457965
