unit,year,month,coal,gas,oil,nuclear,hydro,wind,solar,other,fossil,low.carbon,total.prod,coal.perc,gas.perc,oil.perc,nuclear.perc,hydro.perc,wind.perc,solar.perc,other.perc,fossil.perc,low.carbon.perc
Gwh,2022,1,15694.203559,5417.63475,233.69175,2906.45075,2511.262742,15250.501254,975.1675,4089.6005,21345.530059,25732.982745999998,47078.512805,0.33336234778710316,0.11507659072494357,0.004963872817477375,0.06173624816991498,0.0533420151227311,0.32393761708590574,0.020713642846773014,0.08686766544515107,0.45340281132952415,0.5465971886704759
Gwh,2022,2,11458.438125,3652.39075,226.84425,2695.4645,2125.818788,18098.971127999997,2233.2655,3706.71875,15337.673125,28860.238666,44197.911791,0.25925292984844767,0.08263717904300932,0.005132465331680946,0.06098624099586705,0.04809772004732766,0.4094983313597518,0.05052875598649344,0.08386637738742213,0.3470225742231379,0.6529774257768621
Gwh,2022,3,16768.32725,5033.895,253.156625,2977.90625,2259.408648,8138.084875,5496.85025,4175.61275,22055.378875,23047.862773,45103.241648,0.37177654282291595,0.11160827506116108,0.005612825503224681,0.06602421779881198,0.0500941521151216,0.18043237199029272,0.12187262044043669,0.09257899426803523,0.4889976433873017,0.5110023566126982
Gwh,2022,4,12682.572,3397.9425,163.51025,2865.646,2306.198681,10791.526625,5590.521,3841.78175,16244.02475,25395.674056000003,41639.698806,0.30457886016631147,0.0816034360822605,0.003926787529415061,0.06882004630607655,0.05538461485383492,0.2591643776118048,0.13425940053136126,0.09226247691893548,0.39010908377798703,0.6098909162220131
Gwh,2022,5,11721.269,4071.213,11.5855,2237.83425,2621.263121,7838.024875,7360.4025,4080.1445,15804.0675,24137.669245999998,39941.736746,0.29345917215715056,0.10192879257829757,0.0002900599959805263,0.0560274648103305,0.06562716933590797,0.1962364562373454,0.18427847909585737,0.10215240578913007,0.3956780247314286,0.6043219752685712
Gwh,2022,6,471.65725,199.247,0.192,90.3525,90.0125,141.14375,242.40225,133.2125,671.09625,697.1235,1368.21975,0.3447233165578848,0.14562499920060357,0.00014032833541541848,0.06603654127927916,0.06578804318531435,0.10315868485307277,0.17716616793464648,0.0973619186537835,0.4904886440939038,0.5095113559060963
