unit,year,month,coal,gas,oil,nuclear,hydro,wind,solar,other,fossil,low.carbon,total.prod,coal.perc,gas.perc,oil.perc,nuclear.perc,hydro.perc,wind.perc,solar.perc,other.perc,fossil.perc,low.carbon.perc
Gwh,2022,1,15693.95572,5417.611875,233.69175,2906.45075,2511.262742,15213.38638,975.1675,4262.8145,21345.259345,25869.081872000002,47214.341217,0.3323980662542684,0.11474504854574427,0.004949592517365401,0.061558642460810255,0.05318855833353859,0.322219605057674,0.020654052875969834,0.09028643395462925,0.452092707317378,0.547907292682622
Gwh,2022,2,11457.823249,3652.39075,226.84425,2695.4645,2125.818788,18067.969123,2233.2655,3864.598,15337.058249,28987.115910999997,44324.174159999995,0.258500546623608,0.08240177779321316,0.0051178449299730845,0.060812514865364396,0.04796070831069039,0.40763239170071885,0.05038481917200373,0.08718939660442848,0.34602016934679425,0.6539798306532058
Gwh,2022,3,16768.32725,5033.895,253.156625,2977.90625,2259.408648,8138.034875,5496.85025,4175.94575,22055.378875,23048.145773,45103.524648,0.3717742101280226,0.11160757478015004,0.005612790285808087,0.06602380353288083,0.050093837801658096,0.1804301313148231,0.1218718557562606,0.09258579640039664,0.4889945751939807,0.5110054248060193
Gwh,2022,4,12682.572,3397.9425,163.51025,2865.646,2306.198681,10746.57975,5590.521,3991.36975,16244.02475,25500.315181,41744.339931,0.30381536804662046,0.08139887959940252,0.003916944195794428,0.06864753412646313,0.05524578145952143,0.2574380087878554,0.1339228506006006,0.09561463318374201,0.3891311918418174,0.6108688081581826
Gwh,2022,5,10860.75725,3643.493,11.2015,2056.841,2496.198119,7729.684875,6882.99325,4207.89625,14515.45175,23373.613493999997,37889.065244000005,0.28664621784829797,0.09616212425765695,0.0002956393863998488,0.054285873424278125,0.06588175514293772,0.20400832866216062,0.1816617328950856,0.11105832838318304,0.38310398149235475,0.6168960185076451
