unit,year,month,coal,oil,gas,nuclear,hydro,wind,solar,other,fossil,low.carbon,total.prod,coal.perc,oil.perc,gas.perc,nuclear.perc,hydro.perc,wind.perc,solar.perc,other.perc,fossil.perc,low.carbon.perc
Gwh,2022,1,15617.692747,233.69175,5417.63475,2906.45075,2513.185368,15212.260129,62.752877999999995,4262.8145,21269.019247,24957.463625,46226.482872,0.3378516334510027,0.005055365138790393,0.11719764112275853,0.0628741485275419,0.05436678743132911,0.32908106314560803,0.0013575092479728812,0.09221585193499643,0.46010463971255167,0.5398953602874483
Gwh,2022,2,11470.698752,226.84425,3652.39075,2695.4645,2124.622165,18058.616998,57.506629999999994,3864.4635,15349.933752,26800.673792999998,42150.607545,0.27213602413094234,0.0053817551682457014,0.08665096336039063,0.06394841396111127,0.05040549327152054,0.4284307641051346,0.0013643131937921868,0.09168227280886278,0.3641687426595787,0.6358312573404213
Gwh,2022,3,16768.32725,253.253124,5033.895,2977.90625,2255.6861480000002,8082.5185,76.51263,4300.909,22055.475374,17693.532528,39749.007902000005,0.4218552395406147,0.0063713067914647845,0.12664202871203525,0.07491775033334012,0.05674823768083287,0.20333887376326998,0.0019248940800897375,0.10820166909835241,0.5548685750441148,0.4451314249558851
Gwh,2022,4,2870.429875,54.571875,735.23625,680.5325,615.996805,4120.67725,10.100499,924.95825,3660.238,6352.265304,10012.503304,0.28668453710804387,0.005450372733280248,0.07343181097441165,0.06796826720927293,0.06152275672697246,0.4115531475883546,0.0010087885809700401,0.0923803190786942,0.36556672081573577,0.6344332791842642
