unit,year,month,coal,gas,oil,nuclear,hydro,wind,solar,other,fossil,low.carbon,total.prod,coal.perc,gas.perc,oil.perc,nuclear.perc,hydro.perc,wind.perc,solar.perc,other.perc,fossil.perc,low.carbon.perc
Gwh,2022,1,15616.372961,5417.147625,233.69175,2906.45075,2513.242993,15213.38638,64.332252,4262.8145,21267.212336,24960.226875,46227.439211,0.3378160942404965,0.11718467900144831,0.005055260554956117,0.06287284780655553,0.05436690926202038,0.32909861847549443,0.0013916464571260933,0.09221394420190265,0.46005603379690096,0.5399439662030991
Gwh,2022,2,11464.774131999999,3652.39075,226.84425,2695.4645,2127.2936630000004,18090.489747,58.819129999999994,3864.598,15344.009132,26836.665040000004,42180.67417200001,0.2718015858459285,0.08658919805564647,0.0053779190222279965,0.06390283116407085,0.05043289859060909,0.4288810006504985,0.001394456849128428,0.09162010982189,0.363768702923803,0.636231297076197
Gwh,2022,3,16768.32725,5033.895,253.253124,2977.90625,2260.943148,8082.51975,76.63788000000001,4300.909,22055.475374,17698.916028,39754.391402,0.42179811232518083,0.12662487897492378,0.006370443995459055,0.07490760504637445,0.056872789854512884,0.20331136925902926,0.0019277840081874437,0.10818701653633227,0.5547934352955637,0.4452065647044363
Gwh,2022,4,10657.11325,2842.95075,162.910875,2484.75225,2050.181804,10356.773626,83.618503,3465.01125,13662.974875,18440.337432999997,32103.312307999997,0.33196304318244124,0.08855630605105971,0.005074581508506939,0.07739862560477323,0.06386200228594804,0.32260763396115794,0.002604669019749799,0.10793313838636318,0.4255939307420079,0.5744060692579921
