unit,year,month,coal,gas,oil,nuclear,hydro,wind,solar,other,fossil,low.carbon,total.prod,coal.perc,gas.perc,oil.perc,nuclear.perc,hydro.perc,wind.perc,solar.perc,other.perc,fossil.perc,low.carbon.perc
Gwh,2022,1,15616.372961,5416.636372999999,233.69175,2906.45075,2511.241118,15212.260129,64.332252,4262.8145,21266.701084,24957.098749,46223.799833000005,0.33784269180421617,0.11718284504020729,0.005055658575112712,0.06287779802830126,0.05432788146090879,0.32910016450312884,0.0013917560268178568,0.09222120456130697,0.4600811954195362,0.5399188045804637
Gwh,2022,2,11467.301131999999,3652.39075,226.84425,2695.4645,2127.2936630000004,18058.616998,61.696879,3864.598,15346.536132,26807.67004,42154.206172,0.27203219259331946,0.08664356612712161,0.005381295737711609,0.06394295480270254,0.05046456465862731,0.42839418975929,0.0014635995930811952,0.09167763672814633,0.3640570544581527,0.6359429455418474
Gwh,2022,3,16768.32725,5033.895,253.253124,2977.90625,2259.402898,8082.51975,78.378634,4300.909,22055.475374,17699.116531999996,39754.591906,0.42179598496819737,0.1266242403368818,0.00637041186584983,0.07490722724663554,0.05683375906215748,0.20331034384936392,0.001971561780468702,0.10818647089044525,0.5547906371709291,0.4452093628290708
Gwh,2022,4,12682.572,3397.9425,163.678875,2865.646,2305.816304,10746.5785,96.253251,3990.99675,16244.193375,20005.290805,36249.48418,0.3498690336398602,0.093737678669501,0.004515343561503887,0.07905342834039743,0.06360963076192386,0.2964615564358632,0.0026552998801871504,0.1100980287107633,0.4481220558708651,0.5518779441291349
Gwh,2022,5,441.3415,85.24625,0.192,94.865,72.284999,52.24275,4.339876,130.76825,526.77975,354.500875,881.280625,0.5007956461087523,0.09672997179530642,0.00021786476923851583,0.10764448611360314,0.08202268034656951,0.05928049308924725,0.004924510850332152,0.14838434692695077,0.5977434826732972,0.40225651732670287
