unit,year,month,coal,oil,gas,nuclear,hydro,wind,solar,other,fossil,low.carbon,total.prod,coal.perc,oil.perc,gas.perc,nuclear.perc,hydro.perc,wind.perc,solar.perc,other.perc,fossil.perc,low.carbon.perc
Gwh,2022,1,15616.852895,233.69175,5417.5655,2906.45075,2512.860744,15213.38638,64.332252,4262.8145,21268.110145,24959.844626000002,46227.954771,0.33782270862644476,0.005055204175863756,0.11719241153620276,0.06287214661340139,0.054358034147259815,0.32909494818368545,0.0013916309367066634,0.09221291578043542,0.4600703243385113,0.5399296756614888
Gwh,2022,2,11467.829506999999,226.84425,3652.39075,2695.4645,2126.1680389999997,18091.632498,57.506629999999994,3864.598,15347.064507,26835.369667,42182.434173999995,0.27186267771309486,0.005377694636214713,0.08658558524465679,0.06390016490943533,0.050404109687688596,0.42889019688558294,0.001363283820056202,0.09161628710327067,0.36382595759396635,0.6361740424060337
Gwh,2022,3,16768.32725,253.253124,5033.895,2977.90625,2260.859523,8082.51975,76.63788000000001,4300.909,22055.475374,17698.832403,39754.307777,0.4217989995967525,0.006370457395978619,0.1266251453361333,0.07490776261793894,0.056870805943400896,0.20331179693376955,0.0019277880633690504,0.10818724411265705,0.5547946023288645,0.4452053976711355
Gwh,2022,4,6944.32225,137.681625,1830.43125,1627.385,1388.421801,7689.2173760000005,53.460872,2258.8605,8912.435125,13017.345549000001,21929.780674,0.31666172832422373,0.006278294664535138,0.08346783204130097,0.0742089045117278,0.06331216083004952,0.35062901404738417,0.0024378206419265894,0.10300424493885203,0.40640785503005983,0.5935921449699402
