unit,year,month,coal,gas,oil,nuclear,hydro,wind,solar,other,fossil,low.carbon,total.prod,coal.perc,gas.perc,oil.perc,nuclear.perc,hydro.perc,wind.perc,solar.perc,other.perc,fossil.perc,low.carbon.perc
Gwh,2022,1,15694.203559,5417.63475,233.69175,2906.45075,2509.942742,15212.260129,975.1675,4262.8145,21345.530059,25866.635620999998,47212.16568,0.3324186326332489,0.11475082051351473,0.004949820594631109,0.061561479083583524,0.05316305036740268,0.3222105978384341,0.02065500461490374,0.09029059435428129,0.4521192737413947,0.5478807262586053
Gwh,2022,2,11458.641375,3652.39075,226.84425,2695.4645,2127.360788,18058.616998,2233.2655,3864.598,15337.876375,28979.305785999997,44317.182161,0.2585597914003619,0.08241477846518357,0.0051186523812795,0.060822109361728834,0.04800306978614989,0.4074856775052802,0.05039276847266066,0.08720315262735552,0.346093222246825,0.653906777753175
Gwh,2022,3,16768.32725,5033.895,253.156625,2977.90625,2258.504398,8138.034875,5496.85025,4175.94575,22055.378875,23047.241523,45102.620398,0.3717816637266504,0.11160981236964272,0.005612902815092885,0.0660251272259128,0.050074793394934314,0.180433748708775,0.12187429913149235,0.09258765262749956,0.489004378911386,0.510995621088614
Gwh,2022,4,12682.572,3397.9425,163.51025,2865.646,2306.155179,10746.50925,5590.521,3991.0935,16244.02475,25499.924928999997,41743.949679,0.3038182083278091,0.08139964057376661,0.003916980814162313,0.06864817589222066,0.05524525582111245,0.25743872663314876,0.13392410260623724,0.0956089093315429,0.389134829715738,0.610865170284262
Gwh,2022,5,9590.0345,3236.068,10.2415,1666.0715,2018.073498,5310.4985,5802.76475,3554.8475,12836.344,18352.255748,31188.599748,0.307485253505649,0.10375804063494438,0.0003283731902922877,0.05341924656642652,0.06470548579627756,0.17027050085313755,0.18605403246332367,0.11397906698994904,0.4115716673308856,0.5884283326691143
