unit,year,month,coal,gas,oil,nuclear,hydro,wind,solar,other,fossil,low.carbon,total.prod,coal.perc,gas.perc,oil.perc,nuclear.perc,hydro.perc,wind.perc,solar.perc,other.perc,fossil.perc,low.carbon.perc
Gwh,2022,1,15616.372961,5416.575373,233.69175,2906.45075,2513.242993,15213.38638,64.332252,4262.8145,21266.640084,24960.226875,46226.866959,0.33782027613618354,0.11717375044698841,0.005055323135077882,0.06287362612261434,0.05436758228129695,0.329102692455736,0.0013916636846070102,0.09221508573749589,0.46004934971824984,0.5399506502817502
Gwh,2022,2,11467.301131999999,3652.39075,226.84425,2695.4645,2127.2936630000004,18091.632498,58.819129999999994,3864.598,15346.536132,26837.807790999996,42184.34392299999,0.27183784469734823,0.0865816653843613,0.005377451179851553,0.06389727205240149,0.05042851127145644,0.4288707803782145,0.001394335540867101,0.09161213949549946,0.36379696126156114,0.636203038738439
Gwh,2022,3,16768.32725,5033.895,253.253124,2977.90625,2260.943148,8082.51975,76.63788000000001,4300.909,22055.475374,17698.916028,39754.391402,0.42179811232518083,0.12662487897492378,0.006370443995459055,0.07490760504637445,0.056872789854512884,0.20331136925902926,0.0019277840081874437,0.10818701653633227,0.5547934352955637,0.4452065647044363
Gwh,2022,4,10135.78675,2639.31225,162.718875,2389.07375,1983.213429,10259.825626,80.870627,3333.28225,12937.817875,18046.265682,30984.083557,0.3271288218466638,0.08518284057505131,0.005251692363295288,0.0771064842245513,0.0640074903410189,0.3311321313449684,0.002610070000980536,0.10758046930347039,0.41756335478501044,0.5824366452149895
