unit,year,month,coal,gas,oil,nuclear,hydro,wind,solar,other,fossil,low.carbon,total.prod,coal.perc,gas.perc,oil.perc,nuclear.perc,hydro.perc,wind.perc,solar.perc,other.perc,fossil.perc,low.carbon.perc
Gwh,2022,1,15692.63128,5417.668875,233.69175,2906.45075,2511.274868,15229.844636,975.1675,4089.6005,21343.991905000003,25712.338254000002,47056.330159000005,0.33348608416711867,0.11513156373848282,0.0049662128179220975,0.061765351020347505,0.05336741857077635,0.3236513468972067,0.02072340738652968,0.0869086154016161,0.45358386072352364,0.5464161392764764
Gwh,2022,2,11457.093998,3652.39075,226.84425,2695.4645,2126.8494130000004,18055.451504,2233.2655,3706.71875,15336.328997999999,28817.749667000004,44154.07866500001,0.25947985654792505,0.08271921553863544,0.0051375604895095356,0.06104678393248044,0.048168809706948056,0.40891922218529203,0.05057891745276664,0.08394963414644266,0.34733663257607,0.6526633674239298
Gwh,2022,3,16768.32725,5033.895,253.156625,2977.90625,2259.464523,8137.866,5496.85025,4175.61575,22055.378875,23047.702773,45103.081648,0.37177786167397175,0.11160867098364259,0.005612845414327153,0.06602445201506645,0.050095568649469235,0.1804281592887757,0.12187305277495926,0.09257938919978784,0.4889993780719415,0.5110006219280585
Gwh,2022,4,12682.572,3397.9425,163.51025,2865.646,2306.9924309999997,10745.537,5590.521,3843.1985,16244.02475,25351.894931000003,41595.919681,0.3048994251662884,0.08168932255997449,0.0039309204184920935,0.0688924784444412,0.05546198878862096,0.25833151622581624,0.13440070667685255,0.09239364171951411,0.3905196681447549,0.6094803318552452
Gwh,2022,5,11721.269,4071.213,11.5855,2237.83425,2614.6116230000002,7838.029875,7360.4025,4008.47525,15804.0675,24059.353498,39863.420997999994,0.2940357025702353,0.10212904206601482,0.0002906298483660311,0.056137536467637215,0.06558924341017243,0.1966221081575825,0.1846405129246003,0.10055522455539155,0.39645537448461615,0.603544625515384
Gwh,2022,6,11802.584624,3864.964217,10.236477,1982.04525,2557.4499610000003,5163.9070010000005,7250.688,3443.819785,15677.785318,20397.909997000002,36075.695315,0.327161667181854,0.10713485029886528,0.00028374995715588474,0.05494129032561933,0.07089121744346899,0.14314088629229796,0.20098539852633748,0.09546093997440117,0.4345802674378752,0.565419732562125
