unit,year,month,coal,gas,oil,nuclear,hydro,wind,solar,other,fossil,low.carbon,total.prod,coal.perc,gas.perc,oil.perc,nuclear.perc,hydro.perc,wind.perc,solar.perc,other.perc,fossil.perc,low.carbon.perc
Gwh,2022,1,15692.63128,5417.611875,233.69175,2906.45075,2511.262742,15229.844636,975.1675,4089.6005,21343.934905000002,25712.326127999997,47056.261033,0.3334865740606748,0.11513052155165265,0.004966220113325934,0.061765441754110896,0.05336723927638196,0.32365182234346007,0.02072343782937039,0.08690874307102324,0.4535833157256534,0.5464166842743465
Gwh,2022,2,11456.267124,3652.39075,226.84425,2695.4645,2126.7711630000003,18057.046254,2233.2655,3706.71875,15335.502124,28819.266167,44154.768291,0.25945707717223176,0.08271792359840016,0.0051374802491317186,0.06104583048054207,0.048166285212587034,0.40894895280609006,0.05057812749195659,0.08394832298906062,0.3473124810197637,0.6526875189802364
Gwh,2022,3,16768.32725,5033.895,253.156625,2977.90625,2259.140023,8137.85175,5496.85025,4175.61275,22055.378875,23047.361023,45102.739898,0.3717806786887366,0.11160951665872564,0.005612887943670707,0.06602495229191276,0.050088753545994166,0.1804292104737712,0.12187397622475145,0.09258002417243748,0.48900308329113296,0.510996916708867
Gwh,2022,4,12682.572,3397.9425,163.51025,2865.646,2306.335931,10757.124999,5590.521,3841.78175,16244.02475,25361.40968,41605.43443,0.3048296977006232,0.0816706410244783,0.003930021456093711,0.06887672341990253,0.055433525994791545,0.2585509596612569,0.13436997057213518,0.09233846017071862,0.3904303601811952,0.6095696398188047
Gwh,2022,5,11721.269,4071.213,11.5855,2237.83425,2612.873871,7838.029875,7360.4025,4008.47525,15804.0675,24057.615746,39861.683246,0.29404852092331535,0.10213349433527832,0.000290642518242442,0.05613998375807574,0.06554850819708408,0.19663067980920054,0.18464856224400897,0.10055960821479455,0.3964726577768361,0.6035273422231638
Gwh,2022,6,7572.194,2316.67475,5.2255,1287.21925,1721.2065069999999,3867.34025,5010.019,2350.25875,9894.09425,14236.043757,24130.138006999998,0.31380649368036584,0.09600752176916467,0.00021655491561979945,0.05334487724962808,0.07133015594443301,0.16027012563616957,0.20762496254876892,0.09739930825585022,0.4100305703651503,0.5899694296348498
