unit,year,month,coal,gas,oil,nuclear,hydro,wind,solar,other,fossil,low.carbon,total.prod,coal.perc,gas.perc,oil.perc,nuclear.perc,hydro.perc,wind.perc,solar.perc,other.perc,fossil.perc,low.carbon.perc
Gwh,2022,1,15616.372961,5417.147625,233.69175,2906.45075,2511.241118,15212.260129,64.332252,4262.8145,21267.212336,24957.098749,46224.311085,0.33783895518277574,0.11719260921030554,0.005055602658312717,0.06287710258472963,0.0543272805814711,0.3290965245761434,0.001391740633661409,0.09222018457260044,0.460087167051394,0.5399128329486059
Gwh,2022,2,11464.774131999999,3652.39075,226.84425,2695.4645,2127.2936630000004,18058.616998,61.696879,3864.598,15344.009132,26807.67004,42151.679172,0.27198855080524714,0.08664876042295762,0.005381618347263501,0.0639467881932094,0.05046759001745992,0.42841987206041743,0.0014636873361140795,0.09168313281733098,0.3640189295754683,0.6359810704245318
Gwh,2022,3,16768.32725,5033.895,253.253124,2977.90625,2259.402898,8082.51975,78.378634,4300.909,22055.475374,17699.116531999996,39754.591906,0.42179598496819737,0.1266242403368818,0.00637041186584983,0.07490722724663554,0.05683375906215748,0.20331034384936392,0.001971561780468702,0.10818647089044525,0.5547906371709291,0.4452093628290708
Gwh,2022,4,12682.572,3397.9425,163.678875,2865.646,2305.816304,10746.57975,96.253251,3990.99675,16244.193375,20005.292054999998,36249.48543,0.3498690215752395,0.09373767543712137,0.0045153434058001745,0.07905342561437845,0.06360962856845717,0.2964615806961539,0.002655299788623786,0.11009802491422566,0.44812204041816106,0.5518779595818389
Gwh,2022,5,934.67775,213.87425,0.384,189.087,135.953249,126.31775,8.572369,255.71225,1148.936,715.642618,1864.578618,0.5012809548371642,0.11470379845361929,0.00020594465489038447,0.1014100441647347,0.07291365871492579,0.06774600372468714,0.004597483269005287,0.13714211218097322,0.6161906979456738,0.3838093020543261
