unit,year,month,coal,gas,oil,nuclear,hydro,wind,solar,other,fossil,low.carbon,total.prod,coal.perc,gas.perc,oil.perc,nuclear.perc,hydro.perc,wind.perc,solar.perc,other.perc,fossil.perc,low.carbon.perc
Gwh,2022,1,15616.250961,5417.611875,233.69175,2906.45075,2510.679869,15207.916755,975.1675,4262.8145,21267.554586,25863.029374,47130.58396,0.3313400694176334,0.11494896561430169,0.004958388595361677,0.06166804027861656,0.053270714216713894,0.3226761791856228,0.02069075784903557,0.09044688484271435,0.45124742362729675,0.5487525763727031
Gwh,2022,2,11464.51713,3652.39075,226.84425,2695.4645,2126.1680389999997,18037.396872999998,2233.2655,3864.598,15343.75213,28956.892912,44300.645042000004,0.2587889435725115,0.08244554332193779,0.005120563138187634,0.060844813827078986,0.04799406502962313,0.4071587864217175,0.0504115797384601,0.08723570495048323,0.34635505003263695,0.653644949967363
Gwh,2022,3,16768.32725,5033.895,253.253124,2977.90625,2258.035398,8082.51975,5496.85025,4301.055,22055.475374,23116.366648000003,45171.842022,0.3712119430913031,0.11143878076852273,0.005606437830820767,0.065923949892273,0.049987675882251406,0.17892827452251292,0.12168753816421467,0.09521539984810143,0.4882571616906467,0.5117428383093535
Gwh,2022,4,12682.572,3397.9425,163.678875,2865.646,2305.398304,10746.50925,5590.521,3990.99675,16244.193375,25499.071303999997,41743.264679,0.30382319393385365,0.08140097632827029,0.003921084665003281,0.06864930239731909,0.055228030718924306,0.2574429511596466,0.13392630027838842,0.0956081605185943,0.3891452549271272,0.6108547450728727
Gwh,2022,5,3765.378,1073.78575,1.536,679.40225,539.947748,660.63275,1783.08475,1027.98275,4840.69975,4691.050248,9531.749998,0.3950353293770893,0.11265357885228916,0.00016114564485244487,0.07127780839222132,0.056647283878961854,0.06930865267538672,0.18706793090189483,0.10784827027730443,0.5078500538742309,0.4921499461257691
