unit,year,month,coal,oil,gas,nuclear,hydro,wind,solar,other,fossil,low.carbon,total.prod,coal.perc,oil.perc,gas.perc,nuclear.perc,hydro.perc,wind.perc,solar.perc,other.perc,fossil.perc,low.carbon.perc
Gwh,2022,1,15616.852895,233.69175,5417.147625,2906.45075,2513.421993,15213.38638,64.332252,4262.8145,21267.69227,24960.405875,46228.098144999996,0.3378216608871916,0.005055188497415527,0.117183008654357,0.06287195161876587,0.05437000642155663,0.32909392751311944,0.0013916266206369585,0.09221262978695705,0.46005985803896415,0.5399401419610359
Gwh,2022,2,11467.829506999999,226.84425,3652.39075,2695.4645,2127.2936630000004,18090.489747,57.506629999999994,3864.598,15347.064507,26835.352540000004,42182.417047,0.27186278809539166,0.005377696819678404,0.08658562040033116,0.06390019085432423,0.050430814825754344,0.4288632803294184,0.0013632843735797695,0.09161632430152195,0.3638261053154012,0.6361738946845987
Gwh,2022,3,16768.32725,253.253124,5033.895,2977.90625,2260.943148,8082.51975,76.63788000000001,4300.909,22055.475374,17698.916028,39754.391402,0.42179811232518083,0.006370443995459055,0.12662487897492378,0.07490760504637445,0.056872789854512884,0.20331136925902926,0.0019277840081874437,0.10818701653633227,0.5547934352955637,0.4452065647044363
Gwh,2022,4,7286.401,144.713625,1910.087,1722.28,1463.2506759999999,7835.59225,55.591623999999996,2393.1005,9341.201625,13469.81505,22811.016674999995,0.31942464923037023,0.00634402346295247,0.0837352857706418,0.07550211481312681,0.06414666636071802,0.3435003516782095,0.002437051569951562,0.10490985711402977,0.4095039584639645,0.5904960415360356
