unit,year,month,coal,gas,oil,nuclear,hydro,wind,solar,other,fossil,low.carbon,total.prod,coal.perc,gas.perc,oil.perc,nuclear.perc,hydro.perc,wind.perc,solar.perc,other.perc,fossil.perc,low.carbon.perc
Gwh,2022,1,15616.250961,5417.611875,233.69175,2906.45075,2510.735494,15212.260129,975.1675,4262.8145,21267.554586,25867.428373,47134.982959,0.33130914621489677,0.11493823769306265,0.004957925840416129,0.06166228494297226,0.053266922705455175,0.3227382121307282,0.020688826828435303,0.09043844364403349,0.4512053097483755,0.5487946902516244
Gwh,2022,2,11464.51713,3652.39075,226.84425,2695.4645,2126.213914,18037.396872999998,2233.2655,3864.598,15343.75213,28956.938787,44300.690917,0.25878867558701196,0.08244545794653571,0.005120557835655572,0.0608447508200293,0.04799505086689481,0.4071583647937713,0.05041152753540925,0.08723561461469204,0.34635469136920327,0.6536453086307967
Gwh,2022,3,16768.32725,5033.895,253.253124,2977.90625,2258.161023,8082.51975,5496.85025,4301.167,22055.475374,23116.604273,45172.079647,0.3712099903532697,0.11143819455153899,0.005606408338492763,0.06592360310331143,0.04999019395711994,0.17892733328111854,0.12168689803426089,0.09521737838088783,0.48825459324330145,0.5117454067566987
Gwh,2022,4,12682.572,3397.9425,163.678875,2865.646,2305.620304,10746.50925,5590.521,3990.99675,16244.193375,25499.293304,41743.486678999994,0.3038215781428784,0.08140054342200917,0.003921063811910623,0.06864893730694586,0.05523305520043908,0.25744158202784423,0.1339255880322148,0.09560765205575798,0.3891431853767982,0.610856814623202
Gwh,2022,5,4989.924,1469.881,4.28925,866.669,777.2009989999999,1531.46975,2591.9415,1409.69375,6464.09425,7176.974999,13641.069249,0.36580152984457587,0.10775408973953814,0.0003144364948014934,0.06353380253263752,0.056975079065519366,0.11226904006167031,0.19001014163094362,0.10334188063031362,0.4738700560789155,0.5261299439210845
