unit,year,month,coal,gas,oil,nuclear,hydro,wind,solar,other,fossil,low.carbon,total.prod,coal.perc,gas.perc,oil.perc,nuclear.perc,hydro.perc,wind.perc,solar.perc,other.perc,fossil.perc,low.carbon.perc
Gwh,2022,1,15694.203559,5417.63475,233.69175,2906.45075,2509.942742,15212.260129,975.1675,4262.8145,21345.530059,25866.635620999998,47212.16568,0.3324186326332489,0.11475082051351473,0.004949820594631109,0.061561479083583524,0.05316305036740268,0.3222105978384341,0.02065500461490374,0.09029059435428129,0.4521192737413947,0.5478807262586053
Gwh,2022,2,11459.125875,3652.39075,226.84425,2695.4645,2127.360788,18058.616998,2233.2655,3864.598,15338.360875,28979.305785999997,44317.666660999996,0.25856789714707945,0.08241387747099378,0.005118596421946223,0.06082144442798557,0.04800254499572062,0.4074812226946905,0.050392217557006375,0.08720219928457755,0.3461003710400195,0.6538996289599806
Gwh,2022,3,16768.32725,5033.895,253.156625,2977.90625,2258.504398,8082.51975,5496.85025,4301.167,22055.378875,23116.947648,45172.326523,0.37120796161477787,0.11143758551902204,0.005604241456793296,0.06592324281734227,0.049997522196472584,0.17892635540666016,0.12168623299048405,0.09521685799844762,0.4882497885905932,0.5117502114094067
Gwh,2022,4,12682.572,3397.9425,163.51025,2865.646,2306.155179,10746.50925,5590.521,3990.99675,16244.02475,25499.828178999996,41743.852929,0.30381891248925064,0.08139982923424409,0.003916989892574274,0.06864833499854534,0.05524538386340193,0.25743932330056335,0.1339244130030027,0.09560681321841766,0.389135731616069,0.6108642683839309
Gwh,2022,5,9223.775,3085.20375,10.02275,1604.543,1907.141248,4912.26975,5634.3185,3361.75175,12319.0015,17420.024247999998,29739.025748,0.3101572687067704,0.10374259655118276,0.00033702348170144906,0.053954121214206494,0.06412924431891513,0.1651792426431575,0.18945874514328762,0.11304175794077866,0.41423688873965464,0.5857631112603453
