unit,year,month,coal,gas,oil,nuclear,hydro,wind,solar,other,fossil,low.carbon,total.prod,coal.perc,gas.perc,oil.perc,nuclear.perc,hydro.perc,wind.perc,solar.perc,other.perc,fossil.perc,low.carbon.perc
Gwh,2022,1,15694.203559,5417.631,233.69175,2906.45075,2511.311992,15212.260129,975.1675,4262.8145,21345.526309,25868.004871,47213.53118,0.3324090184901946,0.11474742228759514,0.004949677436941924,0.06155969861519687,0.05319051401653707,0.3222012789300544,0.020654407235125176,0.09028798298835483,0.45210611821473173,0.5478938817852683
Gwh,2022,2,11458.560375,3652.39075,226.84425,2695.4645,2127.360788,18058.616998,2233.2655,3864.598,15337.795375,28979.305785999997,44317.101161,0.25855843624275177,0.08241492909771324,0.005118661736829209,0.06082222052854095,0.04800315752313067,0.40748642228187915,0.05039286057738184,0.08720331201177321,0.34609202707729425,0.6539079729227057
Gwh,2022,3,16768.32725,5033.895,253.156625,2977.90625,2258.504398,8138.034875,5496.85025,4175.94575,22055.378875,23047.241523,45102.620398,0.3717816637266504,0.11160981236964272,0.005612902815092885,0.0660251272259128,0.050074793394934314,0.180433748708775,0.12187429913149235,0.09258765262749956,0.489004378911386,0.510995621088614
Gwh,2022,4,12682.572,3397.9425,163.51025,2865.646,2306.155179,10746.57975,5590.521,3991.18525,16244.02475,25500.087179,41744.111929,0.3038170274545787,0.08139932419162138,0.003916965589736454,0.06864790907215854,0.0552450410951944,0.2574394148874984,0.13392358207328914,0.09561073563592304,0.3891333172359366,0.6108666827640634
Gwh,2022,5,9932.59,3359.37025,10.4335,1736.18525,2114.754997,5636.675,6042.70275,3683.766,13302.39375,19214.083997,32516.477747,0.305463281640841,0.10331285805732567,0.00032086808667222894,0.05339401344477361,0.0650364105686419,0.17334826495837313,0.1858350955788102,0.11328920766456224,0.4090970077848389,0.5909029922151612
