unit,year,month,coal,oil,gas,nuclear,hydro,wind,solar,other,fossil,low.carbon,total.prod,coal.perc,oil.perc,gas.perc,nuclear.perc,hydro.perc,wind.perc,solar.perc,other.perc,fossil.perc,low.carbon.perc
Gwh,2022,1,15617.692747,233.69175,5417.63475,2906.45075,2513.185368,15212.260129,62.752877999999995,4262.8145,21269.019247,24957.463625,46226.482872,0.3378516334510027,0.005055365138790393,0.11719764112275853,0.0628741485275419,0.05436678743132911,0.32908106314560803,0.0013575092479728812,0.09221585193499643,0.46010463971255167,0.5398953602874483
Gwh,2022,2,11470.711502,226.84425,3652.39075,2695.4645,2124.622165,18037.396872999998,57.506629999999994,3864.468,15349.946502,26779.458167999997,42129.40467,0.27227328731203737,0.005384463696481661,0.08669457303299699,0.06398059790100517,0.050430861334077336,0.42814269544720807,0.0013649998249548013,0.09172852145123843,0.3643523240415161,0.6356476759584838
Gwh,2022,3,16768.32725,253.253124,5033.895,2977.90625,2255.6861480000002,8082.5185,76.51263,4300.909,22055.475374,17693.532528,39749.007902000005,0.4218552395406147,0.0063713067914647845,0.12664202871203525,0.07491775033334012,0.05674823768083287,0.20333887376326998,0.0019248940800897375,0.10820166909835241,0.5548685750441148,0.4451314249558851
Gwh,2022,4,943.862,17.852375,254.04025,191.19825,156.651431,1121.34125,6.593001,265.9655,1215.754625,1741.7494319999998,2957.504057,0.31914140498506166,0.006036297721298442,0.08589683905884156,0.06464851655823105,0.052967444162664086,0.37915121277549607,0.002229244955520952,0.08992903978288609,0.4110745417652017,0.5889254582347982
