unit,year,month,coal,gas,oil,nuclear,hydro,wind,solar,other,fossil,low.carbon,total.prod,coal.perc,gas.perc,oil.perc,nuclear.perc,hydro.perc,wind.perc,solar.perc,other.perc,fossil.perc,low.carbon.perc
Gwh,2022,1,15692.663501,5417.846375,233.69175,2906.45075,2511.274868,15229.804636,975.1675,4089.6005,21344.201626000002,25712.298254,47056.49988,0.3334855660964642,0.11513492054904616,0.004966194906037283,0.061765128248208324,0.05336722608787451,0.3236493295259511,0.020723332642393715,0.08690830194402466,0.45358668155154763,0.5464133184484523
Gwh,2022,2,11457.145624,3652.39075,226.84425,2695.4645,2126.8494130000004,18043.605879000002,2233.2655,3706.71875,15336.380624,28805.904042000002,44142.284666,0.259550354284782,0.08274131657741778,0.0051389331502980345,0.06106309449986727,0.0481816795186901,0.4087601268381527,0.050592431200556835,0.08397206393023536,0.3474306040124978,0.6525693959875023
Gwh,2022,3,16768.32725,5033.895,253.156625,2977.90625,2259.464523,8137.44225,5496.85025,4175.61575,22055.378875,23047.279023000003,45102.657898000005,0.3717813546137723,0.1116097195731611,0.005612898148320118,0.06602507233020628,0.050096039309031316,0.18042045922000619,0.12187419780074088,0.09258025900476166,0.48900397233525356,0.5109960276647464
Gwh,2022,4,12682.572,3397.9425,163.51025,2865.646,2306.9924309999997,10745.537,5590.521,3843.1985,16244.02475,25351.894931000003,41595.919681,0.3048994251662884,0.08168932255997449,0.0039309204184920935,0.0688924784444412,0.05546198878862096,0.25833151622581624,0.13440070667685255,0.09239364171951411,0.3905196681447549,0.6094803318552452
Gwh,2022,5,11721.269,4071.213,11.5855,2237.83425,2614.6116230000002,7838.029875,7360.4025,4008.47525,15804.0675,24059.353498,39863.420997999994,0.2940357025702353,0.10212904206601482,0.0002906298483660311,0.056137536467637215,0.06558924341017243,0.1966221081575825,0.1846405129246003,0.10055522455539155,0.39645537448461615,0.603544625515384
Gwh,2022,6,12304.88125,4079.19325,11.43875,2077.1375,2652.7226370000003,5355.03375,7454.84125,3565.35075,16395.51325,21105.085887,37500.599137000005,0.32812492421912737,0.10877674874200235,0.0003050284598976966,0.05538944837685513,0.0707381401376782,0.14279861850837605,0.19879259056009785,0.09507450099596523,0.4372067014210274,0.5627932985789724
