unit,year,month,coal,gas,oil,nuclear,hydro,wind,solar,other,fossil,low.carbon,total.prod,coal.perc,gas.perc,oil.perc,nuclear.perc,hydro.perc,wind.perc,solar.perc,other.perc,fossil.perc,low.carbon.perc
Gwh,2022,1,15693.95572,5417.63475,233.69175,2906.45075,2511.262742,15229.844636,975.1675,4089.6005,21345.282219999997,25712.326127999997,47057.608347999994,0.3335051710222968,0.11512771133491437,0.004966077924568647,0.06176367333643992,0.05336571130918368,0.3236425558088799,0.020722844492827817,0.086906254770889,0.45359896028177976,0.5464010397182202
Gwh,2022,2,11458.36275,3652.39075,226.84425,2695.4645,2126.7711630000003,18069.208753,2233.2655,3706.71875,15337.59775,28831.428666,44169.026416,0.2594207678946998,0.08269122157234013,0.005135821828253539,0.061026124384384935,0.04815073673957161,0.4090923033443753,0.05056180045641692,0.08392122377995773,0.3472478112952935,0.6527521887047065
Gwh,2022,3,16768.32725,5033.895,253.156625,2977.90625,2259.140023,8137.85175,5496.85025,4175.61275,22055.378875,23047.361023,45102.739898,0.3717806786887366,0.11160951665872564,0.005612887943670707,0.06602495229191276,0.050088753545994166,0.1804292104737712,0.12187397622475145,0.09258002417243748,0.48900308329113296,0.510996916708867
Gwh,2022,4,12682.572,3397.9425,163.51025,2865.646,2306.335931,10785.589125,5590.521,3841.78175,16244.02475,25389.873806000003,41633.898556,0.3046212927415675,0.0816148047108673,0.003927334592028879,0.06882963400954491,0.05539562738516656,0.259057871087733,0.13427810495527884,0.09227533051781306,0.3901634320444637,0.6098365679555364
Gwh,2022,5,11721.269,4071.213,11.5855,2237.83425,2612.873871,7838.029875,7360.4025,4008.47525,15804.0675,24057.615746,39861.683246,0.29404852092331535,0.10213349433527832,0.000290642518242442,0.05613998375807574,0.06554850819708408,0.19663067980920054,0.18464856224400897,0.10055960821479455,0.3964726577768361,0.6035273422231638
Gwh,2022,6,6030.81925,2017.41275,4.2,1034.1,1356.2207560000002,3078.3475,3834.1535,1862.92125,8052.432,11165.743006,19218.175006,0.3138081138358429,0.10497421057775541,0.0002185431238236066,0.05380843912999799,0.07056969538348891,0.16017897115823568,0.1995066388355273,0.0969353879553281,0.41900086753742194,0.580999132462578
