unit,year,month,coal,gas,oil,nuclear,hydro,wind,solar,other,fossil,low.carbon,total.prod,coal.perc,gas.perc,oil.perc,nuclear.perc,hydro.perc,wind.perc,solar.perc,other.perc,fossil.perc,low.carbon.perc
Gwh,2022,1,15693.95572,5417.63475,233.69175,2906.45075,2511.262742,15250.501254,975.1675,4089.6005,21345.282219999997,25732.982745999998,47078.264965999995,0.333358838337271,0.11507719653459246,0.0049638989493086165,0.0617365731744584,0.05334229593664164,0.32393932242434886,0.020713751891754457,0.0868681227516247,0.453399933821172,0.5466000661788281
Gwh,2022,2,11458.368499,3652.39075,226.84425,2695.4645,2126.7711630000003,18098.971127999997,2233.2655,3706.71875,15337.603499,28861.191041000002,44198.79454,0.2592461766944832,0.0826355285933099,0.0051323628248436835,0.06098502296393172,0.04811830696140973,0.40949015276017064,0.05052774681397453,0.08386470238787648,0.3470140681126368,0.6529859318873632
Gwh,2022,3,16768.32725,5033.895,253.156625,2977.90625,2259.755898,8138.084875,5496.85025,4175.61275,22055.378875,23048.210023000003,45103.588898,0.3717736805361745,0.11160741579531414,0.005612782290396088,0.06602370948206401,0.05010146538694181,0.1804309828515855,0.12187168214997063,0.0925782815075533,0.4889938786218847,0.5110061213781153
Gwh,2022,4,12682.572,3397.9425,163.51025,2865.646,2306.335931,10791.526625,5590.521,3841.78175,16244.02475,25395.811306000003,41639.836056,0.3045778562370812,0.08160316710733978,0.003926774586242382,0.06881981946677432,0.05538772842184794,0.2591635233742718,0.13425895799593202,0.09226217281051055,0.3901077979306634,0.6098922020693367
Gwh,2022,5,11721.269,4071.213,11.5855,2237.83425,2612.873871,7838.023375,7360.4025,4008.47525,15804.0675,24057.609246,39861.676746,0.29404856887201053,0.10213351098956304,0.0002906425656357411,0.05613999291247978,0.06554851888567868,0.19663054880867556,0.1846485923535215,0.10055962461243527,0.39647272242720927,0.6035272775727908
Gwh,2022,6,2304.50725,771.84525,1.152,464.352,549.023503,1366.78925,1481.8475,771.89425,3077.5045,4633.906503,7711.411003,0.29884378476305684,0.10009131269228498,0.00014938900281048862,0.060216217216194454,0.07119624447282233,0.17724243325485733,0.19216295168595102,0.10009766691202258,0.39908448645815225,0.6009155135418477
