unit,year,month,coal,gas,oil,nuclear,hydro,wind,solar,other,fossil,low.carbon,total.prod,coal.perc,gas.perc,oil.perc,nuclear.perc,hydro.perc,wind.perc,solar.perc,other.perc,fossil.perc,low.carbon.perc
Gwh,2022,1,15616.372961,5417.147625,233.69175,2906.45075,2511.241118,15213.38638,64.332252,4262.8145,21267.212336,24958.225,46225.437335999995,0.3378307239689022,0.11718975389295384,0.005055479482029752,0.06287557062735412,0.05432595693463057,0.32911287067806577,0.0013917067248577128,0.09221793769120612,0.4600759573438858,0.5399240426561143
Gwh,2022,2,11467.301131999999,3652.39075,226.84425,2695.4645,2127.2936630000004,18090.489747,61.696879,3864.598,15346.536132,26839.542789000003,42186.078921,0.27182666475057576,0.08657810451736153,0.005377230019997857,0.06389464413243233,0.05042643728476612,0.42882605375288035,0.0014624938031225186,0.09160837173886346,0.3637819992879352,0.6362180007120649
Gwh,2022,3,16768.32725,5033.895,253.253124,2977.90625,2259.402898,8082.51975,78.378634,4300.909,22055.475374,17699.116531999996,39754.591906,0.42179598496819737,0.1266242403368818,0.00637041186584983,0.07490722724663554,0.05683375906215748,0.20331034384936392,0.001971561780468702,0.10818647089044525,0.5547906371709291,0.4452093628290708
Gwh,2022,4,11704.44775,3165.4865,163.294875,2675.85225,2182.073554,10531.074,91.721501,3728.281,15033.229125,19209.002304999998,34242.23143,0.3418132306572054,0.09244393159572778,0.004768815237225911,0.078144797761505,0.06372463075196265,0.3075463706717901,0.0026786075897974855,0.10887961573478566,0.43902597749015915,0.5609740225098409
