unit,year,month,coal,gas,oil,nuclear,hydro,wind,solar,other,fossil,low.carbon,total.prod,coal.perc,gas.perc,oil.perc,nuclear.perc,hydro.perc,wind.perc,solar.perc,other.perc,fossil.perc,low.carbon.perc
Gwh,2022,1,15693.95572,5417.611875,233.69175,2906.45075,2511.262742,15213.38638,975.1675,4262.8145,21345.259345,25869.081872000002,47214.341217,0.3323980662542684,0.11474504854574427,0.004949592517365401,0.061558642460810255,0.05318855833353859,0.322219605057674,0.020654052875969834,0.09028643395462925,0.452092707317378,0.547907292682622
Gwh,2022,2,11458.36275,3652.39075,226.84425,2695.4645,2125.818788,18081.574497999998,2233.2655,3864.598,15337.59775,29000.721286,44338.319036,0.25843024722467517,0.0823754898564035,0.0051162122275275335,0.06079311436708838,0.047945407814715874,0.407809201862589,0.05036874533260328,0.08716158131439722,0.3459219493086062,0.6540780506913938
Gwh,2022,3,16768.32725,5033.895,253.156625,2977.90625,2259.408648,8138.034875,5496.85025,4175.94575,22055.378875,23048.145773,45103.524648,0.3717742101280226,0.11160757478015004,0.005612790285808087,0.06602380353288083,0.050093837801658096,0.1804301313148231,0.1218718557562606,0.09258579640039664,0.4889945751939807,0.5110054248060193
Gwh,2022,4,12682.572,3397.9425,163.51025,2865.646,2306.198681,10746.57975,5590.521,3991.36975,16244.02475,25500.315181,41744.339931,0.30381536804662046,0.08139887959940252,0.003916944195794428,0.06864753412646313,0.05524578145952143,0.2574380087878554,0.1339228506006006,0.09561463318374201,0.3891311918418174,0.6108688081581826
Gwh,2022,5,10326.712,3499.85,10.8175,1896.68875,2316.129872,6893.269875,6456.40325,3941.53175,13837.3795,21504.023497000002,35341.402997000005,0.2921986996632984,0.09902974141397523,0.00030608575445967035,0.053667613313512275,0.06553587791058005,0.19504799726216707,0.18268667066069957,0.11152731402130757,0.39153452683173334,0.6084654731682666
