unit,year,month,coal,gas,oil,nuclear,hydro,wind,solar,other,fossil,low.carbon,total.prod,coal.perc,gas.perc,oil.perc,nuclear.perc,hydro.perc,wind.perc,solar.perc,other.perc,fossil.perc,low.carbon.perc
Gwh,2022,1,15700.148949999999,5417.63475,233.69175,2906.45075,2509.942742,15207.916755,975.1675,4262.8145,21351.475449999998,25862.292247,47213.767696999996,0.332533278232688,0.11474692688726558,0.004949652641571518,0.06155939023236814,0.053161246484454666,0.3221076710632082,0.02065430376703368,0.09028753069141024,0.45222985776152513,0.547770142238475
Gwh,2022,2,11461.057628,3652.39075,226.84425,2695.4645,2127.360788,18037.396872999998,2233.2655,3864.598,15340.292628000001,28958.085660999997,44298.378289,0.25872409037705035,0.08244976206966356,0.005120825157979408,0.06084792726304672,0.04802344623365722,0.40717962078261843,0.05041415930466592,0.08724016881131835,0.3462946776046933,0.6537053223953067
Gwh,2022,3,16768.32725,5033.895,253.253124,2977.90625,2258.504398,8082.51975,5496.85025,4301.167,22055.475374,23116.947648,45172.423022,0.3712071686266074,0.11143734746193222,0.005606365721773657,0.06592310198967391,0.04999741538991736,0.17892597317756517,0.12168597303985462,0.09521665459267557,0.48825088181031334,0.5117491181896866
Gwh,2022,4,12682.572,3397.9425,163.678875,2865.646,2306.155179,10746.50925,5590.521,3990.99675,16244.193375,25499.828178999996,41744.021554,0.3038176852125722,0.08139950041958528,0.003921013570488538,0.06864805769355511,0.05524516069964081,0.2574382833742631,0.13392387201525638,0.09560642701463856,0.38913819920264603,0.610861800797354
Gwh,2022,5,7918.498,2610.796,8.8495,1359.67175,1490.34975,3600.22025,4653.79525,2456.9685,10538.1435,13561.0055,24099.149,0.3285799842973708,0.10833560969310575,0.0003672121368269062,0.056419907192573476,0.061842422319559914,0.14939200757669907,0.19311035630345286,0.10195250048041114,0.43728280612730347,0.5627171938726965
