unit,year,month,coal,gas,oil,nuclear,hydro,wind,solar,other,fossil,low.carbon,total.prod,coal.perc,gas.perc,oil.perc,nuclear.perc,hydro.perc,wind.perc,solar.perc,other.perc,fossil.perc,low.carbon.perc
Gwh,2022,1,15692.63128,5417.73575,233.69175,2906.45075,2511.274868,15229.804636,975.1675,4089.6005,21344.05878,25712.298254,47056.357034,0.3334858937053176,0.11513291915235768,0.004966209981600337,0.06176531574469267,0.053367388091379635,0.32365031200770367,0.020723395550900903,0.08690856576604748,0.45358502283927565,0.5464149771607244
Gwh,2022,2,11457.093998,3652.39075,226.84425,2695.4645,2126.8494130000004,18046.842379,2233.2655,3706.71875,15336.328997999999,28809.140542000005,44145.469540000006,0.2595304595779365,0.08273534720682008,0.0051385624020706695,0.06105868910415942,0.048178203452403465,0.4088039512785755,0.050588781210639255,0.08396600576739498,0.34740436918682727,0.6525956308131727
Gwh,2022,3,16768.32725,5033.895,253.156625,2977.90625,2259.464523,8137.704125,5496.85025,4175.61575,22055.378875,23047.540898000003,45102.919773,0.3717791959898356,0.11160907154869927,0.005612865558906618,0.06602468897773368,0.050095748443154786,0.1804252178341563,0.12187349017902349,0.09257972146849021,0.4890011330974415,0.5109988669025586
Gwh,2022,4,12682.572,3397.9425,163.51025,2865.646,2306.9924309999997,10745.537,5590.521,3843.1985,16244.02475,25351.894931000003,41595.919681,0.3048994251662884,0.08168932255997449,0.0039309204184920935,0.0688924784444412,0.05546198878862096,0.25833151622581624,0.13440070667685255,0.09239364171951411,0.3905196681447549,0.6094803318552452
Gwh,2022,5,11721.269,4071.213,11.5855,2237.83425,2614.6116230000002,7838.029875,7360.4025,4008.47525,15804.0675,24059.353498,39863.420997999994,0.2940357025702353,0.10212904206601482,0.0002906298483660311,0.056137536467637215,0.06558924341017243,0.1966221081575825,0.1846405129246003,0.10055522455539155,0.39645537448461615,0.603544625515384
Gwh,2022,6,11802.5275,3863.845,10.28025,1982.04525,2561.008011,5164.45125,7250.6775,3443.79625,15676.65275,20401.978261,36078.631011,0.3271334629188545,0.10709511119814812,0.0002849401352525172,0.05493681978664033,0.07098406838716179,0.1431443240855068,0.20096875343716183,0.09545252005127418,0.4345135142522551,0.565486485747745
