unit,year,month,coal,gas,oil,nuclear,hydro,wind,solar,other,fossil,low.carbon,total.prod,coal.perc,gas.perc,oil.perc,nuclear.perc,hydro.perc,wind.perc,solar.perc,other.perc,fossil.perc,low.carbon.perc
Gwh,2022,1,15693.95572,5417.63475,233.69175,2906.45075,2511.262742,15245.757755999999,975.1675,4089.6005,21345.282219999997,25728.239247999998,47073.52146799999,0.33339243019387366,0.11508879261737073,0.004964399150780781,0.061742794236793394,0.053347671125626876,0.32387119723694097,0.020715839172195924,0.08687687626641785,0.4534456219620251,0.546554378037975
Gwh,2022,2,11458.36275,3652.39075,226.84425,2695.4645,2125.818788,18098.971127999997,2233.2655,3706.71875,15337.59775,28860.238666,44197.836416,0.2592516665782304,0.08263731997247274,0.0051324740845884575,0.06098634500181594,0.04809780207319007,0.40949902971829666,0.050528842158245074,0.08386652041316067,0.3470214606352916,0.6529785393647085
Gwh,2022,3,16768.32725,5033.895,253.156625,2977.90625,2259.408648,8138.084875,5496.85025,4175.61275,22055.378875,23047.862773,45103.241648,0.37177654282291595,0.11160827506116108,0.005612825503224681,0.06602421779881198,0.0500941521151216,0.18043237199029272,0.12187262044043669,0.09257899426803523,0.4889976433873017,0.5110023566126982
Gwh,2022,4,12682.572,3397.9425,163.51025,2865.646,2306.198681,10785.651625,5590.521,3841.78175,16244.02475,25389.799056000003,41633.823806,0.304621839663266,0.08161495124332803,0.003927341643225092,0.06882975758731585,0.055392430244844464,0.2590598373874475,0.13427834604022917,0.09227549619034385,0.39016413254981913,0.6098358674501809
Gwh,2022,5,11721.269,4071.213,11.5855,2237.83425,2612.873871,7838.029875,7360.4025,4008.47525,15804.0675,24057.615746,39861.683246,0.29404852092331535,0.10213349433527832,0.000290642518242442,0.05613998375807574,0.06554850819708408,0.19663067980920054,0.18464856224400897,0.10055960821479455,0.3964726577768361,0.6035273422231638
Gwh,2022,6,3163.408,1104.55375,1.536,594.3895,718.852255,1829.80575,1902.46125,1020.833,4269.49775,6066.3417549999995,10335.839504999998,0.3060620280016626,0.10686637979098537,0.00014860911871328447,0.0575076170360871,0.06954947923216617,0.17703503901302117,0.18406451155512601,0.09876633625223848,0.4130770169113613,0.5869229830886389
