unit,year,month,coal,gas,oil,nuclear,hydro,wind,solar,other,fossil,low.carbon,total.prod,coal.perc,gas.perc,oil.perc,nuclear.perc,hydro.perc,wind.perc,solar.perc,other.perc,fossil.perc,low.carbon.perc
Gwh,2022,1,15693.95572,5417.63475,233.69175,2906.45075,2511.262742,15229.844636,975.1675,4089.6005,21345.282219999997,25712.326127999997,47057.608347999994,0.3335051710222968,0.11512771133491437,0.004966077924568647,0.06176367333643992,0.05336571130918368,0.3236425558088799,0.020722844492827817,0.086906254770889,0.45359896028177976,0.5464010397182202
Gwh,2022,2,11458.352375,3652.39075,226.84425,2695.4645,2126.0257880000004,18057.046254,2233.2655,3706.71875,15337.587375,28818.520792000003,44156.108167000006,0.25949642870843814,0.08271541360000581,0.005137324357075737,0.061043978101640105,0.048147943200956334,0.4089365436307837,0.05057659274575804,0.08394577565534206,0.3473491666655197,0.6526508333344803
Gwh,2022,3,16768.32725,5033.895,253.156625,2977.90625,2259.083023,8137.85175,5496.85025,4175.61275,22055.378875,23047.304023,45102.682898,0.3717811485388059,0.11160965770892578,0.0056128950371425864,0.06602503573311932,0.05008755306439155,0.1804294384971245,0.1218741302470002,0.09258014117349016,0.48900370128487425,0.5109962987151258
Gwh,2022,4,12682.572,3397.9425,163.51025,2865.646,2306.335931,10785.589125,5590.521,3841.78175,16244.02475,25389.873806000003,41633.898556,0.3046212927415675,0.0816148047108673,0.003927334592028879,0.06882963400954491,0.05539562738516656,0.259057871087733,0.13427810495527884,0.09227533051781306,0.3901634320444637,0.6098365679555364
Gwh,2022,5,11721.269,4071.213,11.5855,2237.83425,2612.873871,7838.029875,7360.4025,4008.47525,15804.0675,24057.615746,39861.683246,0.29404852092331535,0.10213349433527832,0.000290642518242442,0.05613998375807574,0.06554850819708408,0.19663067980920054,0.18464856224400897,0.10055960821479455,0.3964726577768361,0.6035273422231638
Gwh,2022,6,6463.611,2109.00925,4.6495,1098.8735,1446.894005,3220.564,4127.42575,1983.28675,8577.26975,11877.044005,20454.313755,0.31600233952703444,0.10310828685144514,0.00022731146376707176,0.05372331299706319,0.0707378415297023,0.15745157909356614,0.20178754464402712,0.09696178389339467,0.4193379378422466,0.5806620621577534
