unit,year,month,coal,gas,oil,nuclear,hydro,wind,solar,other,fossil,low.carbon,total.prod,coal.perc,gas.perc,oil.perc,nuclear.perc,hydro.perc,wind.perc,solar.perc,other.perc,fossil.perc,low.carbon.perc
Gwh,2022,1,15700.148949999999,5417.63475,233.69175,2906.45075,2509.942742,15212.260129,975.1675,4262.8145,21351.475449999998,25866.635620999998,47218.11107099999,0.3325026900460357,0.1147363718521844,0.0049491973460905085,0.06155372767092876,0.05315635642912312,0.3221700272195542,0.020652403873879652,0.09027922556220379,0.4521882592443106,0.5478117407556895
Gwh,2022,2,11460.883754,3652.39075,226.84425,2695.4645,2127.360788,18037.396872999998,2233.2655,3864.598,15340.118754000001,28958.085660999997,44298.204415,0.25872118080973916,0.08245008569158277,0.00512084525762826,0.0608481660960343,0.0480236347295297,0.40718121899523946,0.05041435718427866,0.08724051123596767,0.3462921117589502,0.6537078882410498
Gwh,2022,3,16768.32725,5033.895,253.156625,2977.90625,2258.504398,8082.51975,5496.85025,4301.167,22055.378875,23116.947648,45172.326523,0.37120796161477787,0.11143758551902204,0.005604241456793296,0.06592324281734227,0.049997522196472584,0.17892635540666016,0.12168623299048405,0.09521685799844762,0.4882497885905932,0.5117502114094067
Gwh,2022,4,12682.572,3397.9425,163.51025,2865.646,2306.155179,10746.50925,5590.521,3990.99675,16244.02475,25499.828178999996,41743.852929,0.30381891248925064,0.08139982923424409,0.003916989892574274,0.06864833499854534,0.05524538386340193,0.25743932330056335,0.1339244130030027,0.09560681321841766,0.389135731616069,0.6108642683839309
Gwh,2022,5,8522.76275,2839.41675,9.63875,1482.1365,1685.476373,4391.66625,5134.1475,2769.3945,11371.81825,15462.821123,26834.639372999998,0.31760302911226307,0.10581162319836926,0.00035919059190704633,0.055232212343098226,0.06280972699397863,0.1636566152038074,0.19132537719757045,0.10320222535900594,0.42377384290253944,0.5762261570974606
