unit,year,month,coal,gas,oil,nuclear,hydro,wind,solar,other,fossil,low.carbon,total.prod,coal.perc,gas.perc,oil.perc,nuclear.perc,hydro.perc,wind.perc,solar.perc,other.perc,fossil.perc,low.carbon.perc
Gwh,2022,1,15692.63128,5417.63475,233.69175,2906.45075,2511.0703670000003,15229.844636,975.1675,4089.6005,21343.95778,25712.133753,47056.091533,0.333487775307367,0.1151314223834477,0.004966238002068535,0.061765664238427734,0.05336334330357654,0.32365298816454935,0.02072351247693668,0.08690905612362644,0.4535854356928833,0.5464145643071168
Gwh,2022,2,11457.093998,3652.39075,226.84425,2695.4645,2126.7711630000003,18055.451504,2233.2655,3706.71875,15336.328997999999,28817.671417,44154.00041500001,0.25948031639977504,0.08271936213415464,0.005137569594326869,0.06104689211997869,0.04816712286566662,0.40891994687453503,0.05057900708904542,0.08394978292251754,0.3473372481282565,0.6526627518717433
Gwh,2022,3,16768.32725,5033.895,253.156625,2977.90625,2258.2212719999998,8137.866,5496.85025,4175.61575,22055.378875,23046.459522,45101.838397,0.3717881098859013,0.11161174752324145,0.0056130001347536864,0.0660262720066435,0.050069384137348336,0.18043313286629353,0.12187641225652633,0.09258194118929187,0.4890128575438964,0.5109871424561035
Gwh,2022,4,12682.572,3397.9425,163.51025,2865.646,2306.335931,10745.537,5590.521,3843.1985,16244.02475,25351.238431,41595.263181,0.3049042374082917,0.0816906118664041,0.003930982460394401,0.06889356577767676,0.0554470811006551,0.2583355934843171,0.13440282792954303,0.09239509997271772,0.3905258317350902,0.6094741682649097
Gwh,2022,5,11721.269,4071.213,11.5855,2237.83425,2612.873871,7838.029875,7360.4025,4008.47525,15804.0675,24057.615746,39861.683246,0.29404852092331535,0.10213349433527832,0.000290642518242442,0.05613998375807574,0.06554850819708408,0.19663067980920054,0.18464856224400897,0.10055960821479455,0.3964726577768361,0.6035273422231638
Gwh,2022,6,9972.7105,3263.21375,9.45525,1608.25025,2191.343635,4729.08825,6246.57725,2961.027,13245.3795,17736.286385,30981.665885,0.3218907123011859,0.10532725264395511,0.00030518856006958063,0.051909740940646,0.07073033590685501,0.15264150958033612,0.20162173568027297,0.09557352438667938,0.42752315350521053,0.5724768464947895
