unit,year,month,coal,gas,oil,nuclear,hydro,wind,solar,other,fossil,low.carbon,total.prod,coal.perc,gas.perc,oil.perc,nuclear.perc,hydro.perc,wind.perc,solar.perc,other.perc,fossil.perc,low.carbon.perc
Gwh,2022,1,15618.708347,5417.611875,233.69175,2906.45075,2509.942742,15212.260129,975.1675,4262.8145,21270.011972,25866.635620999998,47136.647592999994,0.3313495792458403,0.11493417864117557,0.004957750750919,0.061660107335075334,0.05324822341359588,0.32272681460823893,0.02068809620107173,0.09043524980408339,0.4512415086379349,0.5487584913620652
Gwh,2022,2,11461.868378000001,3652.39075,226.84425,2695.4645,2127.360788,18037.396872999998,2233.2655,3864.598,15341.103378,28958.085660999997,44299.189039,0.2587376569785337,0.0824482530997242,0.005120731438227717,0.06084681364317921,0.04802256732345867,0.40717216870765477,0.050413236640379215,0.08723857216884255,0.3463066415164856,0.6536933584835144
Gwh,2022,3,16768.32725,5033.895,253.253124,2977.90625,2258.504398,8082.51975,5496.85025,4301.167,22055.475374,23116.947648,45172.423022,0.3712071686266074,0.11143734746193222,0.005606365721773657,0.06592310198967391,0.04999741538991736,0.17892597317756517,0.12168597303985462,0.09521665459267557,0.48825088181031334,0.5117491181896866
Gwh,2022,4,12682.572,3397.9425,163.678875,2865.646,2306.155179,10746.50925,5590.521,3990.99675,16244.193375,25499.828178999996,41744.021554,0.3038176852125722,0.08139950041958528,0.003921013570488538,0.06864805769355511,0.05524516069964081,0.2574382833742631,0.13392387201525638,0.09560642701463856,0.38913819920264603,0.610861800797354
Gwh,2022,5,6659.61275,2060.7235,6.978,1175.29975,1221.889124,3041.86375,3872.001,2060.71175,8727.31425,11371.765374,20099.079623999998,0.3313391893849637,0.10252825196728522,0.00034718007642835935,0.05847530195345824,0.060793287397148336,0.15134343496842304,0.19264568688889136,0.10252766736340185,0.4342146214286772,0.5657853785713228
