unit,year,month,coal,gas,oil,nuclear,hydro,wind,solar,other,fossil,low.carbon,total.prod,coal.perc,gas.perc,oil.perc,nuclear.perc,hydro.perc,wind.perc,solar.perc,other.perc,fossil.perc,low.carbon.perc
Gwh,2022,1,15692.63128,5417.660625,233.69175,2906.45075,2511.274868,15229.844636,975.1675,4089.6005,21343.983655,25712.338254000002,47056.321909,0.33348614263450593,0.11513140860173812,0.004966213688607568,0.06176536184916127,0.05336742792724931,0.32365140364034994,0.020723411019795183,0.08690863063859273,0.45358376492485164,0.5464162350751485
Gwh,2022,2,11456.267124,3652.39075,226.84425,2695.4645,2126.8494130000004,18055.451504,2233.2655,3706.71875,15335.502124,28817.749667000004,44153.251791,0.25946598855795244,0.08272076465146078,0.005137656702472793,0.061047927177799194,0.048169711781761174,0.40892688016424517,0.05057986466254381,0.08395120630176463,0.347324409911886,0.652675590088114
Gwh,2022,3,16768.32725,5033.895,253.156625,2977.90625,2258.855647,8137.866,5496.85025,4175.61575,22055.378875,23047.093897,45102.472772,0.37178288061425135,0.11161017768243264,0.00561292118682153,0.06602534333436169,0.05008274509512739,0.1804305950393934,0.1218746980412234,0.09258063900638853,0.4890059794835055,0.5109940205164945
Gwh,2022,4,12682.572,3397.9425,163.51025,2865.646,2306.9924309999997,10745.537,5590.521,3843.1985,16244.02475,25351.894931000003,41595.919681,0.3048994251662884,0.08168932255997449,0.0039309204184920935,0.0688924784444412,0.05546198878862096,0.25833151622581624,0.13440070667685255,0.09239364171951411,0.3905196681447549,0.6094803318552452
Gwh,2022,5,11721.269,4071.213,11.5855,2237.83425,2614.061372,7838.029875,7360.4025,4008.47525,15804.0675,24058.803247,39862.870747,0.29403976132055465,0.10213045181414566,0.0002906338601033118,0.05613831136756288,0.06557634518072758,0.1966248222499097,0.18464306162781638,0.10055661257917983,0.3964608469948036,0.6035391530051963
Gwh,2022,6,10809.73825,3442.082,9.83925,1792.19,2375.454885,4910.74175,6771.38375,3202.48025,14261.6595,19052.250634999997,33313.910135,0.3244812213935571,0.10332266569884592,0.00029534959901518027,0.05379704732159626,0.07130519579880593,0.14740814663003834,0.2032599512503908,0.09613042230775053,0.4280992366914182,0.5719007633085817
