unit,year,month,coal,gas,oil,nuclear,hydro,wind,solar,other,fossil,low.carbon,total.prod,coal.perc,gas.perc,oil.perc,nuclear.perc,hydro.perc,wind.perc,solar.perc,other.perc,fossil.perc,low.carbon.perc
Gwh,2022,1,15694.203559,5417.660625,233.69175,2906.45075,2511.262742,15239.366006999999,975.1675,4089.6005,21345.555934,25721.847499,47067.403433,0.33344103167578704,0.11510430212518498,0.004965044445943529,0.06175081984578361,0.05335460549836276,0.32377749558020746,0.0207185319111164,0.08688816891761424,0.45351037824691554,0.5464896217530845
Gwh,2022,2,11458.438125,3652.39075,226.84425,2695.4645,2125.818788,18098.971127999997,2233.2655,3706.71875,15337.673125,28860.238666,44197.911791,0.25925292984844767,0.08263717904300932,0.005132465331680946,0.06098624099586705,0.04809772004732766,0.4094983313597518,0.05052875598649344,0.08386637738742213,0.3470225742231379,0.6529774257768621
Gwh,2022,3,16768.32725,5033.895,253.156625,2977.90625,2258.792773,8138.0495,5496.85025,4175.61275,22055.378875,23047.211523,45102.590398,0.3717819110173229,0.1116098866069391,0.005612906548516686,0.06602517114254373,0.05008122045912827,0.1804341929850856,0.12187438019621483,0.09258033104424887,0.4890047041727787,0.5109952958272214
Gwh,2022,4,12682.572,3397.9425,163.51025,2865.646,2306.198681,10785.589125,5590.521,3841.78175,16244.02475,25389.736556000003,41633.761306,0.30462229695716364,0.08161507376251181,0.003927347538893536,0.06882986091355194,0.055392513399159175,0.25905872509879735,0.13427854761693914,0.09227563471298343,0.39016471825856897,0.6098352817414311
Gwh,2022,5,11721.269,4071.213,11.5855,2237.83425,2612.873871,7838.029875,7360.4025,4008.47525,15804.0675,24057.615746,39861.683246,0.29404852092331535,0.10213349433527832,0.000290642518242442,0.05613998375807574,0.06554850819708408,0.19663067980920054,0.18464856224400897,0.10055960821479455,0.3964726577768361,0.6035273422231638
Gwh,2022,6,3597.06825,1260.509,1.728,659.62675,798.335005,2035.74275,2092.1485,1141.98025,4859.30525,6727.833255,11587.138504999999,0.31043628661621836,0.10878518449193252,0.00014913086602480377,0.05692749333369603,0.06889837423238776,0.17568986071250903,0.18055782271845727,0.09855584702877426,0.41937060197417575,0.5806293980258244
