unit,year,month,coal,gas,oil,nuclear,hydro,wind,solar,other,fossil,low.carbon,total.prod,coal.perc,gas.perc,oil.perc,nuclear.perc,hydro.perc,wind.perc,solar.perc,other.perc,fossil.perc,low.carbon.perc
Gwh,2022,1,15692.63128,5417.611875,233.69175,2906.45075,2511.262742,15229.844636,975.1675,4089.6005,21343.934905000002,25712.326127999997,47056.261033,0.3334865740606748,0.11513052155165265,0.004966220113325934,0.061765441754110896,0.05336723927638196,0.32365182234346007,0.02072343782937039,0.08690874307102324,0.4535833157256534,0.5464166842743465
Gwh,2022,2,11456.267124,3652.39075,226.84425,2695.4645,2126.7711630000003,18057.046254,2233.2655,3706.71875,15335.502124,28819.266167,44154.768291,0.25945707717223176,0.08271792359840016,0.0051374802491317186,0.06104583048054207,0.048166285212587034,0.40894895280609006,0.05057812749195659,0.08394832298906062,0.3473124810197637,0.6526875189802364
Gwh,2022,3,16768.32725,5033.895,253.253124,2977.90625,2259.140023,8137.85175,5496.85025,4175.61275,22055.475374,23047.361023,45102.836397,0.37177988325176237,0.11160927786649862,0.005615015467560374,0.06602481102935856,0.05008864637946065,0.1804288244395487,0.12187371547137603,0.09257982609443471,0.4890041765858214,0.5109958234141787
Gwh,2022,4,12682.572,3397.9425,163.678875,2865.646,2306.335931,10757.124999,5590.521,3841.78175,16244.193375,25361.40968,41605.603055,0.3048284622442423,0.08167031001829568,0.003934058467645014,0.06887644426669638,0.05543330132605381,0.2585499117698103,0.13436942597874812,0.09233808592850837,0.39043283073018303,0.609567169269817
Gwh,2022,5,11721.269,4071.213,11.5855,2237.83425,2612.873871,7838.029875,7360.4025,4008.47525,15804.0675,24057.615746,39861.683246,0.29404852092331535,0.10213349433527832,0.000290642518242442,0.05613998375807574,0.06554850819708408,0.19663067980920054,0.18464856224400897,0.10055960821479455,0.3964726577768361,0.6035273422231638
Gwh,2022,6,7572.194,2316.67475,5.2255,1287.21925,1721.2065069999999,3867.314,5010.019,2350.25875,9894.09425,14236.017506999999,24130.111757,0.31380683505551327,0.0960076262111777,0.00021655515119958424,0.05334493528098085,0.07133023354111438,0.16026921213400994,0.20762518841408284,0.09739941421192151,0.4100310164178905,0.5899689835821095
