unit,year,month,coal,gas,oil,nuclear,hydro,wind,solar,other,fossil,low.carbon,total.prod,coal.perc,gas.perc,oil.perc,nuclear.perc,hydro.perc,wind.perc,solar.perc,other.perc,fossil.perc,low.carbon.perc
Gwh,2022,1,15618.708347,5417.631,233.69175,2906.45075,2509.381493,15212.260129,975.1675,4262.8145,21270.031097,25866.074372000003,47136.105468999995,0.33135339017925347,0.11493590626750048,0.004957807771235833,0.06166081650321081,0.05323692884747012,0.32273052636910465,0.020688334139979777,0.09043628992224498,0.4512471042179898,0.5487528957820104
Gwh,2022,2,11461.868378000001,3652.39075,226.84425,2695.4645,2126.2351639999997,18037.396872999998,2233.2655,3864.598,15341.103378,28956.960037,44298.063415,0.2587442315620244,0.08245034812883592,0.0051208615571936515,0.060848359774736224,0.04799837735750823,0.4071825150462957,0.05041451765234013,0.08724078892106575,0.34631544124805397,0.6536845587519461
Gwh,2022,3,16768.32725,5033.895,253.253124,2977.90625,2258.420773,8082.51975,5496.85025,4301.167,22055.475374,23116.864023000002,45172.339397,0.37120785582146804,0.11143755375959813,0.005606376100521797,0.06592322402938842,0.04999565670380106,0.17892630441311125,0.1216861983102221,0.09521683086188913,0.48825178568158806,0.511748214318412
Gwh,2022,4,12682.572,3397.9425,163.678875,2865.646,2305.737179,10746.50925,5590.521,3990.99675,16244.193375,25499.410179,41743.603554,0.3038207274940622,0.08140031551431307,0.003921052833597922,0.06864874510158109,0.05523570038742037,0.2574408612351397,0.13392521306331492,0.09560738437057072,0.3891420958419732,0.6108579041580268
Gwh,2022,5,6659.61275,2060.7235,6.978,1175.29975,1220.719124,3041.894,3872.001,2060.71175,8727.31425,11370.625624,20097.939874,0.3313579795616419,0.10253406632318,0.0003471997649384549,0.058478618075698596,0.060738520049967985,0.15135352275260766,0.1926566117858215,0.10253348168614389,0.43423924564976035,0.5657607543502396
