unit,year,month,coal,oil,gas,nuclear,hydro,wind,solar,other,fossil,low.carbon,total.prod,coal.perc,oil.perc,gas.perc,nuclear.perc,hydro.perc,wind.perc,solar.perc,other.perc,fossil.perc,low.carbon.perc
Gwh,2022,1,15616.372961,233.69175,5416.347997999999,2906.45075,2513.242993,15216.920249,64.332252,4262.8145,21266.412709,24963.760744,46230.173452999996,0.33779611441164975,0.005054961566120517,0.11716045157188391,0.0628691292485599,0.05436369378010432,0.32915559498106395,0.0013915641494489203,0.09220849029116882,0.4600115275496542,0.5399884724503459
Gwh,2022,2,11467.301131999999,226.84425,3652.39075,2695.4645,2127.2936630000004,18094.604499,58.819129999999994,3864.598,15346.536132,26840.779792,42187.315923999995,0.27181869433595207,0.0053770723505770675,0.08657556590183987,0.06389277063408942,0.050424958696881725,0.4289110151401251,0.0013942373130815442,0.09160568562745335,0.363771332588369,0.6362286674116311
Gwh,2022,3,16768.32725,253.253124,5033.895,2977.90625,2260.943148,8082.51975,76.63788000000001,4300.909,22055.475374,17698.916028,39754.391402,0.42179811232518083,0.006370443995459055,0.12662487897492378,0.07490760504637445,0.056872789854512884,0.20331136925902926,0.0019277840081874437,0.10818701653633227,0.5547934352955637,0.4452065647044363
Gwh,2022,4,9307.416,162.334875,2413.597,2197.6635,1846.462678,9603.440126,74.14687699999999,3067.4295,11883.347875,16789.142681,28672.490556,0.3246113546300334,0.005661694252996443,0.08417814264463787,0.07664710868795167,0.06439840565624005,0.33493568015110514,0.002585993597423438,0.10698162037961192,0.4144511915276677,0.5855488084723323
