unit,year,month,coal,oil,gas,nuclear,hydro,wind,solar,other,fossil,low.carbon,total.prod,coal.perc,oil.perc,gas.perc,nuclear.perc,hydro.perc,wind.perc,solar.perc,other.perc,fossil.perc,low.carbon.perc
Gwh,2022,1,15616.852895,233.69175,5416.636372999999,2906.45075,2513.242993,15213.38638,64.332252,4262.8145,21267.181018,24960.226875,46227.407892999996,0.3378267051258305,0.005055263979778258,0.11717369889173941,0.0628728904014562,0.054366946094344365,0.3290988414321992,0.0013916473999343911,0.09221400667471773,0.4600556679973482,0.5399443320026519
Gwh,2022,2,11467.829506999999,226.84425,3652.39075,2695.4645,2127.2936630000004,18090.489747,57.506629999999994,3864.598,15347.064507,26835.352540000004,42182.417047,0.27186278809539166,0.005377696819678404,0.08658562040033116,0.06390019085432423,0.050430814825754344,0.4288632803294184,0.0013632843735797695,0.09161632430152195,0.3638261053154012,0.6361738946845987
Gwh,2022,3,16768.32725,253.253124,5033.895,2977.90625,2260.943148,8082.51975,76.63788000000001,4300.909,22055.475374,17698.916028,39754.391402,0.42179811232518083,0.006370443995459055,0.12662487897492378,0.07490760504637445,0.056872789854512884,0.20331136925902926,0.0019277840081874437,0.10818701653633227,0.5547934352955637,0.4452065647044363
Gwh,2022,4,8601.43275,161.950875,2262.74575,2008.28725,1689.425428,8550.37525,64.271001,2799.74575,11026.129375,15112.104679,26138.234053999997,0.3290747466806658,0.006195937899454851,0.0865684248341072,0.07683331803713293,0.06463426046724313,0.32712138212304037,0.0024588884186751113,0.10711304153968076,0.4218391094142278,0.5781608905857724
