unit,year,month,coal,gas,oil,nuclear,hydro,wind,solar,other,fossil,low.carbon,total.prod,coal.perc,gas.perc,oil.perc,nuclear.perc,hydro.perc,wind.perc,solar.perc,other.perc,fossil.perc,low.carbon.perc
Gwh,2022,1,15693.95572,5417.631,233.69175,2906.45075,2511.262742,15213.38638,975.1675,4262.8145,21345.278469999997,25869.081872000002,47214.360342,0.33239793161063513,0.11474540713369981,0.004949590512446638,0.06155861752540864,0.05318853678858551,0.322219474537004,0.020654044509685544,0.09028639738253473,0.4520929292567815,0.5479070707432184
Gwh,2022,2,11458.36275,3652.39075,226.84425,2695.4645,2125.818788,18067.969123,2233.2655,3864.598,15337.59775,28987.115910999997,44324.713661,0.25850957183017004,0.08240077483486667,0.005117782637806266,0.060811774682069955,0.04796012455395611,0.4076274301777942,0.05038420591005383,0.08718833537328285,0.346028129302843,0.6539718706971569
Gwh,2022,3,16768.32725,5033.895,253.156625,2977.90625,2259.408648,8138.034875,5496.85025,4175.94575,22055.378875,23048.145773,45103.524648,0.3717742101280226,0.11160757478015004,0.005612790285808087,0.06602380353288083,0.050093837801658096,0.1804301313148231,0.1218718557562606,0.09258579640039664,0.4889945751939807,0.5110054248060193
Gwh,2022,4,12682.572,3397.9425,163.51025,2865.646,2306.198681,10746.57975,5590.521,3991.52475,16244.02475,25500.470181,41744.494931,0.3038142399605788,0.08139857736011663,0.003916929651928192,0.06864727923374477,0.05524557632837442,0.2574370529039376,0.13392235333642535,0.09561799122489424,0.38912974697262365,0.6108702530273764
Gwh,2022,5,11271.2625,3856.06,11.3935,2145.72425,2581.453245,7780.894125,7115.38575,4341.51375,15138.716,23964.971120000002,39103.68712,0.2882404021240031,0.09861116135076113,0.0002913663861168905,0.05487268357623868,0.0660155968688612,0.19898108587873745,0.1819620162202239,0.11102568759505765,0.3871429298608811,0.6128570701391189
