unit,year,month,coal,gas,oil,nuclear,hydro,wind,solar,other,fossil,low.carbon,total.prod,coal.perc,gas.perc,oil.perc,nuclear.perc,hydro.perc,wind.perc,solar.perc,other.perc,fossil.perc,low.carbon.perc
Gwh,2022,1,15694.203559,5417.660625,233.69175,2906.45075,2511.262742,15250.501254,975.1675,4089.6005,21345.555934,25732.982745999998,47078.53868,0.3333621645666594,0.11507707709078792,0.004963870089265907,0.06173621423884009,0.05334198580523995,0.32393743904542116,0.020713631462275457,0.08686761770151019,0.4534031117467132,0.5465968882532868
Gwh,2022,2,11458.410125,3652.39075,226.84425,2695.4645,2125.818788,18098.971127999997,2233.2655,3706.71875,15337.645125,28860.238666,44197.883791,0.25925246057444207,0.08263723139486003,0.005132468583172125,0.060986279631534676,0.04809775051793045,0.4094985907828801,0.05052878799719273,0.08386643051798778,0.3470221605524742,0.6529778394475259
Gwh,2022,3,16768.32725,5033.895,253.156625,2977.90625,2259.408648,8138.084875,5496.85025,4175.61275,22055.378875,23047.862773,45103.241648,0.37177654282291595,0.11160827506116108,0.005612825503224681,0.06602421779881198,0.0500941521151216,0.18043237199029272,0.12187262044043669,0.09257899426803523,0.4889976433873017,0.5110023566126982
Gwh,2022,4,12682.572,3397.9425,163.51025,2865.646,2306.198681,10791.526625,5590.521,3841.78175,16244.02475,25395.674056000003,41639.698806,0.30457886016631147,0.0816034360822605,0.003926787529415061,0.06882004630607655,0.05538461485383492,0.2591643776118048,0.13425940053136126,0.09226247691893548,0.39010908377798703,0.6098909162220131
Gwh,2022,5,11721.269,4071.213,11.5855,2237.83425,2612.873871,7838.023375,7360.4025,4008.47525,15804.0675,24057.609246,39861.676746,0.29404856887201053,0.10213351098956304,0.0002906425656357411,0.05613999291247978,0.06554851888567868,0.19663054880867556,0.1846485923535215,0.10055962461243527,0.39647272242720927,0.6035272775727908
Gwh,2022,6,901.40975,372.05375,0.384,181.46475,181.438751,337.28375,523.49125,263.5315,1273.8475,1487.210001,2761.0575010000002,0.3264726466846588,0.1347504533553718,0.0001390771470209957,0.06572291592416206,0.06571349960451257,0.12215745230870509,0.18959809776160108,0.09544585721396752,0.46136217718705164,0.5386378228129483
