unit,year,month,coal,oil,gas,nuclear,hydro,wind,solar,other,fossil,low.carbon,total.prod,coal.perc,oil.perc,gas.perc,nuclear.perc,hydro.perc,wind.perc,solar.perc,other.perc,fossil.perc,low.carbon.perc
Gwh,2022,1,15616.852895,233.69175,5416.636372999999,2906.45075,2513.242993,15213.38638,64.332252,4262.8145,21267.181018,24960.226875,46227.407892999996,0.3378267051258305,0.005055263979778258,0.11717369889173941,0.0628728904014562,0.054366946094344365,0.3290988414321992,0.0013916473999343911,0.09221400667471773,0.4600556679973482,0.5399443320026519
Gwh,2022,2,11467.829506999999,226.84425,3652.39075,2695.4645,2127.2936630000004,18090.489747,58.819129999999994,3864.598,15347.064507,26836.665040000004,42183.729547,0.2718543293859981,0.0053775294986010205,0.08658292638470011,0.06389820267069521,0.050429245726834694,0.42884993672368515,0.001394355848371948,0.09161347376111366,0.3638147852692992,0.6361852147307008
Gwh,2022,3,16768.32725,253.253124,5033.895,2977.90625,2260.943148,8082.51975,76.63788000000001,4300.909,22055.475374,17698.916028,39754.391402,0.42179811232518083,0.006370443995459055,0.12662487897492378,0.07490760504637445,0.056872789854512884,0.20331136925902926,0.0019277840081874437,0.10818701653633227,0.5547934352955637,0.4452065647044363
Gwh,2022,4,8601.43275,161.950875,2262.74575,2008.28725,1689.425428,8556.979376,67.30500199999999,2799.74575,11026.129375,15121.742806000002,26147.872181000002,0.32895344946079835,0.006193654071694576,0.08653651564214826,0.0768049972134748,0.06461043622614915,0.3272533733057565,0.0025740144947207695,0.10707355958525748,0.4216836191746412,0.5783163808253587
