unit,year,month,coal,oil,gas,nuclear,hydro,wind,solar,other,fossil,low.carbon,total.prod,coal.perc,oil.perc,gas.perc,nuclear.perc,hydro.perc,wind.perc,solar.perc,other.perc,fossil.perc,low.carbon.perc
Gwh,2022,1,15616.852895,233.69175,5417.147625,2906.45075,2513.421993,15213.38638,64.332252,4262.8145,21267.69227,24960.405875,46228.098144999996,0.3378216608871916,0.005055188497415527,0.117183008654357,0.06287195161876587,0.05437000642155663,0.32909392751311944,0.0013916266206369585,0.09221262978695705,0.46005985803896415,0.5399401419610359
Gwh,2022,2,11467.829506999999,226.84425,3652.39075,2695.4645,2127.2936630000004,18090.489747,57.506629999999994,3864.598,15347.064507,26835.352540000004,42182.417047,0.27186278809539166,0.005377696819678404,0.08658562040033116,0.06390019085432423,0.050430814825754344,0.4288632803294184,0.0013632843735797695,0.09161632430152195,0.3638261053154012,0.6361738946845987
Gwh,2022,3,16768.32725,253.253124,5033.895,2977.90625,2260.943148,8082.51975,76.63788000000001,4300.909,22055.475374,17698.916028,39754.391402,0.42179811232518083,0.006370443995459055,0.12662487897492378,0.07490760504637445,0.056872789854512884,0.20331136925902926,0.0019277840081874437,0.10818701653633227,0.5547934352955637,0.4452065647044363
Gwh,2022,4,8147.6805,158.772875,2154.16225,1913.16325,1613.701926,8291.165,60.838623999999996,2664.83075,10460.615625,14543.69955,25004.315174999996,0.3258509758406131,0.0063498189767958735,0.08615161962739099,0.07651332326481125,0.06453693751282673,0.33158936535441436,0.0024331249855956117,0.10657483443755225,0.4183524144448,0.5816475855552001
