unit,year,month,coal,gas,oil,nuclear,hydro,wind,solar,other,fossil,low.carbon,total.prod,coal.perc,gas.perc,oil.perc,nuclear.perc,hydro.perc,wind.perc,solar.perc,other.perc,fossil.perc,low.carbon.perc
Gwh,2022,1,15618.725847,5417.611875,233.69175,2906.45075,2510.844243,15212.260129,975.1675,4262.8145,21270.029472,25867.537122,47137.566593999996,0.3313434904590103,0.11493193786735677,0.00495765409387395,0.0616589052004639,0.05326631017307538,0.32272052267832435,0.02068769286287524,0.0904334866650202,0.45123308242024096,0.548766917579759
Gwh,2022,2,11464.49963,3652.39075,226.84425,2695.4645,2126.2351639999997,18058.616998,2233.2655,3864.598,15343.73463,28978.180162,44321.914792,0.2586643578871126,0.0824059783323993,0.005118105818861076,0.06081561486342925,0.047972547530455066,0.40744216676440925,0.050387387604542276,0.08719384119879113,0.346188442038373,0.6538115579616269
Gwh,2022,3,16768.32725,5033.895,253.253124,2977.90625,2258.420773,8082.51975,5496.85025,4301.167,22055.475374,23116.864023000002,45172.339397,0.37120785582146804,0.11143755375959813,0.005606376100521797,0.06592322402938842,0.04999565670380106,0.17892630441311125,0.1216861983102221,0.09521683086188913,0.48825178568158806,0.511748214318412
Gwh,2022,4,12682.572,3397.9425,163.678875,2865.646,2305.737179,10746.50925,5590.521,3990.99675,16244.193375,25499.410179,41743.603554,0.3038207274940622,0.08140031551431307,0.003921052833597922,0.06864874510158109,0.05523570038742037,0.2574408612351397,0.13392521306331492,0.09560738437057072,0.3891420958419732,0.6108579041580268
Gwh,2022,5,5661.64575,1728.9855,6.402,990.06675,962.809124,2369.95425,3066.849,1667.27425,7397.03325,9056.953374,16453.986624,0.34408960450605014,0.10508003558712507,0.000389085037340553,0.06017184604707747,0.05851524897896987,0.14403526052118903,0.18638941856964036,0.10132950075260738,0.4495587251305158,0.5504412748694841
