unit,year,month,coal,gas,oil,nuclear,hydro,wind,solar,other,fossil,low.carbon,total.prod,coal.perc,gas.perc,oil.perc,nuclear.perc,hydro.perc,wind.perc,solar.perc,other.perc,fossil.perc,low.carbon.perc
Gwh,2022,1,15693.95572,5417.63475,233.69175,2906.45075,2511.262742,15252.652003000001,975.1675,4089.6005,21345.282219999997,25735.133495000002,47080.415715,0.33334360968694343,0.11507193952567248,0.004963672186215316,0.06173375289619615,0.0533398591295765,0.3239702065362275,0.020712805636703583,0.086864154402465,0.4533792213988312,0.5466207786011688
Gwh,2022,2,11458.397375,3652.39075,226.84425,2695.4645,2125.818788,18108.792003,2233.2655,3706.71875,15337.632375,28870.059541000002,44207.691916,0.25919465320135576,0.08261889711274652,0.005131329869721126,0.060972748930699906,0.04808707932636055,0.40962989059480664,0.05051757744429355,0.08384782352001585,0.3469448801838234,0.6530551198161766
Gwh,2022,3,16768.32725,5033.895,253.156625,2977.90625,2259.408648,8138.084875,5496.85025,4175.61275,22055.378875,23047.862773,45103.241648,0.37177654282291595,0.11160827506116108,0.005612825503224681,0.06602421779881198,0.0500941521151216,0.18043237199029272,0.12187262044043669,0.09257899426803523,0.4889976433873017,0.5110023566126982
Gwh,2022,4,12682.572,3397.9425,163.51025,2865.646,2306.198681,10795.944875,5590.521,3841.78175,16244.02475,25400.092306000002,41644.117056,0.30454654574487416,0.08159477833161145,0.003926370915251325,0.06881274481450732,0.05537873879997961,0.25924297687671927,0.13424515622416175,0.09225268829289499,0.390067694991737,0.609932305008263
Gwh,2022,5,11721.269,4071.213,11.5855,2237.83425,2667.446121,7838.028625,7360.89275,4474.65275,15804.0675,24578.854496,40382.921996,0.2902531174232764,0.10081521590743883,0.00028689107740018327,0.05541536222222011,0.06605381654314701,0.19409265693493827,0.1822773684066029,0.11080557148497631,0.39135522440811543,0.6086447755918847
