unit,year,month,coal,gas,oil,nuclear,hydro,wind,solar,other,fossil,low.carbon,total.prod,coal.perc,gas.perc,oil.perc,nuclear.perc,hydro.perc,wind.perc,solar.perc,other.perc,fossil.perc,low.carbon.perc
Gwh,2022,1,15616.250961,5417.611875,233.69175,2906.45075,2510.679869,15207.916755,975.1675,4262.8145,21267.554586,25863.029374,47130.58396,0.3313400694176334,0.11494896561430169,0.004958388595361677,0.06166804027861656,0.053270714216713894,0.3226761791856228,0.02069075784903557,0.09044688484271435,0.45124742362729675,0.5487525763727031
Gwh,2022,2,11464.51713,3652.39075,226.84425,2695.4645,2126.1680389999997,18037.396872999998,2233.2655,3864.598,15343.75213,28956.892912,44300.645042000004,0.2587889435725115,0.08244554332193779,0.005120563138187634,0.060844813827078986,0.04799406502962313,0.4071587864217175,0.0504115797384601,0.08723570495048323,0.34635505003263695,0.653644949967363
Gwh,2022,3,16768.32725,5033.895,253.253124,2977.90625,2258.035398,8082.51975,5496.85025,4301.055,22055.475374,23116.366648000003,45171.842022,0.3712119430913031,0.11143878076852273,0.005606437830820767,0.065923949892273,0.049987675882251406,0.17892827452251292,0.12168753816421467,0.09521539984810143,0.4882571616906467,0.5117428383093535
Gwh,2022,4,12682.572,3397.9425,163.678875,2865.646,2305.398304,10746.45575,5590.521,3990.99675,16244.193375,25499.017804,41743.211179,0.303823583327492,0.08140108065546771,0.003921089690443913,0.06864939038139063,0.05522810150168299,0.2574419994647245,0.1339264719244325,0.09560828305436583,0.3891457536734036,0.6108542463265965
Gwh,2022,5,4216.22225,1233.5275,3.90525,741.26925,612.551749,768.33425,2075.49075,1157.6025,5453.655,5355.248499,10808.903499,0.39006937663844155,0.1141214277761034,0.00036129936772599547,0.06857950485621225,0.056671035045938845,0.07108345911970473,0.19201677119163998,0.10709712600423318,0.504552103782271,0.49544789621772906
