unit,year,month,coal,gas,oil,nuclear,hydro,wind,solar,other,fossil,low.carbon,total.prod,coal.perc,gas.perc,oil.perc,nuclear.perc,hydro.perc,wind.perc,solar.perc,other.perc,fossil.perc,low.carbon.perc
Gwh,2022,1,15616.372961,5417.631,233.69175,2906.45075,2511.241118,15212.260129,975.1675,4262.8145,21267.695711,25867.933997,47135.62970800001,0.3313071885904929,0.11493706636702687,0.004957857812607882,0.06166143887341995,0.05327691883097478,0.32273378383270285,0.02068854295659259,0.09043720273618201,0.4512021127701277,0.5487978872298721
Gwh,2022,2,11464.774131999999,3652.39075,226.84425,2695.4645,2127.2936630000004,18058.616998,2233.2655,3864.598,15344.009132,28979.238661,44323.247792999995,0.25866277186056386,0.08240350001104443,0.0051179518942162374,0.06081378586218352,0.047994986128610494,0.40742991313132093,0.05038587222736646,0.08719121888469417,0.34618422376582453,0.6538157762341755
Gwh,2022,3,16768.32725,5033.895,253.253124,2977.90625,2258.119023,8082.51975,5496.85025,4300.909,22055.475374,23116.304273,45171.779647,0.37121245567560085,0.11143893464764824,0.0056064455724143545,0.06592404092269967,0.04998959617368028,0.17892852159383066,0.1216877061952343,0.09521229921889156,0.4882578358956635,0.5117421641043365
Gwh,2022,4,12682.572,3397.9425,163.678875,2865.646,2305.816304,10746.50925,5590.521,3990.99675,16244.193375,25499.489304,41743.682679,0.30382015160296877,0.08140016122030852,0.003921045401256415,0.06864861497813228,0.055237491184743685,0.25744037325691554,0.13392495920855646,0.09560720314711839,0.3891413582245337,0.6108586417754663
Gwh,2022,5,2510.61825,750.3785,0.96,469.0045,327.26774800000004,340.7295,1118.75625,640.6335,3261.95675,2896.391498,6158.348247999999,0.4076772129304891,0.12184736390048985,0.0001558859553471618,0.0761575151506437,0.053142130782598135,0.05532806627339663,0.1816649862831856,0.10402683872384998,0.5296804627863261,0.47031953721367403
