unit,year,month,coal,gas,oil,nuclear,hydro,wind,solar,other,fossil,low.carbon,total.prod,coal.perc,gas.perc,oil.perc,nuclear.perc,hydro.perc,wind.perc,solar.perc,other.perc,fossil.perc,low.carbon.perc
Gwh,2022,1,15700.406097,5417.63475,233.69175,2906.45075,2509.381493,15207.916755,975.1675,4262.8145,21351.732597,25861.730998,47213.463595,0.33254086655618087,0.11474766597241848,0.004949684522292671,0.061559786736506215,0.053149701418341785,0.32210974575927,0.020654436801439666,0.09028811223355028,0.452238217050892,0.5477617829491079
Gwh,2022,2,11461.573877,3652.39075,226.84425,2695.4645,2126.2351639999997,18037.396872999998,2233.2655,3864.598,15340.808877,28956.960037,44297.76891400001,0.25873930353584124,0.08245089627630629,0.00512089560177166,0.06084876430758834,0.04799869646094112,0.4071852220823564,0.050414852818788165,0.08724136891640653,0.3463110954139192,0.6536889045860806
Gwh,2022,3,16768.32725,5033.895,253.253124,2977.90625,2258.420773,8082.51975,5496.85025,4301.167,22055.475374,23116.864023000002,45172.339397,0.37120785582146804,0.11143755375959813,0.005606376100521797,0.06592322402938842,0.04999565670380106,0.17892630441311125,0.1216861983102221,0.09521683086188913,0.48825178568158806,0.511748214318412
Gwh,2022,4,12682.572,3397.9425,163.678875,2865.646,2305.737179,10746.50925,5590.521,3990.99675,16244.193375,25499.410179,41743.603554,0.3038207274940622,0.08140031551431307,0.003921052833597922,0.06864874510158109,0.05523570038742037,0.2574408612351397,0.13392521306331492,0.09560738437057072,0.3891420958419732,0.6108579041580268
Gwh,2022,5,7538.60275,2438.62975,7.362,1299.22,1399.892374,3368.747,4389.906,2324.99375,9984.5945,12782.759124,22767.353624,0.3311145807500987,0.10711081271339945,0.0003233577394010086,0.05706504240485987,0.061486828777689656,0.14796392482123463,0.192815821834138,0.10211963095917871,0.4385487512028991,0.5614512487971008
