unit,year,month,coal,gas,oil,nuclear,hydro,wind,solar,other,fossil,low.carbon,total.prod,coal.perc,gas.perc,oil.perc,nuclear.perc,hydro.perc,wind.perc,solar.perc,other.perc,fossil.perc,low.carbon.perc
Gwh,2022,1,15693.95572,5417.631,233.69175,2906.45075,2511.262742,15250.501254,975.1675,4089.6005,21345.278469999997,25732.982745999998,47078.261216,0.3333588648908354,0.11507712604642174,0.004963899344705994,0.06173657809206035,0.0533423001856008,0.32393934822760556,0.020713753541700047,0.08686812967107013,0.4533998902819631,0.5466001097180369
Gwh,2022,2,11458.397375,3652.39075,226.84425,2695.4645,2126.7711630000003,18098.971127999997,2233.2655,3706.71875,15337.632375,28861.191041000002,44198.823416,0.2592466606441848,0.08263547460582021,0.005132359471765537,0.06098498312116246,0.04811827552473055,0.4094898852318354,0.050527713803158764,0.08386464759734227,0.34701449472177054,0.6529855052782295
Gwh,2022,3,16768.32725,5033.895,253.156625,2977.90625,2259.755898,8138.084875,5496.85025,4175.61275,22055.378875,23048.210023000003,45103.588898,0.3717736805361745,0.11160741579531414,0.005612782290396088,0.06602370948206401,0.05010146538694181,0.1804309828515855,0.12187168214997063,0.0925782815075533,0.4889938786218847,0.5110061213781153
Gwh,2022,4,12682.572,3397.9425,163.51025,2865.646,2306.335931,10791.526625,5590.521,3841.78175,16244.02475,25395.811306000003,41639.836056,0.3045778562370812,0.08160316710733978,0.003926774586242382,0.06881981946677432,0.05538772842184794,0.2591635233742718,0.13425895799593202,0.09226217281051055,0.3901077979306634,0.6098922020693367
Gwh,2022,5,11721.269,4071.213,11.5855,2237.83425,2612.873871,7838.023375,7360.4025,4008.47525,15804.0675,24057.609246,39861.676746,0.29404856887201053,0.10213351098956304,0.0002906425656357411,0.05613999291247978,0.06554851888567868,0.19663054880867556,0.1846485923535215,0.10055962461243527,0.39647272242720927,0.6035272775727908
Gwh,2022,6,2304.50725,771.84525,1.152,464.352,549.023503,1366.8285,1481.8475,771.89425,3077.5045,4633.945753000001,7711.450253000001,0.29884226369786576,0.10009080324414042,0.00014938824244529556,0.060215910725657885,0.0711958820957721,0.1772466209541143,0.192161973608468,0.1000971574315361,0.3990824551844515,0.6009175448155485
