unit,year,month,coal,gas,oil,nuclear,hydro,wind,solar,other,fossil,low.carbon,total.prod,coal.perc,gas.perc,oil.perc,nuclear.perc,hydro.perc,wind.perc,solar.perc,other.perc,fossil.perc,low.carbon.perc
Gwh,2022,1,15702.831847,5417.631,233.69175,2906.45075,2509.942742,15212.260129,975.1675,4262.8145,21354.154597,25866.635620999998,47220.790217999995,0.3325406409868649,0.11472978268658589,0.004948916545469405,0.06155023532181586,0.05315334051828807,0.3221517483881765,0.02065123212673976,0.09027410342605971,0.45221934021892024,0.5477806597810798
Gwh,2022,2,11461.802128000001,3652.39075,226.84425,2695.4645,2127.360788,18037.396872999998,2233.2655,3864.598,15341.037128,28958.085660999997,44299.122788999994,0.2587365484096246,0.08244837640231857,0.005120739096358092,0.06084690464049813,0.04802263914192561,0.40717277763971665,0.050413312034127834,0.08723870263543065,0.34630566390830125,0.6536943360916988
Gwh,2022,3,16768.32725,5033.895,253.253124,2977.90625,2258.504398,8082.51975,5496.85025,4301.167,22055.475374,23116.947648,45172.423022,0.3712071686266074,0.11143734746193222,0.005606365721773657,0.06592310198967391,0.04999741538991736,0.17892597317756517,0.12168597303985462,0.09521665459267557,0.48825088181031334,0.5117491181896866
Gwh,2022,4,12682.572,3397.9425,163.678875,2865.646,2306.155179,10746.50925,5590.521,3990.99675,16244.193375,25499.828178999996,41744.021554,0.3038176852125722,0.08139950041958528,0.003921013570488538,0.06864805769355511,0.05524516069964081,0.2574382833742631,0.13392387201525638,0.09560642701463856,0.38913819920264603,0.610861800797354
Gwh,2022,5,7538.60275,2438.62975,7.362,1299.22,1401.062374,3368.73675,4389.906,2324.99375,9984.5945,12783.918873999999,22768.513374,0.3310977149087187,0.10710535685587358,0.00032334126866652934,0.05706213570727089,0.061535083603653826,0.14795593786315686,0.19280600045732263,0.10211442933533708,0.43852641303325873,0.5614735869667412
