unit,year,month,coal,gas,oil,nuclear,hydro,wind,solar,other,fossil,low.carbon,total.prod,coal.perc,gas.perc,oil.perc,nuclear.perc,hydro.perc,wind.perc,solar.perc,other.perc,fossil.perc,low.carbon.perc
Gwh,2022,1,15616.372961,5416.445997000001,233.69175,2906.45075,2513.242993,15213.38638,64.332252,4262.8145,21266.510708,24960.226875,46226.737583,0.3378212216027756,0.11717127965768262,0.0050553372835451995,0.06287380208870406,0.054367734441295536,0.3291036135241947,0.0013916675794931794,0.09221534382230905,0.46004783854400344,0.5399521614559966
Gwh,2022,2,11467.301131999999,3652.39075,226.84425,2695.4645,2127.2936630000004,18091.632498,58.819129999999994,3864.598,15346.536132,26837.807790999996,42184.34392299999,0.27183784469734823,0.0865816653843613,0.005377451179851553,0.06389727205240149,0.05042851127145644,0.4288707803782145,0.001394335540867101,0.09161213949549946,0.36379696126156114,0.636203038738439
Gwh,2022,3,16768.32725,5033.895,253.253124,2977.90625,2260.943148,8082.51975,76.63788000000001,4300.909,22055.475374,17698.916028,39754.391402,0.42179811232518083,0.12662487897492378,0.006370443995459055,0.07490760504637445,0.056872789854512884,0.20331136925902926,0.0019277840081874437,0.10818701653633227,0.5547934352955637,0.4452065647044363
Gwh,2022,4,10135.658875,2639.17725,162.718875,2389.073625,1984.371679,10259.598876,81.096127,3333.27375,12937.555,18047.414057,30984.969057,0.32711534603615144,0.08517604923680787,0.0052515422784725745,0.07710427661247801,0.06404304213922392,0.3311153500630072,0.002617273131718009,0.10757712050214102,0.4175429375514319,0.5824570624485682
