unit,year,month,coal,gas,oil,nuclear,hydro,wind,solar,other,fossil,low.carbon,total.prod,coal.perc,gas.perc,oil.perc,nuclear.perc,hydro.perc,wind.perc,solar.perc,other.perc,fossil.perc,low.carbon.perc
Gwh,2022,1,15694.203559,5417.63475,233.69175,2906.45075,2511.262742,15250.501254,975.1675,4089.6005,21345.530059,25732.982745999998,47078.512805,0.33336234778710316,0.11507659072494357,0.004963872817477375,0.06173624816991498,0.0533420151227311,0.32393761708590574,0.020713642846773014,0.08686766544515107,0.45340281132952415,0.5465971886704759
Gwh,2022,2,11458.473125,3652.39075,226.84425,2695.4645,2125.818788,18098.971127999997,2233.2655,3706.71875,15337.708125,28860.238666,44197.946791,0.25925351644011846,0.08263711360328924,0.005132461267322764,0.06098619270135136,0.048097681959128454,0.40949800708130357,0.05052871597317635,0.0838663109743097,0.34702309131073045,0.6529769086892695
Gwh,2022,3,16768.32725,5033.895,253.156625,2977.90625,2259.408648,8138.084875,5496.85025,4175.61275,22055.378875,23047.862773,45103.241648,0.37177654282291595,0.11160827506116108,0.005612825503224681,0.06602421779881198,0.0500941521151216,0.18043237199029272,0.12187262044043669,0.09257899426803523,0.4889976433873017,0.5110023566126982
Gwh,2022,4,12682.572,3397.9425,163.51025,2865.646,2306.198681,10791.526625,5590.521,3841.78175,16244.02475,25395.674056000003,41639.698806,0.30457886016631147,0.0816034360822605,0.003926787529415061,0.06882004630607655,0.05538461485383492,0.2591643776118048,0.13425940053136126,0.09226247691893548,0.39010908377798703,0.6098909162220131
Gwh,2022,5,11721.269,4071.213,11.5855,2237.83425,2612.873871,7838.023375,7360.4025,4008.47525,15804.0675,24057.609246,39861.676746,0.29404856887201053,0.10213351098956304,0.0002906425656357411,0.05613999291247978,0.06554851888567868,0.19663054880867556,0.1846485923535215,0.10055962461243527,0.39647272242720927,0.6035272775727908
Gwh,2022,6,1305.095,544.3305,0.576,271.3935,274.437501,471.2125,804.25,393.4825,1850.0015,2214.776001,4064.777501,0.3210741546564174,0.13391397188802734,0.00014170517324953082,0.06676712315329263,0.06751599587738419,0.11592577942681345,0.19785830830891524,0.0968029615159002,0.45512983171769433,0.5448701682823057
