unit,year,month,coal,gas,oil,nuclear,hydro,wind,solar,other,fossil,low.carbon,total.prod,coal.perc,gas.perc,oil.perc,nuclear.perc,hydro.perc,wind.perc,solar.perc,other.perc,fossil.perc,low.carbon.perc
Gwh,2022,1,15616.372961,5416.347997999999,233.69175,2906.45075,2513.242993,15213.38638,64.332252,4262.8145,21266.412709,24960.226875,46226.639584,0.33782193777297953,0.11716940808898231,0.005055348000698835,0.06287393537915707,0.05436784969915671,0.3291043112133479,0.001391670529784015,0.09221553931589371,0.4600466938626607,0.5399533061373394
Gwh,2022,2,11467.301131999999,3652.39075,226.84425,2695.4645,2127.2936630000004,18094.604499,58.819129999999994,3864.598,15346.536132,26840.779792,42187.315923999995,0.27181869433595207,0.08657556590183987,0.0053770723505770675,0.06389277063408942,0.050424958696881725,0.4289110151401251,0.0013942373130815442,0.09160568562745335,0.363771332588369,0.6362286674116311
Gwh,2022,3,16768.32725,5033.895,253.253124,2977.90625,2260.943148,8082.51975,76.63788000000001,4300.909,22055.475374,17698.916028,39754.391402,0.42179811232518083,0.12662487897492378,0.006370443995459055,0.07490760504637445,0.056872789854512884,0.20331136925902926,0.0019277840081874437,0.10818701653633227,0.5547934352955637,0.4452065647044363
Gwh,2022,4,9628.55225,2474.88825,162.526875,2293.2975,1918.1469280000001,10099.738376,77.19087699999999,3199.9325,12265.967375,17588.306181,29854.273556,0.3225183902712947,0.08289896069176354,0.005444007026167814,0.0768163893084949,0.06425033000390988,0.33830126052322557,0.002585588855652676,0.10718507331949095,0.410861357989226,0.5891386420107739
