unit,year,month,coal,gas,oil,nuclear,hydro,wind,solar,other,fossil,low.carbon,total.prod,coal.perc,gas.perc,oil.perc,nuclear.perc,hydro.perc,wind.perc,solar.perc,other.perc,fossil.perc,low.carbon.perc
Gwh,2022,1,15700.148949999999,5417.63475,233.69175,2906.45075,2509.381493,15207.916755,975.1675,4262.8145,21351.475449999998,25861.730998,47213.206448,0.3325372312361783,0.11474829094624005,0.004949711480777842,0.06156012202223813,0.05314999089849573,0.32211150013184975,0.0206545492959483,0.09028860398827197,0.4522352336631962,0.5477647663368038
Gwh,2022,2,11461.033253,3652.39075,226.84425,2695.4645,2126.2351639999997,18037.396872999998,2233.2655,3864.598,15340.268253,28956.960037,44297.22829,0.2587302568451512,0.08245190254543576,0.0051209580995660075,0.06084950693424074,0.04799928225938219,0.40719019156040287,0.05041546810512645,0.08724243365069467,0.346303117490153,0.653696882509847
Gwh,2022,3,16768.32725,5033.895,253.253124,2977.90625,2258.420773,8082.51975,5496.85025,4301.167,22055.475374,23116.864023000002,45172.339397,0.37120785582146804,0.11143755375959813,0.005606376100521797,0.06592322402938842,0.04999565670380106,0.17892630441311125,0.1216861983102221,0.09521683086188913,0.48825178568158806,0.511748214318412
Gwh,2022,4,12682.572,3397.9425,163.678875,2865.646,2305.737179,10746.50925,5590.521,3990.99675,16244.193375,25499.410179,41743.603554,0.3038207274940622,0.08140031551431307,0.003921052833597922,0.06864874510158109,0.05523570038742037,0.2574408612351397,0.13392521306331492,0.09560738437057072,0.3891420958419732,0.6108579041580268
Gwh,2022,5,7918.498,2610.796,8.8495,1359.67175,1489.17975,3600.2305,4653.79525,2456.9685,10538.1435,13559.84575,24097.98925,0.32859579767635594,0.1083408234983755,0.00036722980943316676,0.05642262248083624,0.061796846805382326,0.1493996226261907,0.19311965001395295,0.10195740708947325,0.43730385098416463,0.5626961490158354
