unit,year,month,coal,gas,oil,nuclear,hydro,wind,solar,other,fossil,low.carbon,total.prod,coal.perc,gas.perc,oil.perc,nuclear.perc,hydro.perc,wind.perc,solar.perc,other.perc,fossil.perc,low.carbon.perc
Gwh,2022,1,15692.63128,5417.63475,233.69175,2906.45075,2511.262742,15229.844636,975.1675,4089.6005,21343.95778,25712.326127999997,47056.283908,0.3334864119461866,0.11513095170438975,0.00496621769914709,0.06176541172869532,0.053367213333500446,0.32365166500984127,0.020723427755293115,0.08690870082294642,0.4535835813497235,0.5464164186502766
Gwh,2022,2,11457.093998,3652.39075,226.84425,2695.4645,2126.7711630000003,18057.046254,2233.2655,3706.71875,15336.328997999999,28819.266167,44155.595165000006,0.2594709448527937,0.08271637459198088,0.005137384042777174,0.061044687313750984,0.04816538323292239,0.4089412946768056,0.05057718034724172,0.08394675094172745,0.34732470348755173,0.6526752965124482
Gwh,2022,3,16768.32725,5033.895,253.253124,2977.90625,2259.140023,8137.866,5496.85025,4175.61575,22055.475374,23047.378273000002,45102.853646999996,0.3717797410611366,0.11160923518050678,0.0056150133200462155,0.06602478577756409,0.0500886272225985,0.18042907137742242,0.12187366885965589,0.09257985720106958,0.4890039895616896,0.5109960104383106
Gwh,2022,4,12682.572,3397.9425,163.678875,2865.646,2306.335931,10762.597001,5590.521,3843.1985,16244.193375,25368.298432,41612.491807,0.3047779993282343,0.08165678988318606,0.003933407202797362,0.0688650420957955,0.05542412460414186,0.25863860907242114,0.13434718175323423,0.09235684606018961,0.3903681964142177,0.6096318035857823
Gwh,2022,5,11721.269,4071.213,11.5855,2237.83425,2612.873871,7838.029875,7360.4025,4008.47525,15804.0675,24057.615746,39861.683246,0.29404852092331535,0.10213349433527832,0.000290642518242442,0.05613998375807574,0.06554850819708408,0.19663067980920054,0.18464856224400897,0.10055960821479455,0.3964726577768361,0.6035273422231638
Gwh,2022,6,8006.622,2488.35875,5.4835,1351.60975,1810.0338430000002,4107.351,5188.137,2471.9495,10500.46425,14929.081093,25429.545343,0.31485509835133507,0.09785305700264794,0.00021563499960526998,0.05315115672612913,0.07117838005303735,0.16151885315285952,0.2040200455816698,0.09720777413271585,0.41292379035358834,0.5870762096464117
