unit,year,month,coal,gas,oil,nuclear,hydro,wind,solar,other,fossil,low.carbon,total.prod,coal.perc,gas.perc,oil.perc,nuclear.perc,hydro.perc,wind.perc,solar.perc,other.perc,fossil.perc,low.carbon.perc
Gwh,2022,1,15616.372961,5417.611875,233.69175,2906.45075,2510.679869,15212.260129,975.1675,4262.8145,21267.676585999998,25867.372747999998,47135.049333999996,0.33131126797687294,0.11493807583844207,0.004957918858725598,0.06166219811089676,0.05326566757593203,0.32273775765472507,0.020688797694682393,0.09043831628972324,0.4512072626740406,0.5487927373259595
Gwh,2022,2,11464.553380000001,3652.39075,226.84425,2695.4645,2126.1680389999997,18037.396872999998,2233.2655,3864.598,15343.78838,28956.892912,44300.681292,0.2587895500846466,0.08244547585907136,0.005120558948175012,0.06084476403948122,0.047994025757431225,0.40715845325514816,0.05041153848808398,0.08723563356796242,0.34635558489189294,0.653644415108107
Gwh,2022,3,16768.32725,5033.895,253.253124,2977.90625,2258.035398,8082.51975,5496.85025,4300.909,22055.475374,23116.220648000002,45171.696022,0.37121314289003693,0.11143914095119076,0.005606455951458143,0.0659241629658906,0.04998783744803976,0.1789288528388123,0.12168793147201881,0.09521247548255274,0.4882587397926859,0.5117412602073143
Gwh,2022,4,12682.572,3397.9425,163.678875,2865.646,2305.398304,10746.50925,5590.521,3990.99675,16244.193375,25499.071303999997,41743.264679,0.30382319393385365,0.08140097632827029,0.003921084665003281,0.06864930239731909,0.055228030718924306,0.2574429511596466,0.13392630027838842,0.0956081605185943,0.3891452549271272,0.6108547450728727
Gwh,2022,5,3006.3315,913.804,1.152,553.7835,393.04312300000004,400.333,1328.093,770.4355,3921.2875,3445.6881230000004,7366.975622999999,0.408082183768073,0.1240405896209384,0.00015637353222717457,0.07517107811122183,0.05335203251832452,0.05434156708081726,0.18027655688904948,0.10457961847934842,0.5322791469212386,0.46772085307876154
