unit,year,month,coal,gas,oil,nuclear,hydro,wind,solar,other,fossil,low.carbon,total.prod,coal.perc,gas.perc,oil.perc,nuclear.perc,hydro.perc,wind.perc,solar.perc,other.perc,fossil.perc,low.carbon.perc
Gwh,2022,1,521.906,1661.117,0.0,0.0,0.0,823.838,300.735,0.0,2183.023,1124.573,3307.596,0.15779012914515556,0.5022127853583086,0.0,0.0,0.0,0.24907455444981794,0.09092253104671792,0.0,0.6600029145034642,0.3399970854965359
Gwh,2022,2,425.627,1562.128,0.0,0.0,0.0,715.9095,326.038,0.0,1987.755,1041.9475,3029.7025,0.14048475056544332,0.5156044199059149,0.0,0.0,0.0,0.2362969631506724,0.10761386637796946,0.0,0.6560891704713582,0.3439108295286418
Gwh,2022,3,684.096,2163.911,0.0,0.0,0.0,807.532,443.359,0.0,2848.007,1250.891,4098.898,0.16689754172950877,0.5279250666886564,0.0,0.0,0.0,0.19701197736562365,0.10816541421621127,0.0,0.6948226084181651,0.30517739158183493
Gwh,2022,4,176.874,900.713,0.0,0.0,0.0,707.0395,517.892,0.0,1077.587,1224.9315,2302.5185,0.07681762383233837,0.39118599915700997,0.0,0.0,0.0,0.30707223416445945,0.22492414284619214,0.0,0.4680036229893484,0.5319963770106515
Gwh,2022,5,225.572,1268.028,0.0,0.0,0.0,510.5215,613.45,0.0,1493.6,1123.9715,2617.5715,0.08617606052021884,0.4844291741409929,0.0,0.0,0.0,0.1950363151493665,0.23435845018942178,0.0,0.5706052346612117,0.4293947653387883
Gwh,2022,6,11.515,53.577,0.0,0.0,0.0,9.747,22.245,0.0,65.092,31.992,97.084,0.1186086275802398,0.5518623048082073,0.0,0.0,0.0,0.1003975938362655,0.2291314737752874,0.0,0.6704709323884471,0.3295290676115529
