unit,year,month,coal,gas,oil,nuclear,hydro,wind,solar,other,fossil,low.carbon,total.prod,coal.perc,gas.perc,oil.perc,nuclear.perc,hydro.perc,wind.perc,solar.perc,other.perc,fossil.perc,low.carbon.perc
Gwh,2022,1,521.906,1661.117,0.0,0.0,0.0,823.838,4.7475,0.0,2183.023,828.5855,3011.6085,0.17329808970853947,0.5515713612841776,0.0,0.0,0.0,0.2735541488875463,0.0015764001197366788,0.0,0.7248694509927172,0.275130549007283
Gwh,2022,2,425.627,1562.128,0.0,0.0,0.0,715.9095,3.2315,0.0,1987.755,719.141,2706.896,0.15723803204851608,0.57709199023531,0.0,0.0,0.0,0.2644761749250802,0.0011938027910935625,0.0,0.7343300222838262,0.2656699777161738
Gwh,2022,3,684.096,2163.911,0.0,0.0,0.0,807.532,1.4855,0.0,2848.007,809.0175,3657.0245,0.18706355399040941,0.5917135638549865,0.0,0.0,0.0,0.22081667760224194,0.00040620455236217316,0.0,0.7787771178453959,0.22122288215460412
Gwh,2022,4,176.874,900.713,0.0,0.0,0.0,708.2585,1.063,0.0,1077.587,709.3215,1786.9085,0.09898324396576545,0.5040621833742466,0.0,0.0,0.0,0.39635969049338565,0.000594882166602263,0.0,0.6030454273400121,0.3969545726599879
Gwh,2022,5,4.397,21.767,0.0,0.0,0.0,30.667,0.165,0.0,26.164,30.832,56.996,0.0771457646150607,0.3819039932626851,0.0,0.0,0.0,0.538055302126465,0.002894939995789178,0.0,0.4590497578777458,0.5409502421222542
