unit,year,month,coal,gas,oil,nuclear,hydro,wind,solar,other,fossil,low.carbon,total.prod,coal.perc,gas.perc,oil.perc,nuclear.perc,hydro.perc,wind.perc,solar.perc,other.perc,fossil.perc,low.carbon.perc
Gwh,2022,1,521.906,1661.117,0.0,0.0,0.0,824.192,300.735,0.0,2183.023,1124.927,3307.95,0.1577732432473284,0.502159041097961,0.0,0.0,0.0,0.24915491467525205,0.09091280097945859,0.0,0.6599322843452895,0.3400677156547106
Gwh,2022,2,425.627,1562.128,0.0,0.0,0.0,715.9095,326.038,0.0,1987.755,1041.9475,3029.7025,0.14048475056544332,0.5156044199059149,0.0,0.0,0.0,0.2362969631506724,0.10761386637796946,0.0,0.6560891704713582,0.3439108295286418
Gwh,2022,3,684.096,2163.911,0.0,0.0,0.0,807.532,443.359,0.0,2848.007,1250.891,4098.898,0.16689754172950877,0.5279250666886564,0.0,0.0,0.0,0.19701197736562365,0.10816541421621127,0.0,0.6948226084181651,0.30517739158183493
Gwh,2022,4,176.874,900.713,0.0,0.0,0.0,709.363,517.892,0.0,1077.587,1227.255,2304.842,0.07674018435970882,0.39079164645559217,0.0,0.0,0.0,0.30777077127195707,0.22469739791274196,0.0,0.467531830815301,0.532468169184699
Gwh,2022,5,225.572,1268.028,0.0,0.0,0.0,510.65,600.598,0.0,1493.6,1111.248,2604.848,0.0865969914559314,0.4867953907483277,0.0,0.0,0.0,0.19603831010485065,0.2305693076908902,0.0,0.5733923822042591,0.4266076177957409
Gwh,2022,6,475.201,1724.338,0.0,0.0,0.0,685.5745,615.282,0.0,2199.539,1300.8565,3500.3955,0.13575637381547315,0.4926123348061669,0.0,0.0,0.0,0.19585629680988903,0.1757749945684709,0.0,0.6283687086216401,0.37163129137836
Gwh,2022,7,27.786,83.49,0.0,0.0,0.0,27.509,22.796,0.0,111.276,50.305,161.581,0.1719632877627939,0.5167067910212215,0.0,0.0,0.0,0.17024897729312236,0.14108094392286222,0.0,0.6886700787840154,0.3113299212159846
