unit,year,month,coal,gas,oil,nuclear,hydro,wind,solar,other,fossil,low.carbon,total.prod,coal.perc,gas.perc,oil.perc,nuclear.perc,hydro.perc,wind.perc,solar.perc,other.perc,fossil.perc,low.carbon.perc
Gwh,2022,1,521.906,1661.117,0.0,0.0,0.0,829.3715,300.735,0.0,2183.023,1130.1065,3313.1295,0.15752659230494911,0.5013740030385169,0.0,0.0,0.0,0.2503287299817287,0.0907706746748052,0.0,0.6589005953434661,0.341099404656534
Gwh,2022,2,425.627,1562.128,0.0,0.0,0.0,722.291,326.038,0.0,1987.755,1048.329,3036.084,0.14018946774858668,0.5145206786110003,0.0,0.0,0.0,0.23790217925459245,0.1073876743858207,0.0,0.6547101463595869,0.3452898536404131
Gwh,2022,3,684.096,2163.911,0.0,0.0,0.0,807.927,443.359,0.0,2848.007,1251.286,4099.293,0.16688145980294652,0.5278741968432118,0.0,0.0,0.0,0.1970893517491919,0.10815499160464988,0.0,0.6947556566461583,0.30524434335384176
Gwh,2022,4,176.874,900.713,0.0,0.0,0.0,715.559,517.892,0.0,1077.587,1233.451,2311.038,0.07653444036835395,0.3897439159373407,0.0,0.0,0.0,0.3096266699206157,0.2240949737736896,0.0,0.46627835630569464,0.5337216436943053
Gwh,2022,5,225.572,1268.028,0.0,0.0,0.0,512.6685,600.598,0.0,1493.6,1113.2665,2606.8665,0.08652993929685314,0.4864184644668225,0.0,0.0,0.0,0.19666081864951657,0.23039077758680773,0.0,0.5729484037636756,0.4270515962363243
Gwh,2022,6,475.201,1724.338,0.0,0.0,0.0,686.188,584.368,0.0,2199.539,1270.556,3470.095,0.1369417840145587,0.4969137732540464,0.0,0.0,0.0,0.19774328944884795,0.16840115328254704,0.0,0.6338555572686051,0.366144442731395
Gwh,2022,7,751.795,2372.958,0.0,0.0,0.0,907.3085,690.854,0.0,3124.753,1598.1625,4722.9155,0.15918027752137423,0.5024349895737071,0.0,0.0,0.0,0.1921077139745566,0.146277018930362,0.0,0.6616152670950814,0.33838473290491855
