unit,year,month,coal,gas,oil,nuclear,hydro,wind,solar,other,fossil,low.carbon,total.prod,coal.perc,gas.perc,oil.perc,nuclear.perc,hydro.perc,wind.perc,solar.perc,other.perc,fossil.perc,low.carbon.perc
Gwh,2022,1,521.906,1661.117,0.0,0.0,0.0,823.838,4.7475,0.0,2183.023,828.5855,3011.6085,0.17329808970853947,0.5515713612841776,0.0,0.0,0.0,0.2735541488875463,0.0015764001197366788,0.0,0.7248694509927172,0.275130549007283
Gwh,2022,2,425.627,1562.128,0.0,0.0,0.0,713.2755,3.2315,0.0,1987.755,716.507,2704.262,0.15739118472988192,0.5776540882503248,0.0,0.0,0.0,0.26375976144323293,0.0011949655765602593,0.0,0.7350452729802068,0.26495472701979317
Gwh,2022,3,684.096,2163.911,0.0,0.0,0.0,797.998,1.4855,0.0,2848.007,799.4835,3647.4905,0.187552510417779,0.5932602154823982,0.0,0.0,0.0,0.21878000778891682,0.0004072663109060874,0.0,0.7808127259001771,0.2191872740998229
Gwh,2022,4,150.365,801.515,0.0,0.0,0.0,598.4035,0.883,0.0,951.88,599.2865,1551.1665,0.09693672471652785,0.5167175799632083,0.0,0.0,0.0,0.3857764463066989,0.0005692490135649525,0.0,0.6136543046797361,0.38634569532026386
