unit,year,month,coal,gas,oil,nuclear,hydro,wind,solar,other,fossil,low.carbon,total.prod,coal.perc,gas.perc,oil.perc,nuclear.perc,hydro.perc,wind.perc,solar.perc,other.perc,fossil.perc,low.carbon.perc
Gwh,2022,1,521.906,1661.117,0.0,0.0,0.0,828.7805,300.735,0.0,2183.023,1129.5155,3312.5385,0.15755469710012424,0.501463454688904,0.0,0.0,0.0,0.25019497886590597,0.09078686934506573,0.0,0.6590181517890282,0.3409818482109717
Gwh,2022,2,425.627,1562.128,0.0,0.0,0.0,719.8785,326.038,0.0,1987.755,1045.9165,3033.6715,0.14030095216308028,0.5149298465572162,0.0,0.0,0.0,0.23729612781080617,0.10747307346889735,0.0,0.6552307987202965,0.3447692012797035
Gwh,2022,3,684.096,2163.911,0.0,0.0,0.0,807.927,443.359,0.0,2848.007,1251.286,4099.293,0.16688145980294652,0.5278741968432118,0.0,0.0,0.0,0.1970893517491919,0.10815499160464988,0.0,0.6947556566461583,0.30524434335384176
Gwh,2022,4,176.874,900.713,0.0,0.0,0.0,715.142,517.892,0.0,1077.587,1233.034,2310.621,0.07654825261260934,0.38981425339767967,0.0,0.0,0.0,0.30950207758000986,0.22413541640970114,0.0,0.466362506010289,0.533637493989711
Gwh,2022,5,225.572,1268.028,0.0,0.0,0.0,512.626,600.598,0.0,1493.6,1113.224,2606.824,0.08653135002593194,0.4864263947240013,0.0,0.0,0.0,0.19664772151859886,0.23039453373146784,0.0,0.5729577447499332,0.4270422552500667
Gwh,2022,6,475.201,1724.338,0.0,0.0,0.0,686.188,584.368,0.0,2199.539,1270.556,3470.095,0.1369417840145587,0.4969137732540464,0.0,0.0,0.0,0.19774328944884795,0.16840115328254704,0.0,0.6338555572686051,0.366144442731395
Gwh,2022,7,525.7055,1747.9625,0.0,0.0,0.0,736.441,534.123,0.0,2273.668,1270.564,3544.232,0.14832705646808675,0.49318512445009244,0.0,0.0,0.0,0.2077857770033113,0.15070204207850954,0.0,0.6415121809181792,0.35848781908182087
