unit,year,month,coal,oil,gas,nuclear,hydro,wind,solar,other,fossil,low.carbon,total.prod,coal.perc,oil.perc,gas.perc,nuclear.perc,hydro.perc,wind.perc,solar.perc,other.perc,fossil.perc,low.carbon.perc
Gwh,2022,1,521.906,0.0,1661.117,0.0,0.0,823.838,4.7475,0.0,2183.023,828.5855,3011.6085,0.17329808970853947,0.0,0.5515713612841776,0.0,0.0,0.2735541488875463,0.0015764001197366788,0.0,0.7248694509927172,0.275130549007283
Gwh,2022,2,425.627,0.0,1562.128,0.0,0.0,713.2755,3.2315,0.0,1987.755,716.507,2704.262,0.15739118472988192,0.0,0.5776540882503248,0.0,0.0,0.26375976144323293,0.0011949655765602593,0.0,0.7350452729802068,0.26495472701979317
Gwh,2022,3,684.096,0.0,2163.911,0.0,0.0,797.998,6.306,0.0,2848.007,804.304,3652.311,0.18730496937418528,0.0,0.5924772014212372,0.0,0.0,0.21849125115577508,0.0017265780488025253,0.0,0.7797821707954223,0.22021782920457758
Gwh,2022,4,107.379,0.0,512.694,0.0,0.0,428.856,0.4225,0.0,620.073,429.2785,1049.3515,0.10232891457247643,0.0,0.48858175739968923,0.0,0.0,0.4086866984037284,0.0004026296241059359,0.0,0.5909106719721656,0.4090893280278343
