unit,year,month,coal,gas,oil,nuclear,hydro,wind,solar,other,fossil,low.carbon,total.prod,coal.perc,gas.perc,oil.perc,nuclear.perc,hydro.perc,wind.perc,solar.perc,other.perc,fossil.perc,low.carbon.perc
Gwh,2022,1,521.906,1661.117,0.0,0.0,0.0,824.2545,300.735,0.0,2183.023,1124.9895,3308.0125,0.15777026235541733,0.5021495535461248,0.0,0.0,0.0,0.24916910078181387,0.09091108331664406,0.0,0.6599198159015421,0.3400801840984579
Gwh,2022,2,425.627,1562.128,0.0,0.0,0.0,715.9095,326.038,0.0,1987.755,1041.9475,3029.7025,0.14048475056544332,0.5156044199059149,0.0,0.0,0.0,0.2362969631506724,0.10761386637796946,0.0,0.6560891704713582,0.3439108295286418
Gwh,2022,3,684.096,2163.911,0.0,0.0,0.0,807.532,443.359,0.0,2848.007,1250.891,4098.898,0.16689754172950877,0.5279250666886564,0.0,0.0,0.0,0.19701197736562365,0.10816541421621127,0.0,0.6948226084181651,0.30517739158183493
Gwh,2022,4,176.874,900.713,0.0,0.0,0.0,711.9345,517.892,0.0,1077.587,1229.8265,2307.4135,0.07665466116064588,0.3903561281928878,0.0,0.0,0.0,0.30854222704339723,0.224446983603069,0.0,0.4670107893535337,0.5329892106464662
Gwh,2022,5,225.572,1268.028,0.0,0.0,0.0,510.65,600.598,0.0,1493.6,1111.248,2604.848,0.0865969914559314,0.4867953907483277,0.0,0.0,0.0,0.19603831010485065,0.2305693076908902,0.0,0.5733923822042591,0.4266076177957409
Gwh,2022,6,475.201,1724.338,0.0,0.0,0.0,686.188,615.282,0.0,2199.539,1301.47,3501.009,0.13573258452063391,0.4925260117868877,0.0,0.0,0.0,0.19599721108971727,0.1757441926027611,0.0,0.6282585963075217,0.3717414036924784
Gwh,2022,7,71.258,185.366,0.0,0.0,0.0,104.788434,68.61,0.0,256.624,173.398434,430.02243400000003,0.16570763375568445,0.4310612315635607,0.0,0.0,0.0,0.2436813191936865,0.15954981548706829,0.0,0.5967688653192452,0.40323113468075483
