unit,year,month,coal,gas,oil,nuclear,hydro,wind,solar,other,fossil,low.carbon,total.prod,coal.perc,gas.perc,oil.perc,nuclear.perc,hydro.perc,wind.perc,solar.perc,other.perc,fossil.perc,low.carbon.perc
Gwh,2022,1,521.906,1661.117,0.0,0.0,0.0,823.838,300.735,0.0,2183.023,1124.573,3307.596,0.15779012914515556,0.5022127853583086,0.0,0.0,0.0,0.24907455444981794,0.09092253104671792,0.0,0.6600029145034642,0.3399970854965359
Gwh,2022,2,425.627,1562.128,0.0,0.0,0.0,715.9095,326.038,0.0,1987.755,1041.9475,3029.7025,0.14048475056544332,0.5156044199059149,0.0,0.0,0.0,0.2362969631506724,0.10761386637796946,0.0,0.6560891704713582,0.3439108295286418
Gwh,2022,3,684.096,2163.911,0.0,0.0,0.0,797.998,443.359,0.0,2848.007,1241.357,4089.364,0.16728664897524406,0.5291558785180287,0.0,0.0,0.0,0.19513987994221108,0.10841759256451614,0.0,0.6964425274932728,0.3035574725067272
Gwh,2022,4,176.874,900.713,0.0,0.0,0.0,707.0395,546.406,0.0,1077.587,1253.4455,2331.0325,0.0758779639494516,0.3864008760066623,0.0,0.0,0.0,0.30331601983241335,0.23440514021147282,0.0,0.4622788399561139,0.5377211600438861
Gwh,2022,5,13.772,82.541,0.0,0.0,0.0,81.9135,38.945,0.0,96.313,120.8585,217.1715,0.06341531922927271,0.38007289170079867,0.0,0.0,0.0,0.377183470206726,0.17932831886320258,0.0,0.4434882109300714,0.5565117890699286
