unit,year,month,coal,gas,oil,nuclear,hydro,wind,solar,other,fossil,low.carbon,total.prod,coal.perc,gas.perc,oil.perc,nuclear.perc,hydro.perc,wind.perc,solar.perc,other.perc,fossil.perc,low.carbon.perc
Gwh,2022,1,521.906,1661.117,0.0,0.0,0.0,823.838,4.7475,0.0,2183.023,828.5855,3011.6085,0.17329808970853947,0.5515713612841776,0.0,0.0,0.0,0.2735541488875463,0.0015764001197366788,0.0,0.7248694509927172,0.275130549007283
Gwh,2022,2,425.627,1562.128,0.0,0.0,0.0,713.2755,3.2315,0.0,1987.755,716.507,2704.262,0.15739118472988192,0.5776540882503248,0.0,0.0,0.0,0.26375976144323293,0.0011949655765602593,0.0,0.7350452729802068,0.26495472701979317
Gwh,2022,3,684.096,2163.911,0.0,0.0,0.0,797.998,1.4855,0.0,2848.007,799.4835,3647.4905,0.187552510417779,0.5932602154823982,0.0,0.0,0.0,0.21878000778891682,0.0004072663109060874,0.0,0.7808127259001771,0.2191872740998229
Gwh,2022,4,166.832,860.457,0.0,0.0,0.0,622.5195,0.9355,0.0,1027.289,623.455,1650.744,0.10106473202386318,0.5212540527180471,0.0,0.0,0.0,0.37711450109768685,0.0005667141604028244,0.0,0.6223187847419104,0.37768121525808973
