unit,year,month,coal,gas,oil,nuclear,hydro,wind,solar,other,fossil,low.carbon,total.prod,coal.perc,gas.perc,oil.perc,nuclear.perc,hydro.perc,wind.perc,solar.perc,other.perc,fossil.perc,low.carbon.perc
Gwh,2022,1,521.906,1661.117,0.0,0.0,0.0,827.1945,300.735,0.0,2183.023,1127.9295,3310.9525,0.157630168357897,0.5017036638248359,0.0,0.0,0.0,0.24983581008788255,0.09083035772938453,0.0,0.659333832182733,0.3406661678172671
Gwh,2022,2,425.627,1562.128,0.0,0.0,0.0,715.9095,326.038,0.0,1987.755,1041.9475,3029.7025,0.14048475056544332,0.5156044199059149,0.0,0.0,0.0,0.2362969631506724,0.10761386637796946,0.0,0.6560891704713582,0.3439108295286418
Gwh,2022,3,684.096,2163.911,0.0,0.0,0.0,807.8845,443.359,0.0,2848.007,1251.2435,4099.2505,0.16688318998802343,0.5278796697103532,0.0,0.0,0.0,0.19708102737317468,0.10815611292844875,0.0,0.6947628596983766,0.3052371403016234
Gwh,2022,4,176.874,900.713,0.0,0.0,0.0,712.4445,517.892,0.0,1077.587,1230.3365,2307.9235,0.07663772217753319,0.3902698681303778,0.0,0.0,0.0,0.30869502390352194,0.2243973857885671,0.0,0.466907590307911,0.533092409692089
Gwh,2022,5,225.572,1268.028,0.0,0.0,0.0,510.65,600.598,0.0,1493.6,1111.248,2604.848,0.0865969914559314,0.4867953907483277,0.0,0.0,0.0,0.19603831010485065,0.2305693076908902,0.0,0.5733923822042591,0.4266076177957409
Gwh,2022,6,475.201,1724.338,0.0,0.0,0.0,686.188,584.368,0.0,2199.539,1270.556,3470.095,0.1369417840145587,0.4969137732540464,0.0,0.0,0.0,0.19774328944884795,0.16840115328254704,0.0,0.6338555572686051,0.366144442731395
Gwh,2022,7,308.951,982.97,0.0,0.0,0.0,412.7475,302.256,0.0,1291.921,715.0035,2006.9245,0.15394251253597233,0.48978922724796076,0.0,0.0,0.0,0.20566169778683752,0.15060656242922937,0.0,0.643731739783933,0.35626826021606695
