unit,year,month,coal,gas,oil,nuclear,hydro,wind,solar,other,fossil,low.carbon,total.prod,coal.perc,gas.perc,oil.perc,nuclear.perc,hydro.perc,wind.perc,solar.perc,other.perc,fossil.perc,low.carbon.perc
Gwh,2022,1,521.906,1661.117,0.0,0.0,0.0,823.838,300.735,0.0,2183.023,1124.573,3307.596,0.15779012914515556,0.5022127853583086,0.0,0.0,0.0,0.24907455444981794,0.09092253104671792,0.0,0.6600029145034642,0.3399970854965359
Gwh,2022,2,425.627,1562.128,0.0,0.0,0.0,715.9095,326.038,0.0,1987.755,1041.9475,3029.7025,0.14048475056544332,0.5156044199059149,0.0,0.0,0.0,0.2362969631506724,0.10761386637796946,0.0,0.6560891704713582,0.3439108295286418
Gwh,2022,3,684.096,2163.911,0.0,0.0,0.0,807.532,443.359,0.0,2848.007,1250.891,4098.898,0.16689754172950877,0.5279250666886564,0.0,0.0,0.0,0.19701197736562365,0.10816541421621127,0.0,0.6948226084181651,0.30517739158183493
Gwh,2022,4,176.874,900.713,0.0,0.0,0.0,707.0395,517.892,0.0,1077.587,1224.9315,2302.5185,0.07681762383233837,0.39118599915700997,0.0,0.0,0.0,0.30707223416445945,0.22492414284619214,0.0,0.4680036229893484,0.5319963770106515
Gwh,2022,5,136.207,734.475,0.0,0.0,0.0,301.4055,331.947,0.0,870.682,633.3525,1504.0345,0.09056108752824486,0.4883365374929897,0.0,0.0,0.0,0.2003979961895821,0.22070437878918336,0.0,0.5788976250212345,0.4211023749787654
