unit,year,month,coal,gas,oil,nuclear,hydro,wind,solar,other,fossil,low.carbon,total.prod,coal.perc,gas.perc,oil.perc,nuclear.perc,hydro.perc,wind.perc,solar.perc,other.perc,fossil.perc,low.carbon.perc
Gwh,2022,1,521.906,1661.117,0.0,0.0,0.0,823.838,300.735,0.0,2183.023,1124.573,3307.596,0.15779012914515556,0.5022127853583086,0.0,0.0,0.0,0.24907455444981794,0.09092253104671792,0.0,0.6600029145034642,0.3399970854965359
Gwh,2022,2,425.627,1562.128,0.0,0.0,0.0,715.9095,326.038,0.0,1987.755,1041.9475,3029.7025,0.14048475056544332,0.5156044199059149,0.0,0.0,0.0,0.2362969631506724,0.10761386637796946,0.0,0.6560891704713582,0.3439108295286418
Gwh,2022,3,684.096,2163.911,0.0,0.0,0.0,807.532,443.359,0.0,2848.007,1250.891,4098.898,0.16689754172950877,0.5279250666886564,0.0,0.0,0.0,0.19701197736562365,0.10816541421621127,0.0,0.6948226084181651,0.30517739158183493
Gwh,2022,4,176.874,900.713,0.0,0.0,0.0,708.2585,546.406,0.0,1077.587,1254.6645,2332.2515,0.0758383047454359,0.38619891551147034,0.0,0.0,0.0,0.3036801562781716,0.2342826234649222,0.0,0.4620372202569063,0.5379627797430938
Gwh,2022,5,21.757,123.744,0.0,0.0,0.0,89.9065,56.319,0.0,145.501,146.2255,291.7265,0.07458012899068135,0.42417812574449015,0.0,0.0,0.0,0.3081876346509487,0.1930541106138798,0.0,0.4987582547351715,0.5012417452648286
