unit,year,month,coal,oil,gas,nuclear,hydro,wind,solar,other,fossil,low.carbon,total.prod,coal.perc,oil.perc,gas.perc,nuclear.perc,hydro.perc,wind.perc,solar.perc,other.perc,fossil.perc,low.carbon.perc
Gwh,2022,1,521.906,0.0,1661.117,0.0,0.0,823.838,4.7475,0.0,2183.023,828.5855,3011.6085,0.17329808970853947,0.0,0.5515713612841776,0.0,0.0,0.2735541488875463,0.0015764001197366788,0.0,0.7248694509927172,0.275130549007283
Gwh,2022,2,425.627,0.0,1562.128,0.0,0.0,713.2755,3.2315,0.0,1987.755,716.507,2704.262,0.15739118472988192,0.0,0.5776540882503248,0.0,0.0,0.26375976144323293,0.0011949655765602593,0.0,0.7350452729802068,0.26495472701979317
Gwh,2022,3,684.096,0.0,2163.911,0.0,0.0,797.83,6.306,0.0,2848.007,804.136,3652.143,0.18731358547570565,0.0,0.5925044556031897,0.0,0.0,0.21845530144903966,0.0017266574720650313,0.0,0.7798180410788953,0.22018195892110468
Gwh,2022,4,15.351,0.0,38.111,0.0,0.0,88.944,0.0,0.0,53.462,88.944,142.406,0.1077974242658315,0.0,0.267622150752075,0.0,0.0,0.6245804249820934,0.0,0.0,0.37541957501790657,0.6245804249820934
