unit,year,month,coal,gas,oil,nuclear,hydro,wind,solar,other,fossil,low.carbon,total.prod,coal.perc,gas.perc,oil.perc,nuclear.perc,hydro.perc,wind.perc,solar.perc,other.perc,fossil.perc,low.carbon.perc
Gwh,2022,1,521.906,1661.117,0.0,0.0,0.0,823.838,4.7475,0.0,2183.023,828.5855,3011.6085,0.17329808970853947,0.5515713612841776,0.0,0.0,0.0,0.2735541488875463,0.0015764001197366788,0.0,0.7248694509927172,0.275130549007283
Gwh,2022,2,425.627,1562.128,0.0,0.0,0.0,715.9095,3.2315,0.0,1987.755,719.141,2706.896,0.15723803204851608,0.57709199023531,0.0,0.0,0.0,0.2644761749250802,0.0011938027910935625,0.0,0.7343300222838262,0.2656699777161738
Gwh,2022,3,684.096,2163.911,0.0,0.0,0.0,797.998,1.4855,0.0,2848.007,799.4835,3647.4905,0.187552510417779,0.5932602154823982,0.0,0.0,0.0,0.21878000778891682,0.0004072663109060874,0.0,0.7808127259001771,0.2191872740998229
Gwh,2022,4,176.874,900.713,0.0,0.0,0.0,707.0395,1.063,0.0,1077.587,708.1025,1785.6895,0.09905081482530978,0.5044062811591825,0.0,0.0,0.0,0.39594761575290666,0.0005952882626010849,0.0,0.6034570959844923,0.39654290401550774
Gwh,2022,5,8.895,47.685,0.0,0.0,0.0,65.2525,0.345,0.0,56.58,65.5975,122.1775,0.07280391234065192,0.39029281168791313,0.0,0.0,0.0,0.5340795154590657,0.0028237605123692987,0.0,0.463096724028565,0.536903275971435
