unit,year,month,coal,gas,oil,nuclear,hydro,wind,solar,other,fossil,low.carbon,total.prod,coal.perc,gas.perc,oil.perc,nuclear.perc,hydro.perc,wind.perc,solar.perc,other.perc,fossil.perc,low.carbon.perc
Gwh,2022,1,242.80925,914.61175,0.0,1443.70775,11.95175,85.961876,118.56975,174.57325,1157.421,1834.7643759999999,2992.1853760000004,0.08114779650604106,0.305666807055473,0.0,0.4824927498074905,0.003994321373222298,0.02872879357324952,0.039626471993024,0.058343059691499534,0.3868146035615141,0.6131853964384858
Gwh,2022,2,223.8795,851.352499,0.0,1077.000125,13.93925,84.64524899999999,172.471,154.77175,1075.2319989999999,1502.827374,2578.0593729999996,0.08684031963913968,0.3302299814799495,0.0,0.4177561371469625,0.00540687702773089,0.03283293235465761,0.06689954537365887,0.060034206977901135,0.4170703011190891,0.582929698880911
Gwh,2022,3,251.08325,777.653,0.0,1414.261124,19.98125,43.47175,296.75575,175.348,1028.73625,1949.817874,2978.554124,0.08429702451161503,0.2610840587834153,0.0,0.4748146466785507,0.006708372306885098,0.014594916926209935,0.09963080664167243,0.058870174151651584,0.3453810832950303,0.6546189167049697
Gwh,2022,4,236.852,440.581,0.0,1389.7515,8.7775,65.66687399999999,278.38775,173.0075,677.433,1915.591124,2593.024124,0.09134199632305465,0.16991010454633163,0.0,0.5359577981311523,0.003385043709682047,0.02532443620258428,0.10736026226032905,0.06672035882686604,0.2612521008693863,0.7387478991306137
Gwh,2022,5,241.991,465.79275,0.0,1351.347,16.5145,31.313625,364.2315,146.8995,707.78375,1910.306125,2618.089875,0.09243036394997708,0.177913200936236,0.0,0.5161576051700669,0.006307843041484586,0.011960485122765313,0.13912108345783963,0.056109418321630376,0.2703435648862131,0.7296564351137869
Gwh,2022,6,227.3905,492.6505,0.0,1240.538,14.0815,40.4655,404.316,152.320375,720.041,1851.721375,2571.762375,0.08841816110635028,0.19156143848632207,0.0,0.4823688269410972,0.0054754281098773755,0.015734540793256608,0.15721359171062607,0.05922801285247049,0.2799795995926724,0.7200204004073277
Gwh,2022,7,16.1595,28.7205,0.0,87.74475,0.54075,4.44425,28.16025,10.406,44.88,131.296,176.176,0.09172361729179912,0.16302163745345566,0.0,0.4980516642448461,0.0030693738080101716,0.025226194260285172,0.1598415788756698,0.05906593406593407,0.2547452547452548,0.7452547452547452
