unit,year,month,coal,gas,oil,nuclear,hydro,wind,solar,other,fossil,low.carbon,total.prod,coal.perc,gas.perc,oil.perc,nuclear.perc,hydro.perc,wind.perc,solar.perc,other.perc,fossil.perc,low.carbon.perc
Gwh,2022,1,242.80925,914.61175,0.0,1443.70775,11.95175,85.961876,0.6174980000000001,174.57325,1157.421,1716.8121239999998,2874.233124,0.08447792490196074,0.31821070544450386,0.0,0.5022931988170909,0.004158239601444382,0.029907760536963323,0.00021483921914470293,0.06073733147889225,0.40268863034646457,0.5973113696535354
Gwh,2022,2,223.8795,851.488375,0.0,1079.35175,13.93925,84.64524899999999,0.638004,154.77175,1075.367875,1333.346003,2408.713878,0.09294565952594225,0.3535033292152602,0.0,0.44810293155125835,0.005787009460656248,0.035141263465581274,0.0002648733026480283,0.0642549334786537,0.44644898874120237,0.5535510112587976
Gwh,2022,3,251.08325,777.653,0.0,1414.37925,19.98125,43.47175,0.670376,175.348,1028.73625,1653.850626,2682.5868760000003,0.09359743471733885,0.2898892136382762,0.0,0.5272445275319388,0.0074485006166115295,0.016205160171670053,0.00024989908285825816,0.06536526424130616,0.383486648355615,0.6165133516443848
Gwh,2022,4,229.139,430.55825,0.0,1343.36475,8.51025,65.453124,0.79737,167.63675,659.69725,1585.7622440000002,2245.4594939999997,0.10204548361360913,0.19174616649753737,0.0,0.5982582868181545,0.003789981526159741,0.02914910029546051,0.00035510326600440563,0.07465587798307442,0.29379165011114655,0.7062083498888537
