unit,year,month,coal,gas,oil,nuclear,hydro,wind,solar,other,fossil,low.carbon,total.prod,coal.perc,gas.perc,oil.perc,nuclear.perc,hydro.perc,wind.perc,solar.perc,other.perc,fossil.perc,low.carbon.perc
Gwh,2022,1,242.80925,914.61175,0.0,1443.70775,11.95175,85.961876,0.6174980000000001,174.57325,1157.421,1716.8121239999998,2874.233124,0.08447792490196074,0.31821070544450386,0.0,0.5022931988170909,0.004158239601444382,0.029907760536963323,0.00021483921914470293,0.06073733147889225,0.40268863034646457,0.5973113696535354
Gwh,2022,2,223.8795,851.488375,0.0,1079.35175,13.93925,84.64524899999999,0.638004,154.77175,1075.367875,1333.346003,2408.713878,0.09294565952594225,0.3535033292152602,0.0,0.44810293155125835,0.005787009460656248,0.035141263465581274,0.0002648733026480283,0.0642549334786537,0.44644898874120237,0.5535510112587976
Gwh,2022,3,251.08325,777.653,0.0,1414.37925,19.98125,43.47175,0.670376,175.348,1028.73625,1653.850626,2682.5868760000003,0.09359743471733885,0.2898892136382762,0.0,0.5272445275319388,0.0074485006166115295,0.016205160171670053,0.00024989908285825816,0.06536526424130616,0.383486648355615,0.6165133516443848
Gwh,2022,4,220.88725,414.04625,0.0,1296.988,8.1825,64.761874,0.77812,162.0965,634.9335,1532.8069940000003,2167.740494,0.10189745987187339,0.191003605434332,0.0,0.5983133145272139,0.0037746676886130995,0.029875289122130503,0.00035895440536066304,0.07477670895047642,0.2929010653062054,0.7070989346937947
