unit,year,month,coal,gas,oil,nuclear,hydro,wind,solar,other,fossil,low.carbon,total.prod,coal.perc,gas.perc,oil.perc,nuclear.perc,hydro.perc,wind.perc,solar.perc,other.perc,fossil.perc,low.carbon.perc
Gwh,2022,1,242.80925,914.61175,0.0,1443.70775,11.95175,85.70325100000001,118.56975,174.57325,1157.421,1834.505751,2991.926751,0.08115481099891406,0.30569322918560987,0.0,0.4825344569406539,0.003994666646168839,0.028644835964435015,0.03962989734303158,0.05834810292118679,0.3868480401845239,0.6131519598154761
Gwh,2022,2,223.8795,851.352499,0.0,1079.35175,13.93925,84.30037399999999,172.471,154.77175,1075.2319989999999,1504.834124,2580.0661229999996,0.08677277609446758,0.3299731318552723,0.0,0.4183426697393988,0.0054026716120717045,0.032673726168683935,0.06684751156666384,0.05998751296344199,0.4167459079497398,0.5832540920502602
Gwh,2022,3,251.08325,777.653,0.0,1414.37925,19.98125,43.37425,296.75575,175.348,1028.73625,1949.8385,2978.57475,0.08429644077255405,0.26108225083154285,0.0,0.4748510172524627,0.006708325852826087,0.014562082083049956,0.0996301167194142,0.05886976648815008,0.34537869160409684,0.654621308395903
Gwh,2022,4,236.852,440.581,0.0,1389.7515,8.7775,65.239126,278.38775,173.0075,677.433,1915.163376,2592.596376,0.0913570666813275,0.16993813772113367,0.0,0.5360462248829434,0.0033856022021994834,0.025163626164075144,0.1073779754446436,0.06673136690367726,0.2612952044024611,0.7387047955975389
Gwh,2022,5,241.991,465.79275,0.0,1351.347,16.5145,31.27675,366.697,146.8995,707.78375,1912.73475,2620.5185,0.09234470201221628,0.17774831583902193,0.0,0.5156792443938099,0.006301997104771442,0.011935328829008458,0.13993299417653415,0.056057417644637876,0.27009301785123824,0.7299069821487618
Gwh,2022,6,227.3905,492.6505,0.0,1240.538,14.0815,40.415875,406.6195,152.320375,720.041,1853.97525,2574.01625,0.0883407398846064,0.19139370235133518,0.0,0.4819464523582553,0.005470633683839409,0.01570148401355275,0.1579708364311997,0.05917615127721125,0.2797344422359416,0.7202655577640583
Gwh,2022,7,212.17375,598.5325,0.0,1370.72225,7.68425,45.444624000000005,404.79725,159.32175,810.70625,1987.9701240000002,2798.6763739999997,0.07581217748901468,0.21386270508460015,0.0,0.4897751889908226,0.002745672944320214,0.01623789889470086,0.14463882060841668,0.056927535988124944,0.2896748825736148,0.7103251174263854
