unit,year,month,coal,oil,gas,nuclear,hydro,wind,solar,other,fossil,low.carbon,total.prod,coal.perc,oil.perc,gas.perc,nuclear.perc,hydro.perc,wind.perc,solar.perc,other.perc,fossil.perc,low.carbon.perc
Gwh,2022,1,242.80925,0.0,914.61175,1443.70775,11.95175,85.961876,0.6174980000000001,174.57325,1157.421,1716.8121239999998,2874.233124,0.08447792490196074,0.0,0.31821070544450386,0.5022931988170909,0.004158239601444382,0.029907760536963323,0.00021483921914470293,0.06073733147889225,0.40268863034646457,0.5973113696535354
Gwh,2022,2,223.8795,0.0,851.558625,1079.35175,13.93925,84.64524899999999,0.638004,154.77175,1075.438125,1333.346003,2408.7841280000002,0.0929429488502508,0.0,0.35352218370313004,0.44808986303649373,0.005786840687784538,0.035140238602568534,0.00026486557785887233,0.06425305954191342,0.44646513255338083,0.5535348674466191
Gwh,2022,3,251.08325,0.0,777.653,1414.37925,19.98125,43.47175,0.670376,175.348,1028.73625,1653.850626,2682.5868760000003,0.09359743471733885,0.0,0.2898892136382762,0.5272445275319388,0.0074485006166115295,0.016205160171670053,0.00024989908285825816,0.06536526424130616,0.383486648355615,0.6165133516443848
Gwh,2022,4,164.68225,0.0,303.62025,977.494,4.39475,49.55075,0.496747,118.65125,468.3025,1150.587497,1618.889997,0.10172541080936706,0.0,0.1875484131489139,0.6038050774366481,0.0027146686977768757,0.03060785482140452,0.0003068441962829671,0.07329173088960658,0.289273823958281,0.7107261760417191
