unit,year,month,coal,gas,oil,nuclear,hydro,wind,solar,other,fossil,low.carbon,total.prod,coal.perc,gas.perc,oil.perc,nuclear.perc,hydro.perc,wind.perc,solar.perc,other.perc,fossil.perc,low.carbon.perc
Gwh,2022,1,242.80925,914.61175,0.0,1443.70775,11.95175,85.961876,118.56975,174.57325,1157.421,1834.7643759999999,2992.1853760000004,0.08114779650604106,0.305666807055473,0.0,0.4824927498074905,0.003994321373222298,0.02872879357324952,0.039626471993024,0.058343059691499534,0.3868146035615141,0.6131853964384858
Gwh,2022,2,223.8795,851.352499,0.0,1079.35175,13.93925,84.64524899999999,172.471,154.77175,1075.2319989999999,1505.178999,2580.410998,0.08676117880970216,0.32992903055360484,0.0,0.41828675774385304,0.005401949538582768,0.03280301047608541,0.06683857731720923,0.059979495560962576,0.416690209363307,0.583309790636693
Gwh,2022,3,251.08325,777.653,0.0,1414.5325,19.98125,43.47175,296.75575,175.348,1028.73625,1950.08925,2978.8255,0.0842893449112746,0.26106027358769424,0.0,0.47486249194523145,0.0067077611629147126,0.014593587304795128,0.09962173010805768,0.05886481098003224,0.3453496184989688,0.6546503815010312
Gwh,2022,4,236.852,440.581,0.0,1389.7515,8.7775,65.66687399999999,278.23375,173.0075,677.433,1915.437124,2592.870124,0.09134742145688744,0.16992019612625997,0.0,0.5359896306167629,0.003385244759756428,0.02532594031308295,0.10730724513527543,0.06672432159197496,0.2612676175831474,0.7387323824168526
Gwh,2022,5,241.991,465.79275,0.0,1351.347,16.5145,31.313625,353.5635,146.8995,707.78375,1899.638125,2607.421875,0.09280853333333333,0.1786411146067416,0.0,0.518269411235955,0.006333650936329589,0.0120094202247191,0.13559888539325843,0.05633898426966292,0.2714496479400749,0.728550352059925
Gwh,2022,6,4.448,18.5835,0.0,40.1125,0.638,0.6745,12.942,4.65725,23.0315,59.02425,82.05575,0.054207048256825395,0.22647407402893766,0.0,0.4888444746407168,0.007775201615974505,0.008220021144161134,0.1577220365422289,0.05675714377115559,0.28068112228576303,0.719318877714237
