unit,year,month,coal,oil,gas,nuclear,hydro,wind,solar,other,fossil,low.carbon,total.prod,coal.perc,oil.perc,gas.perc,nuclear.perc,hydro.perc,wind.perc,solar.perc,other.perc,fossil.perc,low.carbon.perc
Gwh,2022,1,242.80925,0.0,914.61175,1443.70775,11.95175,85.961876,0.0,174.57325,1157.421,1716.194626,2873.6156260000002,0.08449607797337332,0.0,0.3182790842744394,0.5024011342844779,0.004159133146361865,0.029914187277599386,0.0,0.0607503830437481,0.40277516224781273,0.5972248377521872
Gwh,2022,2,223.8795,0.0,851.58325,1079.35175,13.93925,84.64524899999999,0.0,154.77175,1075.46275,1332.707999,2408.170749,0.0929666221105653,0.0,0.353622454036377,0.448203994857177,0.005788314639146047,0.035149189082688256,0.0,0.06426942527404647,0.44658907614694227,0.5534109238530578
Gwh,2022,3,251.08325,0.0,777.653,1414.37925,19.98125,43.472,0.0,175.348,1028.73625,1653.1805,2681.91675,0.0936208217499667,0.0,0.28996164776553934,0.5273762692298335,0.007450361760856298,0.01620930254453275,0.0,0.06538159694927145,0.383582469515506,0.616417530484494
Gwh,2022,4,15.99675,0.0,33.089,93.216,1.23325,7.7165,0.0,10.309,49.08575,112.47475,161.5605,0.09901399166256604,0.0,0.20480872490491178,0.5769727130084396,0.007633363353047311,0.04776229338235522,0.0,0.0638089136886801,0.30382271656747784,0.6961772834325223
