unit,year,month,coal,gas,oil,nuclear,hydro,wind,solar,other,fossil,low.carbon,total.prod,coal.perc,gas.perc,oil.perc,nuclear.perc,hydro.perc,wind.perc,solar.perc,other.perc,fossil.perc,low.carbon.perc
Gwh,2022,1,242.80925,914.61175,0.0,1443.70775,11.95175,85.961876,118.56975,174.57325,1157.421,1834.7643759999999,2992.1853760000004,0.08114779650604106,0.305666807055473,0.0,0.4824927498074905,0.003994321373222298,0.02872879357324952,0.039626471993024,0.058343059691499534,0.3868146035615141,0.6131853964384858
Gwh,2022,2,223.8795,851.488375,0.0,1081.708751,13.93925,84.64524899999999,172.471,154.77175,1075.367875,1507.536,2582.903875,0.08667744168373281,0.3296632070754085,0.0,0.4187955895184059,0.005396735873494324,0.032771350811497,0.06677406839230515,0.05992160664515632,0.4163406487591413,0.5836593512408588
Gwh,2022,3,251.08325,777.653,0.0,1414.5633759999998,19.98125,43.47175,296.5225,175.348,1028.73625,1949.886876,2978.623126,0.08429507170891413,0.261078010578771,0.0,0.47490512097769827,0.006708216902496445,0.014594578824202684,0.09955019062723815,0.05886881038067923,0.34537308228768515,0.6546269177123148
Gwh,2022,4,236.852,440.581,0.0,1389.7515,8.7775,65.66687399999999,278.23375,173.0075,677.433,1915.437124,2592.870124,0.09134742145688744,0.16992019612625997,0.0,0.5359896306167629,0.003385244759756428,0.02532594031308295,0.10730724513527543,0.06672432159197496,0.2612676175831474,0.7387323824168526
Gwh,2022,5,129.795,250.38175,0.0,780.23275,7.94825,14.178,196.59625,83.9915,380.17675,1082.94675,1463.1235,0.08871089829395809,0.17112824037068644,0.0,0.5332651344879636,0.0054323848943715275,0.009690227790066936,0.13436750212815254,0.05740561203480089,0.25983913866464453,0.7401608613353555
