unit,year,month,coal,gas,oil,nuclear,hydro,wind,solar,other,fossil,low.carbon,total.prod,coal.perc,gas.perc,oil.perc,nuclear.perc,hydro.perc,wind.perc,solar.perc,other.perc,fossil.perc,low.carbon.perc
Gwh,2022,1,242.80925,914.61175,0.0,1443.70775,11.95175,85.70325100000001,118.56975,174.57325,1157.421,1834.505751,2991.926751,0.08115481099891406,0.30569322918560987,0.0,0.4825344569406539,0.003994666646168839,0.028644835964435015,0.03962989734303158,0.05834810292118679,0.3868480401845239,0.6131519598154761
Gwh,2022,2,223.8795,851.352499,0.0,1079.35175,13.93925,84.30037399999999,172.471,154.77175,1075.2319989999999,1504.834124,2580.0661229999996,0.08677277609446758,0.3299731318552723,0.0,0.4183426697393988,0.0054026716120717045,0.032673726168683935,0.06684751156666384,0.05998751296344199,0.4167459079497398,0.5832540920502602
Gwh,2022,3,251.08325,777.653,0.0,1414.37925,19.98125,43.37425,296.75575,175.348,1028.73625,1949.8385,2978.57475,0.08429644077255405,0.26108225083154285,0.0,0.4748510172524627,0.006708325852826087,0.014562082083049956,0.0996301167194142,0.05886976648815008,0.34537869160409684,0.654621308395903
Gwh,2022,4,236.852,440.581,0.0,1389.7515,8.7775,65.239126,278.38775,173.0075,677.433,1915.163376,2592.596376,0.0913570666813275,0.16993813772113367,0.0,0.5360462248829434,0.0033856022021994834,0.025163626164075144,0.1073779754446436,0.06673136690367726,0.2612952044024611,0.7387047955975389
Gwh,2022,5,241.991,465.79275,0.0,1351.347,16.5145,31.27675,364.2315,146.8995,707.78375,1910.26925,2618.053,0.09243166582189132,0.17791570682488095,0.0,0.516164875195422,0.006307931886787625,0.01194656869054981,0.13912304296360692,0.05611020861686146,0.2703473726467723,0.7296526273532278
Gwh,2022,6,227.3905,492.6505,0.0,1240.538,14.0815,40.415875,406.6195,152.320375,720.041,1853.97525,2574.01625,0.0883407398846064,0.19139370235133518,0.0,0.4819464523582553,0.005470633683839409,0.01570148401355275,0.1579708364311997,0.05917615127721125,0.2797344422359416,0.7202655577640583
Gwh,2022,7,207.52975,583.55075,0.0,1329.70925,7.4725,42.011374,395.49475,153.82475,791.0805,1928.512624,2719.593124,0.07630911703981791,0.21457281416482946,0.0,0.4889368333319849,0.0027476536596803074,0.015447668855041568,0.14542423515849426,0.05656167779015167,0.2908819312046474,0.7091180687953527
