unit,year,month,coal,gas,oil,nuclear,hydro,wind,solar,other,fossil,low.carbon,total.prod,coal.perc,gas.perc,oil.perc,nuclear.perc,hydro.perc,wind.perc,solar.perc,other.perc,fossil.perc,low.carbon.perc
Gwh,2022,1,242.80925,914.61175,0.0,1443.70775,11.95175,85.961876,118.56975,174.57325,1157.421,1834.7643759999999,2992.1853760000004,0.08114779650604106,0.305666807055473,0.0,0.4824927498074905,0.003994321373222298,0.02872879357324952,0.039626471993024,0.058343059691499534,0.3868146035615141,0.6131853964384858
Gwh,2022,2,223.8795,851.352499,0.0,1079.35175,13.93925,84.64524899999999,172.471,154.77175,1075.2319989999999,1505.178999,2580.410998,0.08676117880970216,0.32992903055360484,0.0,0.41828675774385304,0.005401949538582768,0.03280301047608541,0.06683857731720923,0.059979495560962576,0.416690209363307,0.583309790636693
Gwh,2022,3,251.08325,777.653,0.0,1414.5325,19.98125,43.47175,296.5225,175.348,1028.73625,1949.856,2978.59225,0.08429594550915788,0.2610807169057799,0.0,0.47489967785956605,0.0067082864396763265,0.014594730111179198,0.09955122256159767,0.058869420613042955,0.34537666241493775,0.6546233375850622
Gwh,2022,4,236.852,440.581,0.0,1389.7515,8.7775,65.66687399999999,278.23375,173.0075,677.433,1915.437124,2592.870124,0.09134742145688744,0.16992019612625997,0.0,0.5359896306167629,0.003385244759756428,0.02532594031308295,0.10730724513527543,0.06672432159197496,0.2612676175831474,0.7387323824168526
Gwh,2022,5,186.18275,357.33575,0.0,1071.5305,12.0845,25.014,284.19525,117.00475,543.5185,1509.829,2053.3475,0.09067279162440844,0.17402595030797274,0.0,0.5218456690842637,0.005885267837031969,0.012182058808847504,0.13840582268709997,0.05698243965037579,0.2646987419323812,0.7353012580676189
