unit,year,month,coal,gas,oil,nuclear,hydro,wind,solar,other,fossil,low.carbon,total.prod,coal.perc,gas.perc,oil.perc,nuclear.perc,hydro.perc,wind.perc,solar.perc,other.perc,fossil.perc,low.carbon.perc
Gwh,2022,1,242.80925,914.61175,0.0,1443.70775,11.95175,85.961876,118.56975,174.57325,1157.421,1834.7643759999999,2992.1853760000004,0.08114779650604106,0.305666807055473,0.0,0.4824927498074905,0.003994321373222298,0.02872879357324952,0.039626471993024,0.058343059691499534,0.3868146035615141,0.6131853964384858
Gwh,2022,2,223.8795,851.488375,0.0,1079.35175,13.93925,84.64524899999999,172.471,154.77175,1075.367875,1505.178999,2580.5468739999997,0.08675661049046306,0.3299643124405421,0.0,0.41826473329156827,0.005401665104572714,0.032801283267834956,0.06683505800174046,0.05997633740327866,0.41672092293100504,0.5832790770689951
Gwh,2022,3,251.08325,777.653,0.0,1414.5325,19.98125,43.47175,296.5225,175.348,1028.73625,1949.856,2978.59225,0.08429594550915788,0.2610807169057799,0.0,0.47489967785956605,0.0067082864396763265,0.014594730111179198,0.09955122256159767,0.058869420613042955,0.34537666241493775,0.6546233375850622
Gwh,2022,4,236.852,440.581,0.0,1389.7515,8.7775,65.66687399999999,277.958373,173.0075,677.433,1915.1617469999999,2592.594747,0.09135712408353498,0.16993824449803221,0.0,0.5360465616958222,0.0033856043294683107,0.02532863035227001,0.10721242620800542,0.06673140883286685,0.2612953685815672,0.7387046314184327
Gwh,2022,5,31.35525,59.264,0.0,185.07,1.079,1.85975,45.41825,18.378,90.61925,251.805,342.42425,0.09156842717768968,0.17307185457805635,0.0,0.5404698995471261,0.0031510618771888967,0.005431128198426368,0.1326373643221822,0.05367026429933044,0.264640281755746,0.7353597182442541
