unit,year,month,coal,gas,oil,nuclear,hydro,wind,solar,other,fossil,low.carbon,total.prod,coal.perc,gas.perc,oil.perc,nuclear.perc,hydro.perc,wind.perc,solar.perc,other.perc,fossil.perc,low.carbon.perc
Gwh,2022,1,462.749,778.7185,242.522,0.0,105.520252,967.5985,0.0,0.0,1483.9895,1073.118752,2557.1082520000004,0.1809657450512971,0.30453090884632594,0.09484228906238731,0.0,0.04126546145141453,0.37839559558857494,0.0,0.0,0.5803389429600103,0.4196610570399895
Gwh,2022,2,301.6135,515.7925,119.0375,0.0,102.63624800000001,1471.58025,0.0,0.0,936.4435,1574.216498,2510.6599979999996,0.120133152334552,0.20544099974145527,0.04741283172346143,0.0,0.040880186119092346,0.5861328300814391,0.0,0.0,0.3729869837994687,0.6270130162005314
Gwh,2022,3,431.3215,738.2695,87.6,0.0,97.67225,912.0925,0.0,0.0,1257.191,1009.76475,2266.95575,0.1902646313233066,0.32566559801619416,0.03864213053122011,0.0,0.04308520358194023,0.40234243654733887,0.0,0.0,0.5545723598707208,0.4454276401292791
Gwh,2022,4,158.57,622.726,37.4915,0.0,33.774748,760.0425,0.0,0.0,818.7875,793.8172480000001,1612.6047480000002,0.09833159687559098,0.3861615816103252,0.023249032378515604,0.0,0.02094421961853234,0.47131356951703574,0.0,0.0,0.5077422108644318,0.4922577891355681
