unit,year,month,coal,gas,oil,nuclear,hydro,wind,solar,other,fossil,low.carbon,total.prod,coal.perc,gas.perc,oil.perc,nuclear.perc,hydro.perc,wind.perc,solar.perc,other.perc,fossil.perc,low.carbon.perc
Gwh,2022,1,462.749,778.7185,242.522,0.0,105.520252,967.35175,0.0,0.0,1483.9895,1072.872002,2556.861502,0.18098320915623844,0.3045602976113017,0.09485144182048855,0.0,0.041269443776075124,0.3783356076358961,0.0,0.0,0.5803949485880286,0.41960505141197124
Gwh,2022,2,301.6135,515.7925,119.0375,0.0,102.63624800000001,1471.34775,0.0,0.0,936.4435,1573.983998,2510.4274979999996,0.12014427831127909,0.20546002639427755,0.047417222801628196,0.0,0.0408839721847247,0.5860945003080906,0.0,0.0,0.3730215275071848,0.6269784724928154
Gwh,2022,3,431.3215,738.2695,87.6,0.0,97.67225,912.0925,0.0,0.0,1257.191,1009.76475,2266.95575,0.1902646313233066,0.32566559801619416,0.03864213053122011,0.0,0.04308520358194023,0.40234243654733887,0.0,0.0,0.5545723598707208,0.4454276401292791
Gwh,2022,4,217.9535,809.3585,48.7,0.0,42.608746,817.9,0.0,0.0,1076.012,860.5087460000001,1936.5207460000001,0.11254901371451663,0.4179446575368628,0.02514819430702861,0.0,0.02200273149048928,0.42235540295110263,0.0,0.0,0.555641865558408,0.444358134441592
Gwh,2022,5,54.1405,242.5305,14.984,0.0,8.512998,101.8835,0.0,0.0,311.655,110.396498,422.05149800000004,0.12827936935790712,0.5746466986832018,0.03550277648819054,0.0,0.020170519570102317,0.24140063590059804,0.0,0.0,0.7384288445292995,0.26157115547070037
