unit,year,month,coal,gas,oil,nuclear,hydro,wind,solar,other,fossil,low.carbon,total.prod,coal.perc,gas.perc,oil.perc,nuclear.perc,hydro.perc,wind.perc,solar.perc,other.perc,fossil.perc,low.carbon.perc
Gwh,2022,1,462.749,778.7185,242.522,0.0,105.520252,967.54525,0.0,0.0,1483.9895,1073.0655020000002,2557.0550020000005,0.1809695136154916,0.3045372506226598,0.094844264128191,0.0,0.04126632079383014,0.37838265083982725,0.0,0.0,0.5803510283663423,0.41964897163365744
Gwh,2022,2,301.6135,515.7925,119.0375,0.0,102.63624800000001,1471.58025,0.0,0.0,936.4435,1574.216498,2510.6599979999996,0.120133152334552,0.20544099974145527,0.04741283172346143,0.0,0.040880186119092346,0.5861328300814391,0.0,0.0,0.3729869837994687,0.6270130162005314
Gwh,2022,3,431.3215,738.2695,87.6,0.0,97.67225,912.0925,0.0,0.0,1257.191,1009.76475,2266.95575,0.1902646313233066,0.32566559801619416,0.03864213053122011,0.0,0.04308520358194023,0.40234243654733887,0.0,0.0,0.5545723598707208,0.4454276401292791
Gwh,2022,4,198.935,746.793167,45.018333,0.0,40.920746,800.221167,0.0,0.0,990.7465,841.141913,1831.8884130000001,0.10859558834929973,0.40766302232187324,0.02457482272420487,0.0,0.02233801235359416,0.43682855425102796,0.0,0.0,0.5408334333953778,0.45916656660462213
