unit,year,month,coal,gas,oil,nuclear,hydro,wind,solar,other,fossil,low.carbon,total.prod,coal.perc,gas.perc,oil.perc,nuclear.perc,hydro.perc,wind.perc,solar.perc,other.perc,fossil.perc,low.carbon.perc
Gwh,2022,1,1881.362,12214.335,136.299,0.0,2506.41,2498.515,1002.329,2604.3735,14231.996,8611.6275,22843.6235,0.08235830011819271,0.5346934123651617,0.005966610332200581,0.0,0.10972033399167166,0.10937472332268126,0.04387784626199954,0.11400877360809243,0.623018322815555,0.3769816771844449
Gwh,2022,2,2120.775,10215.556,58.514,0.0,1752.221,2200.7995,1360.985,2298.052,12394.845,7612.0575,20006.9025,0.1060021660024584,0.5106015786301753,0.002924690616151101,0.0,0.0875808236682315,0.11000201055610682,0.06802577260522961,0.1148629579216473,0.6195284352487848,0.38047156475121524
Gwh,2022,3,2337.384,11323.59,101.1985,0.0,1670.329,2009.1355,1892.574,2548.12,13762.1725,8120.1585,21882.331,0.10681604258705346,0.5174764059642458,0.004624667271507775,0.0,0.07633231578482201,0.09181542405148703,0.08648868349537352,0.11644646084551047,0.6289171158228071,0.37108288417719304
Gwh,2022,4,1759.02,8154.884,50.771,0.0,1910.8985,2380.0535,2337.031,2345.445,9964.675,8973.428,18938.103,0.09288258702574381,0.430607226077501,0.0026808915338563744,0.0,0.10090231846347018,0.12567539103573364,0.12340364819010648,0.12384793767358855,0.5261707046371011,0.4738292953628988
Gwh,2022,5,692.77,2353.855,61.7345,0.0,562.7505,184.436,325.543,659.948,3108.3595,1732.6775,4841.037,0.14310363667949655,0.4862295000017558,0.012752329717785671,0.0,0.11624585806718683,0.038098448741457666,0.06724654242469123,0.13632368436762618,0.6420854663990381,0.3579145336009619
