unit,year,month,coal,gas,oil,nuclear,hydro,wind,solar,other,fossil,low.carbon,total.prod,coal.perc,gas.perc,oil.perc,nuclear.perc,hydro.perc,wind.perc,solar.perc,other.perc,fossil.perc,low.carbon.perc
Gwh,2022,1,1881.362,12203.8935,136.299,0.0,2506.41,2498.515,1002.329,2604.3735,14221.5545,8611.6275,22833.182,0.08239596215717984,0.534480629988409,0.005969338833282194,0.0,0.10977050855198368,0.10942473983696183,0.04389791138177762,0.11406090925040584,0.622845930978871,0.377154069021129
Gwh,2022,2,2120.775,10215.556,58.514,0.0,1752.221,2200.7995,1360.985,2298.052,12394.845,7612.0575,20006.9025,0.1060021660024584,0.5106015786301753,0.002924690616151101,0.0,0.0875808236682315,0.11000201055610682,0.06802577260522961,0.1148629579216473,0.6195284352487848,0.38047156475121524
Gwh,2022,3,2337.384,11323.59,101.1985,0.0,1670.329,2009.1355,1892.574,2548.12,13762.1725,8120.1585,21882.331,0.10681604258705346,0.5174764059642458,0.004624667271507775,0.0,0.07633231578482201,0.09181542405148703,0.08648868349537352,0.11644646084551047,0.6289171158228071,0.37108288417719304
Gwh,2022,4,1759.605,8154.385,50.073,0.0,1911.4885,2378.107,2336.117,2344.419,9964.063,8970.1315,18934.1945,0.09293265683945519,0.4306697599414646,0.0026445804177199087,0.0,0.10095430782650933,0.12559853021473924,0.12338084939393645,0.12381931536617519,0.5262469971986397,0.4737530028013602
Gwh,2022,5,901.2315,3367.605,94.5705,0.0,929.205,271.8415,537.541,963.7805,4363.407,2702.368,7065.775,0.12754885345202757,0.4766080153981694,0.01338430674625218,0.0,0.13150786714833124,0.03847299128545701,0.07607672194486806,0.13640124402489465,0.6175411755964492,0.38245882440355095
