unit,year,month,coal,gas,oil,nuclear,hydro,wind,solar,other,fossil,low.carbon,total.prod,coal.perc,gas.perc,oil.perc,nuclear.perc,hydro.perc,wind.perc,solar.perc,other.perc,fossil.perc,low.carbon.perc
Gwh,2022,1,1881.362,12203.8935,136.299,0.0,2506.41,2496.1885,1002.329,2604.3735,14221.5545,8609.301,22830.8555,0.08240435843501352,0.5345350944032736,0.005969947118275966,0.0,0.10978169433904918,0.10933398882052404,0.0439023846478289,0.1140725322360347,0.6229093999565631,0.3770906000434368
Gwh,2022,2,2120.775,10215.556,58.514,0.0,1752.221,2199.0165,1360.985,2298.052,12394.845,7610.2745,20005.1195,0.10601161367718898,0.5106470871118766,0.00292495128559467,0.0,0.08758862950056359,0.10992268754005693,0.06803183555089486,0.11487319533382442,0.6195836520746602,0.3804163479253398
Gwh,2022,3,2337.384,11323.59,101.1985,0.0,1670.329,2009.1355,1892.574,2548.12,13762.1725,8120.1585,21882.331,0.10681604258705346,0.5174764059642458,0.004624667271507775,0.0,0.07633231578482201,0.09181542405148703,0.08648868349537352,0.11644646084551047,0.6289171158228071,0.37108288417719304
Gwh,2022,4,1765.09,8142.033,48.721,0.0,1914.8735,2358.302,2378.666,2341.883,9955.844,8993.7245,18949.5685,0.09314671202143732,0.4296685172541,0.002571087568563896,0.0,0.1010510344866164,0.1244514881697702,0.12552613005409596,0.12358503044541619,0.5253863168441012,0.47461368315589875
Gwh,2022,5,1613.0395,6139.926,122.5215,0.0,2443.08,681.0455,1663.305,1852.365,7875.487,6639.7955,14515.2825,0.1111269794439068,0.4229973477953323,0.008440862242949801,0.0,0.16831088199626842,0.046919203949354754,0.11458991583525847,0.1276148087369295,0.5425651894821889,0.45743481051781115
