unit,year,month,coal,gas,oil,nuclear,hydro,wind,solar,other,fossil,low.carbon,total.prod,coal.perc,gas.perc,oil.perc,nuclear.perc,hydro.perc,wind.perc,solar.perc,other.perc,fossil.perc,low.carbon.perc
Gwh,2022,1,1881.362,12242.8325,136.299,0.0,2506.41,2491.384,1002.329,2604.3735,14260.4935,8604.4965,22864.99,0.08228133928770578,0.5354400985961507,0.005961034752256616,0.0,0.10961780433754835,0.10896064244943907,0.04383684401348961,0.11390223656340982,0.6236824726361131,0.37631752736388685
Gwh,2022,2,2120.775,10215.68,58.514,0.0,1752.221,2189.2045,1360.985,2298.052,12394.969,7600.4625,19995.4315,0.10606297743562074,0.510900702492967,0.002926368455714497,0.0,0.08763106712650838,0.10948523416461405,0.06806479770141495,0.11492885262316047,0.6198900483843022,0.3801099516156978
Gwh,2022,3,2337.384,11323.59,101.1985,0.0,1671.4965,2008.763,1892.574,2548.12,13762.1725,8120.9535,21883.126,0.1068121620284049,0.5174576063767123,0.004624499260297637,0.0,0.07638289429033128,0.09179506620763413,0.0864855414167062,0.11644223041991349,0.6288942676654149,0.3711057323345851
Gwh,2022,4,1769.31,8138.419,46.57,0.0,1923.3375,2348.117,2426.044,2341.097,9954.299,9038.5955,18992.8945,0.09315641699584021,0.42849808911432646,0.00245196960368521,0.0,0.10126616035275719,0.12363134013091055,0.1277342955809079,0.12326172822157257,0.5241064757138519,0.4758935242861482
Gwh,2022,5,1982.771,7660.238,123.6165,0.0,3386.1655,1111.441,2593.745,2364.824,9766.6255,9456.1755,19222.801,0.10314683068299985,0.39849749263908,0.006430722557030061,0.0,0.1761535948897354,0.05781888914107783,0.1349306482442387,0.12302182184583818,0.5080750458791099,0.49192495412089005
Gwh,2022,6,2383.659,9654.901,64.1555,0.0,3528.505,1258.361,2664.73,2260.193,12102.7155,9711.789,21814.5045,0.10926945418356857,0.44259089176194677,0.0029409560964357455,0.0,0.16175040785363703,0.057684601545728444,0.12215404663443079,0.10360964192425275,0.5548013020419511,0.445198697958049
Gwh,2022,7,2392.921,9920.299,226.273,0.0,3071.3765,891.84,2510.109,2062.376,12539.493,8535.7015,21075.1945,0.11354206007446335,0.4707097246480928,0.010736460818902524,0.0,0.14573419476626892,0.04231704718075081,0.11910253070262292,0.09785798180889861,0.5949882455414587,0.4050117544585412
