unit,year,month,coal,gas,oil,nuclear,hydro,wind,solar,other,fossil,low.carbon,total.prod,coal.perc,gas.perc,oil.perc,nuclear.perc,hydro.perc,wind.perc,solar.perc,other.perc,fossil.perc,low.carbon.perc
Gwh,2022,1,1881.362,12203.8935,136.299,0.0,2506.41,2498.515,1002.329,2604.3735,14221.5545,8611.6275,22833.182,0.08239596215717984,0.534480629988409,0.005969338833282194,0.0,0.10977050855198368,0.10942473983696183,0.04389791138177762,0.11406090925040584,0.622845930978871,0.377154069021129
Gwh,2022,2,2120.775,10215.556,58.514,0.0,1752.221,2199.0165,1360.985,2298.052,12394.845,7610.2745,20005.1195,0.10601161367718898,0.5106470871118766,0.00292495128559467,0.0,0.08758862950056359,0.10992268754005693,0.06803183555089486,0.11487319533382442,0.6195836520746602,0.3804163479253398
Gwh,2022,3,2337.384,11323.59,101.1985,0.0,1670.329,2009.1355,1892.574,2548.12,13762.1725,8120.1585,21882.331,0.10681604258705346,0.5174764059642458,0.004624667271507775,0.0,0.07633231578482201,0.09181542405148703,0.08648868349537352,0.11644646084551047,0.6289171158228071,0.37108288417719304
Gwh,2022,4,1761.128,8152.703,49.714,0.0,1913.2065,2372.6205,2335.967,2343.72,9963.545,8965.514,18929.059,0.09303832800140778,0.4306977436120834,0.002626332349642948,0.0,0.10107245690343085,0.1253427600389433,0.12340639859593654,0.12381598049855513,0.5263624039631342,0.4736375960368658
Gwh,2022,5,1026.1555,3947.95,103.4345,0.0,1275.931,320.8485,824.311,1190.876,5077.54,3611.9665,8689.5065,0.11809134385249613,0.4543353526463212,0.011903380243745718,0.0,0.1468358415981391,0.03692367339848356,0.0948628095277908,0.13704759873302358,0.584330076742563,0.415669923257437
