unit,year,month,coal,gas,oil,nuclear,hydro,wind,solar,other,fossil,low.carbon,total.prod,coal.perc,gas.perc,oil.perc,nuclear.perc,hydro.perc,wind.perc,solar.perc,other.perc,fossil.perc,low.carbon.perc
Gwh,2022,1,1881.362,12233.377,136.299,0.0,2506.41,2491.384,1002.329,2604.3735,14251.038,8604.4965,22855.5345,0.08231537967313782,0.5352479068034921,0.00596350087546629,0.0,0.10966315401637182,0.10900572025563436,0.04385497963305124,0.11394935874284629,0.6235267873520962,0.3764732126479037
Gwh,2022,2,2120.775,10215.68,58.514,0.0,1752.221,2195.8015,1360.985,2298.052,12394.969,7607.0595,20002.0285,0.1060279961104945,0.5107321989867177,0.0029254032909712133,0.0,0.0876021649504199,0.10977894067094245,0.06804234880477247,0.1148909471856817,0.6196855983881834,0.3803144016118165
Gwh,2022,3,2337.384,11323.59,101.1985,0.0,1671.4965,2008.763,1892.574,2548.12,13762.1725,8120.9535,21883.126,0.1068121620284049,0.5174576063767123,0.004624499260297637,0.0,0.07638289429033128,0.09179506620763413,0.0864855414167062,0.11644223041991349,0.6288942676654149,0.3711057323345851
Gwh,2022,4,1769.31,8138.419,46.57,0.0,1923.3375,2349.255,2426.044,2341.097,9954.299,9039.7335,18994.0325,0.09315083566378018,0.42847241627074184,0.002451822697470903,0.0,0.10126009313714715,0.12368384649231279,0.12772664256523725,0.12325434317330983,0.524075074631993,0.475924925368007
Gwh,2022,5,1961.207,7477.6245,122.067,0.0,3312.0745,1108.271,2537.6315,2361.875,9560.8985,9319.852,18880.7505,0.1038733603306712,0.3960448765000099,0.0064651561387880216,0.0,0.17542070162941883,0.05869846116551353,0.13440310542740344,0.12509433880819515,0.5063833929694691,0.493616607030531
Gwh,2022,6,2384.488,9666.365,64.6525,0.0,3527.2415,1257.344,2670.423,2261.275,12115.5055,9716.2835,21831.789,0.10922091634359418,0.4427655928701033,0.0029613926737749254,0.0,0.16156447371307958,0.05759234847863361,0.12231810228653271,0.10357717363428165,0.5549479018874723,0.44505209811252755
Gwh,2022,7,2131.973,8505.151,199.6625,0.0,2669.7675,796.469,2267.444,1811.511,10836.7865,7545.1915,18381.978,0.11598169685547442,0.46268965178828964,0.010861861547217607,0.0,0.1452383143968511,0.043328797368814176,0.12335146957525464,0.09854820846809849,0.5895332101909817,0.4104667898090184
