unit,year,month,coal,gas,oil,nuclear,hydro,wind,solar,other,fossil,low.carbon,total.prod,coal.perc,gas.perc,oil.perc,nuclear.perc,hydro.perc,wind.perc,solar.perc,other.perc,fossil.perc,low.carbon.perc
Gwh,2022,1,1881.362,12244.3775,136.299,0.0,2506.41,2491.384,1002.329,2604.3735,14262.0385,8604.4965,22866.535,0.08227577986782869,0.5354714870442767,0.005960631989061745,0.0,0.1096103979024369,0.10895328041611901,0.04383388213386943,0.11389454064640751,0.6237078989011672,0.3762921010988328
Gwh,2022,2,2120.775,10215.68,58.514,0.0,1752.221,2189.2045,1360.985,2298.052,12394.969,7600.4625,19995.4315,0.10606297743562074,0.510900702492967,0.002926368455714497,0.0,0.08763106712650838,0.10948523416461405,0.06806479770141495,0.11492885262316047,0.6198900483843022,0.3801099516156978
Gwh,2022,3,2337.384,11323.59,101.1985,0.0,1671.4965,2008.763,1892.574,2548.12,13762.1725,8120.9535,21883.126,0.1068121620284049,0.5174576063767123,0.004624499260297637,0.0,0.07638289429033128,0.09179506620763413,0.0864855414167062,0.11644223041991349,0.6288942676654149,0.3711057323345851
Gwh,2022,4,1769.31,8138.419,46.57,0.0,1923.3375,2348.117,2426.044,2341.097,9954.299,9038.5955,18992.8945,0.09315641699584021,0.42849808911432646,0.00245196960368521,0.0,0.10126616035275719,0.12363134013091055,0.1277342955809079,0.12326172822157257,0.5241064757138519,0.4758935242861482
Gwh,2022,5,1982.771,7660.238,123.6165,0.0,3386.1655,1111.441,2593.745,2364.824,9766.6255,9456.1755,19222.801,0.10314683068299985,0.39849749263908,0.006430722557030061,0.0,0.1761535948897354,0.05781888914107783,0.1349306482442387,0.12302182184583818,0.5080750458791099,0.49192495412089005
Gwh,2022,6,2383.674,9650.252,64.1415,0.0,3527.9195,1259.144,2665.983,2259.437,12098.0675,9712.4835,21810.551,0.1092899487041845,0.44245796449617436,0.0029408472990893257,0.0,0.16175288281346034,0.057730957828621574,0.12223363820565561,0.10359376065281432,0.5546887604994482,0.44531123950055185
Gwh,2022,7,2637.406,11089.059,254.041,0.0,3401.7329,955.545,2770.705,2310.829,13980.506,9438.8119,23419.3179,0.11261668726910275,0.47350051130225274,0.010847497825715924,0.0,0.14525328681754648,0.04080157261967053,0.11830852682519845,0.09867191734051317,0.5969646963970714,0.40303530360292866
