unit,year,month,coal,oil,gas,nuclear,hydro,wind,solar,other,fossil,low.carbon,total.prod,coal.perc,oil.perc,gas.perc,nuclear.perc,hydro.perc,wind.perc,solar.perc,other.perc,fossil.perc,low.carbon.perc
Gwh,2022,1,1881.362,136.299,12203.8935,0.0,2505.0925,2496.1885,21.5455,2604.3735,14221.5545,7627.2,21848.7545,0.08610843240515152,0.006238296100585505,0.5585624343026052,0.0,0.11465607799291261,0.11424854904200604,0.0009861202843393202,0.11920008987239983,0.6509091628083423,0.3490908371916578
Gwh,2022,2,2121.401,59.286,10217.269,0.0,1745.713,2202.1105,21.407,2300.04,12397.956,6269.2705,18667.2265,0.11364307386531147,0.003175940464428393,0.5473372811970755,0.0,0.09351753459465442,0.11796666741039434,0.001146769178592224,0.12321273328954357,0.6641562955268154,0.33584370447318457
Gwh,2022,3,2333.789,104.1175,11329.38,0.0,1665.774,2036.725,17.4965,2555.576,13767.2865,6275.5715,20042.858,0.11643993087213411,0.00519474318482923,0.5652577092548378,0.0,0.083110602290352,0.10161849173406307,0.0008729543461316744,0.1275055683176521,0.6868923833118011,0.31310761668819886
Gwh,2022,4,527.808,16.66,2271.846,0.0,410.9415,384.896,4.285,500.905,2816.314,1301.0275,4117.3415,0.12819145557880005,0.004046300264381761,0.5517749742157652,0.0,0.09980748499972615,0.09348167986551516,0.0010407200860069537,0.12165738498980469,0.6840127300589469,0.3159872699410529
