unit,year,month,coal,gas,oil,nuclear,hydro,wind,solar,other,fossil,low.carbon,total.prod,coal.perc,gas.perc,oil.perc,nuclear.perc,hydro.perc,wind.perc,solar.perc,other.perc,fossil.perc,low.carbon.perc
Gwh,2022,1,1881.362,12214.466,136.299,0.0,2506.41,2498.515,1002.329,2604.3735,14232.127,8611.6275,22843.7545,0.08235782782554418,0.534696080716504,0.00596657611602331,0.0,0.1097197047884576,0.10937409610140925,0.04387759463970776,0.11400811981235398,0.6230204846580715,0.37697951534192864
Gwh,2022,2,2120.775,10215.556,58.514,0.0,1752.221,2201.163,1360.985,2298.052,12394.845,7612.421,20007.266,0.10600024011276704,0.51059230181675,0.0029246374792038054,0.0,0.08757923246484553,0.11001818039506248,0.06802453668582203,0.11486087104554916,0.6195171794087208,0.3804828205912792
Gwh,2022,3,2337.234,11325.444,101.5305,0.0,1669.057,2013.6475,1892.222,2549.015,13764.2085,8123.9415,21888.15,0.10678079234654367,0.5174235373935211,0.004638605820957916,0.0,0.07625390907865671,0.09199715371102628,0.08644960857815757,0.11645639307113666,0.6288429355610228,0.3711570644389772
Gwh,2022,4,1759.02,8154.884,50.771,0.0,1910.8985,2380.746,2337.031,2345.445,9964.675,8974.1205,18938.7955,0.09287919075951794,0.43059148085737553,0.0026807935066409053,0.0,0.10089862895451825,0.12570736085090523,0.12339913591653703,0.1238434091545051,0.5261514651235344,0.47384853487646567
Gwh,2022,5,521.214,1610.931,38.3905,0.0,377.2025,100.694,325.452,450.696,2170.5355,1254.0445,3424.58,0.15219793376122037,0.4704025019126433,0.01121027980073469,0.0,0.11014562369692049,0.029403313691021966,0.09503413557282937,0.13160621156462984,0.6338107154745983,0.36618928452540167
