unit,year,month,coal,gas,oil,nuclear,hydro,wind,solar,other,fossil,low.carbon,total.prod,coal.perc,gas.perc,oil.perc,nuclear.perc,hydro.perc,wind.perc,solar.perc,other.perc,fossil.perc,low.carbon.perc
Gwh,2022,1,1881.362,12223.712,136.299,0.0,2506.41,2493.596,1002.329,2604.3735,14241.373,8606.7085,22848.0815,0.08234223079079966,0.5349994921893113,0.005965446157919211,0.0,0.10969892592513729,0.10913809109093033,0.04386928504259756,0.11398652880330457,0.6233071691380302,0.37669283086196975
Gwh,2022,2,2120.775,10215.68,58.514,0.0,1752.221,2197.1475,1360.985,2298.052,12394.969,7608.4055,20003.3745,0.10602086163012145,0.51069783250821,0.0029252064445426445,0.0,0.08759627031929038,0.10983884244130908,0.06803777032720153,0.11488321632932483,0.6196439005828741,0.3803560994171258
Gwh,2022,3,2337.384,11323.59,101.1985,0.0,1671.4965,2008.763,1892.574,2548.12,13762.1725,8120.9535,21883.126,0.1068121620284049,0.5174576063767123,0.004624499260297637,0.0,0.07638289429033128,0.09179506620763413,0.0864855414167062,0.11644223041991349,0.6288942676654149,0.3711057323345851
Gwh,2022,4,1769.31,8138.419,46.57,0.0,1923.3375,2352.319,2426.044,2341.097,9954.299,9042.7975,18997.0965,0.09313581156994176,0.4284033088951251,0.0024514272483692444,0.0,0.10124376111896889,0.12382518560138914,0.12770604181539005,0.12323446375081583,0.5239905477134361,0.47600945228656394
Gwh,2022,5,1961.207,7477.6245,122.067,0.0,3312.0745,1108.271,2537.6315,2361.875,9560.8985,9319.852,18880.7505,0.1038733603306712,0.3960448765000099,0.0064651561387880216,0.0,0.17542070162941883,0.05869846116551353,0.13440310542740344,0.12509433880819515,0.5063833929694691,0.493616607030531
Gwh,2022,6,2385.682,9672.352,65.7705,0.0,3536.6145,1264.1115,2657.988,2266.205,12123.8045,9724.919,21848.7235,0.10919090994034501,0.4426964348741015,0.0030102673961707647,0.0,0.1618682436985392,0.05785745331987015,0.12165415521872479,0.10372253555224863,0.5548976122106173,0.44510238778938277
Gwh,2022,7,899.695,3462.567,80.642,0.0,1240.645,533.475,1030.977,802.455,4442.904,3607.552,8050.456,0.11175702345308142,0.43010818269176304,0.010017072324847187,0.0,0.154108661670842,0.06626643260953169,0.12806442268611865,0.09967820456381601,0.5518822784696917,0.4481177215303084
