unit,year,month,coal,gas,oil,nuclear,hydro,wind,solar,other,fossil,low.carbon,total.prod,coal.perc,gas.perc,oil.perc,nuclear.perc,hydro.perc,wind.perc,solar.perc,other.perc,fossil.perc,low.carbon.perc
Gwh,2022,1,1881.362,12214.335,136.299,0.0,2506.41,2496.1885,1002.329,2604.3735,14231.996,8609.301,22841.297,0.08236668872174817,0.5347478735555166,0.005967218061216051,0.0,0.10973150955482082,0.1092840086970543,0.04388231543944287,0.11402038597020127,0.6230817803384808,0.3769182196615192
Gwh,2022,2,2120.775,10215.556,58.514,0.0,1752.221,2199.0165,1360.985,2298.052,12394.845,7610.2745,20005.1195,0.10601161367718898,0.5106470871118766,0.00292495128559467,0.0,0.08758862950056359,0.10992268754005693,0.06803183555089486,0.11487319533382442,0.6195836520746602,0.3804163479253398
Gwh,2022,3,2337.384,11323.59,101.1985,0.0,1670.329,2009.1355,1892.574,2548.12,13762.1725,8120.1585,21882.331,0.10681604258705346,0.5174764059642458,0.004624667271507775,0.0,0.07633231578482201,0.09181542405148703,0.08648868349537352,0.11644646084551047,0.6289171158228071,0.37108288417719304
Gwh,2022,4,1766.632,8134.825,47.955,0.0,1914.608,2356.6745,2385.801,2340.613,9949.412,8997.6965,18947.1085,0.09324019018522009,0.4293438758742528,0.0025309930536366538,0.0,0.10105014176701421,0.124381749331303,0.12591900236386994,0.12353404742470335,0.5251150591131096,0.47488494088689054
Gwh,2022,5,1972.9225,7421.513,133.2915,0.0,3045.6205,899.3015,2043.725,2239.3735,9527.727,8228.0205,17755.7475,0.11111458416493024,0.4179780659755383,0.0075069495102923715,0.0,0.1715287120409884,0.05064847312116823,0.11510216621406673,0.12612104897301563,0.536599599650761,0.463400400349239
