unit,year,month,coal,gas,oil,nuclear,hydro,wind,solar,other,fossil,low.carbon,total.prod,coal.perc,gas.perc,oil.perc,nuclear.perc,hydro.perc,wind.perc,solar.perc,other.perc,fossil.perc,low.carbon.perc
Gwh,2022,1,1881.362,12203.8935,136.299,0.0,2506.41,2498.515,1002.329,2604.3735,14221.5545,8611.6275,22833.182,0.08239596215717984,0.534480629988409,0.005969338833282194,0.0,0.10977050855198368,0.10942473983696183,0.04389791138177762,0.11406090925040584,0.622845930978871,0.377154069021129
Gwh,2022,2,2120.775,10215.556,58.514,0.0,1752.221,2199.0165,1360.985,2298.052,12394.845,7610.2745,20005.1195,0.10601161367718898,0.5106470871118766,0.00292495128559467,0.0,0.08758862950056359,0.10992268754005693,0.06803183555089486,0.11487319533382442,0.6195836520746602,0.3804163479253398
Gwh,2022,3,2337.384,11323.59,101.1985,0.0,1670.329,2009.1355,1892.574,2548.12,13762.1725,8120.1585,21882.331,0.10681604258705346,0.5174764059642458,0.004624667271507775,0.0,0.07633231578482201,0.09181542405148703,0.08648868349537352,0.11644646084551047,0.6289171158228071,0.37108288417719304
Gwh,2022,4,1762.294,8149.631,49.332,0.0,1914.9825,2369.158,2351.211,2342.887,9961.257,8978.2385,18939.4955,0.09304862423605739,0.4302982093688821,0.0026047156324728923,0.0,0.10111053380487352,0.12509087161271004,0.12414327509410161,0.12370377025090241,0.5259515492374123,0.47404845076258756
Gwh,2022,5,1215.5355,4728.705,106.9115,0.0,1647.1225,457.1825,1110.619,1422.351,6051.152,4637.275,10688.427,0.11372445168966397,0.442413556269786,0.010002547615285205,0.0,0.15410335870750672,0.042773599894540146,0.10390855455157245,0.13307393127164552,0.5661405555747352,0.4338594444252648
