unit,year,month,coal,gas,oil,nuclear,hydro,wind,solar,other,fossil,low.carbon,total.prod,coal.perc,gas.perc,oil.perc,nuclear.perc,hydro.perc,wind.perc,solar.perc,other.perc,fossil.perc,low.carbon.perc
Gwh,2022,1,1881.362,12223.712,136.299,0.0,2506.41,2493.596,1002.329,2604.3735,14241.373,8606.7085,22848.0815,0.08234223079079966,0.5349994921893113,0.005965446157919211,0.0,0.10969892592513729,0.10913809109093033,0.04386928504259756,0.11398652880330457,0.6233071691380302,0.37669283086196975
Gwh,2022,2,2120.775,10215.68,58.514,0.0,1752.221,2197.1475,1360.985,2298.052,12394.969,7608.4055,20003.3745,0.10602086163012145,0.51069783250821,0.0029252064445426445,0.0,0.08759627031929038,0.10983884244130908,0.06803777032720153,0.11488321632932483,0.6196439005828741,0.3803560994171258
Gwh,2022,3,2337.384,11323.59,100.3005,0.0,1671.4965,2008.763,1892.574,2548.12,13761.2745,8120.9535,21882.228,0.1068165453718881,0.5174788417340319,0.00458365117116959,0.0,0.07638602888151974,0.09179883328151045,0.08648909059900117,0.11644700896087912,0.6288790382770896,0.3711209617229105
Gwh,2022,4,1769.31,8138.419,46.57,0.0,1923.3375,2352.319,2426.044,2341.097,9954.299,9042.7975,18997.0965,0.09313581156994176,0.4284033088951251,0.0024514272483692444,0.0,0.10124376111896889,0.12382518560138914,0.12770604181539005,0.12323446375081583,0.5239905477134361,0.47600945228656394
Gwh,2022,5,1960.922,7481.1995,123.076,0.0,3312.46,1108.653,2537.7855,2362.624,9565.1975,9321.5225,18886.72,0.10382543925043627,0.3961089855729316,0.006516536487013096,0.0,0.17538566781315124,0.05870013427424137,0.1343687786974128,0.12509445790481352,0.506450961310381,0.49354903868961886
Gwh,2022,6,2385.679,9672.6,65.7695,0.0,3536.624,1264.1355,2656.473,2266.54,12124.0485,9723.7725,21847.821,0.10919528313601617,0.44272607323174246,0.0030103459745482166,0.0,0.1618753650535676,0.05786094183030885,0.12158983726569345,0.1037421535081233,0.5549317023423068,0.4450682976576931
Gwh,2022,7,661.143,2886.475,55.522833,0.0,942.2215,317.142,728.703,591.527,3603.140833,2579.5935,6182.734333,0.10693375525957602,0.4668605902397585,0.008980303860647864,0.0,0.15239559865461874,0.051294780418959976,0.11786095936721529,0.0956740121992235,0.5827746493599825,0.41722535064001753
