unit,year,month,coal,gas,oil,nuclear,hydro,wind,solar,other,fossil,low.carbon,total.prod,coal.perc,gas.perc,oil.perc,nuclear.perc,hydro.perc,wind.perc,solar.perc,other.perc,fossil.perc,low.carbon.perc
Gwh,2022,1,1881.362,12233.377,136.299,0.0,2506.41,2492.737,1002.329,2604.3735,14251.038,8605.8495,22856.8875,0.08231050706269609,0.5352162231187426,0.005963147869542605,0.0,0.10965666257052714,0.1090584621375067,0.04385238366334874,0.11394261357763606,0.6234898780509813,0.3765101219490187
Gwh,2022,2,2120.775,10215.68,58.514,0.0,1752.221,2197.093,1360.985,2298.052,12394.969,7608.351,20003.32,0.10602115048901883,0.5106992239288278,0.0029252144144072084,0.0,0.08759650897950941,0.1098364171547523,0.0680379556993539,0.11488352933413054,0.6196455888322538,0.38035441116774615
Gwh,2022,3,2337.384,11323.59,101.1985,0.0,1671.4965,2008.763,1892.574,2548.12,13762.1725,8120.9535,21883.126,0.1068121620284049,0.5174576063767123,0.004624499260297637,0.0,0.07638289429033128,0.09179506620763413,0.0864855414167062,0.11644223041991349,0.6288942676654149,0.3711057323345851
Gwh,2022,4,1769.31,8138.419,46.57,0.0,1923.3375,2350.2015,2426.044,2341.097,9954.299,9040.68,18994.979,0.0931461940547552,0.42845106593695104,0.0024517005257020815,0.0,0.10125504745227674,0.12372751241262231,0.12772027807980205,0.12324820153789064,0.5240489605174083,0.4759510394825917
Gwh,2022,5,1961.207,7477.6245,122.067,0.0,3312.0745,1108.271,2537.6315,2361.875,9560.8985,9319.852,18880.7505,0.1038733603306712,0.3960448765000099,0.0064651561387880216,0.0,0.17542070162941883,0.05869846116551353,0.13440310542740344,0.12509433880819515,0.5063833929694691,0.493616607030531
Gwh,2022,6,2384.996,9670.4,64.8495,0.0,3528.7495,1258.5675,2670.606,2262.051,12120.2455,9719.974,21840.2195,0.10920201603285169,0.442779432688394,0.002969269608302243,0.0,0.1615711554547334,0.05762613786917298,0.12227926555408476,0.10357272279246095,0.554950718329548,0.4450492816704521
Gwh,2022,7,1845.098,7326.999,170.7555,0.0,2331.2605,738.76,1993.309,1594.024,9342.8525,6657.3535,16000.206,0.11531714029181873,0.4579315416314015,0.01067208134695266,0.0,0.14570190533796876,0.04617190553671621,0.12458020852981518,0.09962521732532693,0.583920763270173,0.4160792367298271
