unit,year,month,coal,gas,oil,nuclear,hydro,wind,solar,other,fossil,low.carbon,total.prod,coal.perc,gas.perc,oil.perc,nuclear.perc,hydro.perc,wind.perc,solar.perc,other.perc,fossil.perc,low.carbon.perc
Gwh,2022,1,1881.362,12203.8935,136.299,0.0,2506.41,2498.515,1002.329,2604.3735,14221.5545,8611.6275,22833.182,0.08239596215717984,0.534480629988409,0.005969338833282194,0.0,0.10977050855198368,0.10942473983696183,0.04389791138177762,0.11406090925040584,0.622845930978871,0.377154069021129
Gwh,2022,2,2120.775,10215.556,58.514,0.0,1752.221,2199.0165,1360.985,2298.052,12394.845,7610.2745,20005.1195,0.10601161367718898,0.5106470871118766,0.00292495128559467,0.0,0.08758862950056359,0.10992268754005693,0.06803183555089486,0.11487319533382442,0.6195836520746602,0.3804163479253398
Gwh,2022,3,2337.384,11323.59,101.1985,0.0,1670.329,2009.1355,1892.574,2548.12,13762.1725,8120.1585,21882.331,0.10681604258705346,0.5174764059642458,0.004624667271507775,0.0,0.07633231578482201,0.09181542405148703,0.08648868349537352,0.11644646084551047,0.6289171158228071,0.37108288417719304
Gwh,2022,4,1763.35,8147.539,49.331,0.0,1915.0035,2368.215,2364.163,2342.738,9960.22,8990.1195,18950.3395,0.09305110338524543,0.42994158495155194,0.002603172360051914,0.0,0.10105378323169356,0.12496952891002298,0.12475570688324608,0.12362512027818816,0.5255958606968493,0.47440413930315084
Gwh,2022,5,1337.6735,5145.53,108.0195,0.0,1914.5795,514.9205,1312.143,1555.941,6591.223,5297.584,11888.807,0.11251536844697706,0.43280456987820554,0.009085814918183128,0.0,0.16104050641918907,0.04331136841568712,0.11036792842208641,0.1308744434996716,0.5544057532433657,0.44559424675663417
