unit,year,month,coal,gas,oil,nuclear,hydro,wind,solar,other,fossil,low.carbon,total.prod,coal.perc,gas.perc,oil.perc,nuclear.perc,hydro.perc,wind.perc,solar.perc,other.perc,fossil.perc,low.carbon.perc
Gwh,2022,1,1881.362,12203.8935,136.299,0.0,2506.41,2496.1885,1002.329,2604.3735,14221.5545,8609.301,22830.8555,0.08240435843501352,0.5345350944032736,0.005969947118275966,0.0,0.10978169433904918,0.10933398882052404,0.0439023846478289,0.1140725322360347,0.6229093999565631,0.3770906000434368
Gwh,2022,2,2120.775,10215.556,58.514,0.0,1752.221,2199.0165,1360.985,2298.052,12394.845,7610.2745,20005.1195,0.10601161367718898,0.5106470871118766,0.00292495128559467,0.0,0.08758862950056359,0.10992268754005693,0.06803183555089486,0.11487319533382442,0.6195836520746602,0.3804163479253398
Gwh,2022,3,2337.384,11323.59,101.1985,0.0,1670.329,2009.1355,1892.574,2548.12,13762.1725,8120.1585,21882.331,0.10681604258705346,0.5174764059642458,0.004624667271507775,0.0,0.07633231578482201,0.09181542405148703,0.08648868349537352,0.11644646084551047,0.6289171158228071,0.37108288417719304
Gwh,2022,4,1765.454,8143.282,48.722,0.0,1914.927,2359.565,2377.018,2341.882,9957.458,8993.392,18950.85,0.09315962080856532,0.4297053694161476,0.0025709664737993284,0.0,0.10104702427595597,0.12450971856143657,0.12543067989034792,0.12357662057374737,0.5254359566985123,0.4745640433014878
Gwh,2022,5,1530.3755,5827.039,117.5735,0.0,2308.4985,639.8665,1583.399,1776.288,7474.988,6308.052,13783.04,0.11103323359723254,0.42276877960159726,0.008530302458673847,0.0,0.16748834074340638,0.04642419234073179,0.1148802441261144,0.12887490713224367,0.5423323156575037,0.4576676843424962
