unit,year,month,coal,gas,oil,nuclear,hydro,wind,solar,other,fossil,low.carbon,total.prod,coal.perc,gas.perc,oil.perc,nuclear.perc,hydro.perc,wind.perc,solar.perc,other.perc,fossil.perc,low.carbon.perc
Gwh,2022,1,1881.362,12222.164,135.9635,0.0,2506.41,2493.596,1002.329,2604.3735,14239.4895,8606.7085,22846.198,0.08234901929852836,0.5349758414945016,0.005951252808016459,0.0,0.1097079697899843,0.10914708871909452,0.04387290174058721,0.11399592614928751,0.6232761136010464,0.3767238863989536
Gwh,2022,2,2120.775,10215.68,58.514,0.0,1752.221,2197.1475,1360.985,2298.052,12394.969,7608.4055,20003.3745,0.10602086163012145,0.51069783250821,0.0029252064445426445,0.0,0.08759627031929038,0.10983884244130908,0.06803777032720153,0.11488321632932483,0.6196439005828741,0.3803560994171258
Gwh,2022,3,2337.384,11323.59,100.1725,0.0,1671.4965,2008.763,1892.574,2548.12,13761.1465,8120.9535,21882.1,0.10681717019847273,0.5174818687420312,0.004577828453393413,0.0,0.07638647570388583,0.09179937026153798,0.08648959651952967,0.11644769012114925,0.6288768673938974,0.3711231326061027
Gwh,2022,4,1769.31,8138.419,46.57,0.0,1923.3375,2352.319,2426.044,2341.097,9954.299,9042.7975,18997.0965,0.09313581156994176,0.4284033088951251,0.0024514272483692444,0.0,0.10124376111896889,0.12382518560138914,0.12770604181539005,0.12323446375081583,0.5239905477134361,0.47600945228656394
Gwh,2022,5,1983.9885,7639.637,126.812,0.0,3331.196,1119.997,2413.404,2349.838,9750.4375,9214.435,18964.8725,0.10461385912296535,0.4028309180565279,0.006686678225756592,0.0,0.17565085133053226,0.05905639492171645,0.1272565370529119,0.12390476128958948,0.5141314554052498,0.48586854459475004
Gwh,2022,6,2385.679,9672.6,65.7695,0.0,3536.624,1264.1355,2656.473,2266.54,12124.0485,9723.7725,21847.821,0.10919528313601617,0.44272607323174246,0.0030103459745482166,0.0,0.1618753650535676,0.05786094183030885,0.12158983726569345,0.1037421535081233,0.5549317023423068,0.4450682976576931
Gwh,2022,7,244.22,931.948,14.568,0.0,329.425,83.937,277.168,199.587,1190.736,890.117,2080.853,0.11736533046784178,0.44786825402851616,0.007000975080892307,0.0,0.15831248050679217,0.04033778455277715,0.1331992216653459,0.09591595369783448,0.5722345595772503,0.42776544042274967
