unit,year,month,coal,gas,oil,nuclear,hydro,wind,solar,other,fossil,low.carbon,total.prod,coal.perc,gas.perc,oil.perc,nuclear.perc,hydro.perc,wind.perc,solar.perc,other.perc,fossil.perc,low.carbon.perc
Gwh,2022,1,1881.362,12223.712,136.299,0.0,2506.41,2493.596,1002.329,2604.3735,14241.373,8606.7085,22848.0815,0.08234223079079966,0.5349994921893113,0.005965446157919211,0.0,0.10969892592513729,0.10913809109093033,0.04386928504259756,0.11398652880330457,0.6233071691380302,0.37669283086196975
Gwh,2022,2,2120.775,10215.68,58.514,0.0,1752.221,2197.1475,1360.985,2298.052,12394.969,7608.4055,20003.3745,0.10602086163012145,0.51069783250821,0.0029252064445426445,0.0,0.08759627031929038,0.10983884244130908,0.06803777032720153,0.11488321632932483,0.6196439005828741,0.3803560994171258
Gwh,2022,3,2337.384,11323.59,100.3005,0.0,1671.4965,2008.763,1892.574,2548.12,13761.2745,8120.9535,21882.228,0.1068165453718881,0.5174788417340319,0.00458365117116959,0.0,0.07638602888151974,0.09179883328151045,0.08648909059900117,0.11644700896087912,0.6288790382770896,0.3711209617229105
Gwh,2022,4,1769.31,8138.419,46.57,0.0,1923.3375,2352.319,2426.044,2341.097,9954.299,9042.7975,18997.0965,0.09313581156994176,0.4284033088951251,0.0024514272483692444,0.0,0.10124376111896889,0.12382518560138914,0.12770604181539005,0.12323446375081583,0.5239905477134361,0.47600945228656394
Gwh,2022,5,1961.2,7479.3195,123.076,0.0,3312.4175,1108.471,2538.0535,2362.228,9563.5955,9321.17,18884.7655,0.10385090564137531,0.39605043017346436,0.006517210923270399,0.0,0.17540156905840318,0.05869657211258461,0.13439687667818803,0.12508643541271403,0.50641854673811,0.49358145326188985
Gwh,2022,6,2385.679,9672.6,65.7695,0.0,3536.624,1264.1355,2656.473,2266.54,12124.0485,9723.7725,21847.821,0.10919528313601617,0.44272607323174246,0.0030103459745482166,0.0,0.1618753650535676,0.05786094183030885,0.12158983726569345,0.1037421535081233,0.5549317023423068,0.4450682976576931
Gwh,2022,7,734.592,3015.801,63.9035,0.0,1040.574,440.883,831.162,664.096,3814.2965,2976.715,6791.0115,0.10817122014886885,0.4440871584446588,0.009410012043124947,0.0,0.1532281310376223,0.06492155108263327,0.12239148763037731,0.09779043961271455,0.5616683906366526,0.4383316093633475
