unit,year,month,coal,gas,oil,nuclear,hydro,wind,solar,other,fossil,low.carbon,total.prod,coal.perc,gas.perc,oil.perc,nuclear.perc,hydro.perc,wind.perc,solar.perc,other.perc,fossil.perc,low.carbon.perc
Gwh,2022,1,1881.362,12213.781,136.299,0.0,2506.41,2498.515,21.5455,2604.3735,14231.442,7630.844,21862.286,0.08605513622866337,0.5586689790811447,0.00623443495341704,0.0,0.11464537605994175,0.11428425188472971,0.0009855099324928784,0.11912631185961066,0.6509585502632249,0.34904144973677503
Gwh,2022,2,2120.775,10215.556,58.514,0.0,1752.221,2202.336,21.382,2298.052,12394.845,6273.991,18668.836,0.11359974451540525,0.5471983363076306,0.003134314319328747,0.0,0.09385807449377133,0.11796857608047978,0.0011453311818690787,0.12309562310151528,0.6639323951423645,0.3360676048576355
Gwh,2022,3,2336.486,11326.918,102.1735,0.0,1667.2665,2021.6105,17.5715,2550.361,13765.5775,6256.8095,20022.387,0.11669367893048915,0.5657126695233691,0.005102962998367777,0.0,0.0832701165949894,0.10096750702101603,0.000877592666648587,0.12737547226512003,0.6875093114522259,0.31249068854777406
Gwh,2022,4,1759.02,8154.884,50.771,0.0,1910.8985,2380.8905,52.128,2345.445,9964.675,6689.362,16654.037,0.1056212376614751,0.48966409765992475,0.0030485701454848455,0.0,0.1147408583276235,0.14296176356519444,0.003130051890721751,0.1408334207495756,0.5983339054668847,0.4016660945331153
