unit,year,month,coal,gas,oil,nuclear,hydro,wind,solar,other,fossil,low.carbon,total.prod,coal.perc,gas.perc,oil.perc,nuclear.perc,hydro.perc,wind.perc,solar.perc,other.perc,fossil.perc,low.carbon.perc
Gwh,2022,1,1881.362,12233.377,136.299,0.0,2506.41,2492.737,1002.329,2604.3735,14251.038,8605.8495,22856.8875,0.08231050706269609,0.5352162231187426,0.005963147869542605,0.0,0.10965666257052714,0.1090584621375067,0.04385238366334874,0.11394261357763606,0.6234898780509813,0.3765101219490187
Gwh,2022,2,2120.775,10215.68,58.514,0.0,1752.221,2196.2065,1360.985,2298.052,12394.969,7607.4645,20002.4335,0.10602584930478585,0.5107218579179379,0.0029253440587616504,0.0,0.08760039122239802,0.10979696545422835,0.0680409711148396,0.11488862092704871,0.6196730512814853,0.3803269487185147
Gwh,2022,3,2337.384,11323.59,101.1985,0.0,1671.4965,2008.763,1892.574,2548.12,13762.1725,8120.9535,21883.126,0.1068121620284049,0.5174576063767123,0.004624499260297637,0.0,0.07638289429033128,0.09179506620763413,0.0864855414167062,0.11644223041991349,0.6288942676654149,0.3711057323345851
Gwh,2022,4,1769.31,8138.419,46.57,0.0,1923.3375,2349.255,2426.044,2341.097,9954.299,9039.7335,18994.0325,0.09315083566378018,0.42847241627074184,0.002451822697470903,0.0,0.10126009313714715,0.12368384649231279,0.12772664256523725,0.12325434317330983,0.524075074631993,0.475924925368007
Gwh,2022,5,1961.207,7477.6245,122.067,0.0,3312.0745,1108.271,2537.6315,2361.875,9560.8985,9319.852,18880.7505,0.1038733603306712,0.3960448765000099,0.0064651561387880216,0.0,0.17542070162941883,0.05869846116551353,0.13440310542740344,0.12509433880819515,0.5063833929694691,0.493616607030531
Gwh,2022,6,2384.659,9668.599,64.6525,0.0,3527.6455,1258.2725,2671.663,2261.604,12117.9105,9719.185,21837.0955,0.10920220594355143,0.4427603020740556,0.0029606730437204895,0.0,0.16154371354010885,0.05762087270259912,0.12234516261560519,0.10356707008035936,0.5549231810613275,0.4450768189386725
Gwh,2022,7,2038.252,8226.716,190.0385,0.0,2570.563,767.521,2174.774,1745.724,10455.0065,7258.582,17713.5885,0.11506714181601316,0.4644296665240925,0.010728402096503482,0.0,0.14511813910546698,0.043329503787445434,0.12277433225910152,0.09855281441137688,0.590225210436609,0.4097747895633908
