unit,year,month,coal,gas,oil,nuclear,hydro,wind,solar,other,fossil,low.carbon,total.prod,coal.perc,gas.perc,oil.perc,nuclear.perc,hydro.perc,wind.perc,solar.perc,other.perc,fossil.perc,low.carbon.perc
Gwh,2022,1,1881.362,12214.466,136.299,0.0,2505.0925,2498.515,21.5455,2604.3735,14232.127,7629.5265,21861.6535,0.086057625970515,0.5587164758603461,0.006234615327701539,0.0,0.11458842763197212,0.11428755834960058,0.0009855384452049796,0.11912975841465973,0.6510087171585626,0.3489912828414374
Gwh,2022,2,2120.775,10215.556,58.514,0.0,1750.0875,2202.336,21.382,2298.052,12394.845,6271.8575,18666.7025,0.11361272833270901,0.5472608780259931,0.003134672553976794,0.0,0.09375450752482932,0.11798205923086844,0.0011454620868361727,0.12310969224478722,0.6640082789126789,0.3359917210873211
Gwh,2022,3,2336.085,11328.691,102.4435,0.0,1668.2395,2029.2205,17.544,2551.637,13767.2195,6266.641,20033.8605,0.1166068317187294,0.5654771829922646,0.005113517686718444,0.0,0.08327099512348107,0.10128953927776427,0.0008757173885682194,0.1273662158124741,0.6871975323977124,0.31280246760228764
Gwh,2022,4,1535.764,6612.638,43.602,0.0,1458.933,2047.1005,32.3035,1871.075,8192.004,5409.412,13601.416,0.1129120673906305,0.4861727631887739,0.003205695642277245,0.0,0.10726331728990571,0.15050642521337484,0.002375010072480689,0.13756472120255717,0.6022905262216817,0.3977094737783184
