unit,year,month,coal,gas,oil,nuclear,hydro,wind,solar,other,fossil,low.carbon,total.prod,coal.perc,gas.perc,oil.perc,nuclear.perc,hydro.perc,wind.perc,solar.perc,other.perc,fossil.perc,low.carbon.perc
Gwh,2022,1,1881.362,12217.4855,135.9635,0.0,2506.41,2495.874,1002.329,2604.3735,14234.811,8608.9865,22843.7975,0.0823576727993671,0.5348272545315638,0.005951878184877099,0.0,0.10971949825767803,0.10925827897047326,0.04387751204676017,0.11400790520928056,0.623136805515808,0.3768631944841921
Gwh,2022,2,2120.775,10215.68,58.514,0.0,1752.221,2199.0165,1360.985,2298.052,12394.969,7610.2745,20005.2435,0.1060109565774593,0.5106501203047091,0.0029249331556499177,0.0,0.08758808659339737,0.10992200619802504,0.06803141386407018,0.11487248330668907,0.6195860100378183,0.3804139899621817
Gwh,2022,3,2337.384,11323.59,100.1725,0.0,1671.4965,2009.1355,1892.574,2548.12,13761.1465,8121.326,21882.4725,0.10681535187579923,0.5174730597742098,0.004577750526134558,0.0,0.07638517539551347,0.09181483033967026,0.08648812422819223,0.11644570786048057,0.6288661621761436,0.3711338378238565
Gwh,2022,4,1769.31,8138.419,46.57,0.0,1923.3375,2355.4425,2426.044,2341.097,9954.299,9045.921,19000.22,0.09312050070999177,0.4283328824613609,0.002451024251298143,0.0,0.10122711737021992,0.12396922246163465,0.12768504785734058,0.12321420488815393,0.5239044074226509,0.47609559257734907
Gwh,2022,5,1981.0965,7659.958,127.5175,0.0,3332.4825,1131.0125,2394.484,2354.278,9768.572,9212.257,18980.829,0.10437354975380685,0.40356287915559425,0.006718226058514093,0.0,0.1755709668950708,0.05958709706514926,0.12615276182088778,0.12403451925097685,0.5146546549679152,0.4853453450320847
Gwh,2022,6,1363.701,5477.472,18.321,0.0,2202.627929,866.9985,1712.7,1380.081,6859.494,6162.407429,13021.901429,0.1047236463457644,0.42063534498898714,0.0014069373892816313,0.0,0.16914794978363987,0.06658002325752362,0.13152457107268434,0.10598152716211902,0.5267659287240332,0.47323407127596684
