unit,year,month,coal,gas,oil,nuclear,hydro,wind,solar,other,fossil,low.carbon,total.prod,coal.perc,gas.perc,oil.perc,nuclear.perc,hydro.perc,wind.perc,solar.perc,other.perc,fossil.perc,low.carbon.perc
Gwh,2022,1,1881.362,12216.841,135.9635,0.0,2506.41,2495.874,1002.329,2604.3735,14234.1665,8608.9865,22843.153,0.08235999645057757,0.5348141300809044,0.005952046112023153,0.0,0.10972259389936231,0.10926136159925033,0.04387875001318776,0.11401112184469457,0.623126172643505,0.37687382735649505
Gwh,2022,2,2120.775,10215.556,58.514,0.0,1752.221,2199.0165,1360.985,2298.052,12394.845,7610.2745,20005.1195,0.10601161367718898,0.5106470871118766,0.00292495128559467,0.0,0.08758862950056359,0.10992268754005693,0.06803183555089486,0.11487319533382442,0.6195836520746602,0.3804163479253398
Gwh,2022,3,2337.384,11323.59,100.1725,0.0,1670.329,2009.1355,1892.574,2548.12,13761.1465,8120.1585,21881.305,0.10682105112103689,0.5175006700925745,0.004577994776819755,0.0,0.07633589495690499,0.0918197292163333,0.08649273889285854,0.11645192094347206,0.6288997159904312,0.37110028400956885
Gwh,2022,4,1769.31,8138.419,46.57,0.0,1923.3375,2355.4425,2426.044,2341.097,9954.299,9045.921,19000.22,0.09312050070999177,0.4283328824613609,0.002451024251298143,0.0,0.10122711737021992,0.12396922246163465,0.12768504785734058,0.12321420488815393,0.5239044074226509,0.47609559257734907
Gwh,2022,5,2047.1695,7748.092,139.1345,0.0,3165.3,934.2875,2126.38,2320.8705,9934.396,8546.838,18481.234,0.11077017367996098,0.4192410528431164,0.007528420450712328,0.0,0.17127103092791315,0.05055330720881517,0.11505616995055634,0.1255798449389256,0.5375396469737898,0.46246035302621025
Gwh,2022,6,758.046,3051.24,10.541,0.0,1301.306375,542.8915,924.092,781.878,3819.827,3550.167875,7369.994875,0.10285570246071575,0.4140084290085751,0.0014302587964825416,0.0,0.1765681519554652,0.07366239857799085,0.1253857045592586,0.10608935464151188,0.5182943902657734,0.48170560973422655
