unit,year,month,coal,gas,oil,nuclear,hydro,wind,solar,other,fossil,low.carbon,total.prod,coal.perc,gas.perc,oil.perc,nuclear.perc,hydro.perc,wind.perc,solar.perc,other.perc,fossil.perc,low.carbon.perc
Gwh,2022,1,1881.362,12244.3775,136.299,0.0,2506.41,2491.384,1002.329,2604.3735,14262.0385,8604.4965,22866.535,0.08227577986782869,0.5354714870442767,0.005960631989061745,0.0,0.1096103979024369,0.10895328041611901,0.04383388213386943,0.11389454064640751,0.6237078989011672,0.3762921010988328
Gwh,2022,2,2120.775,10215.68,58.514,0.0,1752.221,2189.6845,1360.985,2298.052,12394.969,7600.9425,19995.9115,0.10606043140368972,0.5108884383690137,0.0029262982085112754,0.0,0.08762896355087389,0.10950661088893097,0.06806316381226232,0.11492609376671828,0.6198751679812146,0.3801248320187855
Gwh,2022,3,2337.384,11323.59,101.1985,0.0,1671.4965,2008.763,1892.574,2548.12,13762.1725,8120.9535,21883.126,0.1068121620284049,0.5174576063767123,0.004624499260297637,0.0,0.07638289429033128,0.09179506620763413,0.0864855414167062,0.11644223041991349,0.6288942676654149,0.3711057323345851
Gwh,2022,4,1769.31,8138.419,46.57,0.0,1923.3375,2348.441,2426.044,2341.097,9954.299,9038.9195,18993.2185,0.09315482786658828,0.42849077948532,0.0024519277762218134,0.0,0.10126443288166248,0.12364628985866719,0.12773211659730024,0.12325962553424004,0.5240975351281302,0.47590246487186993
Gwh,2022,5,1982.771,7660.238,123.6165,0.0,3386.1655,1111.441,2593.745,2364.824,9766.6255,9456.1755,19222.801,0.10314683068299985,0.39849749263908,0.006430722557030061,0.0,0.1761535948897354,0.05781888914107783,0.1349306482442387,0.12302182184583818,0.5080750458791099,0.49192495412089005
Gwh,2022,6,2383.645,9653.246,64.1555,0.0,3528.1,1258.455,2666.636,2259.741,12101.0465,9712.932,21813.9785,0.10927144720528627,0.44252569516376844,0.0029410270116476,0.0,0.16173574206099084,0.057690301656802306,0.12224436729870251,0.10359141960280194,0.5547381693807024,0.44526183061929764
Gwh,2022,7,2474.977,10378.929,235.56975599999998,0.0,3190.9585,906.417,2598.71,2149.496,13089.475756,8845.5815,21935.057255999996,0.11283202825116895,0.4731662597853946,0.01073941833160994,0.0,0.14547299616130077,0.041322755141296186,0.11847290707614465,0.09799363525308505,0.5967377063681735,0.40326229363182664
