unit,year,month,coal,gas,oil,nuclear,hydro,wind,solar,other,fossil,low.carbon,total.prod,coal.perc,gas.perc,oil.perc,nuclear.perc,hydro.perc,wind.perc,solar.perc,other.perc,fossil.perc,low.carbon.perc
Gwh,2022,1,1881.362,12214.466,136.299,0.0,2505.0925,2498.515,21.5455,2604.3735,14232.127,7629.5265,21861.6535,0.086057625970515,0.5587164758603461,0.006234615327701539,0.0,0.11458842763197212,0.11428755834960058,0.0009855384452049796,0.11912975841465973,0.6510087171585626,0.3489912828414374
Gwh,2022,2,2120.775,10215.556,58.514,0.0,1750.0875,2202.336,21.382,2298.052,12394.845,6271.8575,18666.7025,0.11361272833270901,0.5472608780259931,0.003134672553976794,0.0,0.09375450752482932,0.11798205923086844,0.0011454620868361727,0.12310969224478722,0.6640082789126789,0.3359917210873211
Gwh,2022,3,2336.217,11327.929,102.1745,0.0,1669.035,2021.0155,17.552,2551.011,13766.3205,6258.6135,20024.934,0.11666540324177847,0.5656912027774973,0.005102363882947129,0.0,0.08334784024756337,0.100924951862513,0.0008765072584009515,0.12739173072929977,0.6874589699022229,0.3125410300977771
Gwh,2022,4,1632.196,7484.012,48.304,0.0,1684.945,2152.6055,41.1175,2104.007,9164.512,5982.675,15147.187,0.10775571728268753,0.49408593159904873,0.0031889749562080405,0.0,0.11123814606632901,0.1421125585892615,0.0027145304273328112,0.13890414107913238,0.6050306238379444,0.39496937616205574
