unit,year,month,coal,oil,gas,nuclear,hydro,wind,solar,other,fossil,low.carbon,total.prod,coal.perc,oil.perc,gas.perc,nuclear.perc,hydro.perc,wind.perc,solar.perc,other.perc,fossil.perc,low.carbon.perc
Gwh,2022,1,1881.362,136.299,12203.8935,0.0,2505.0925,2496.1885,21.5455,2604.3735,14221.5545,7627.2,21848.7545,0.08610843240515152,0.006238296100585505,0.5585624343026052,0.0,0.11465607799291261,0.11424854904200604,0.0009861202843393202,0.11920008987239983,0.6509091628083423,0.3490908371916578
Gwh,2022,2,2121.218,59.616,10217.656,0.0,1744.98,2202.5815,21.407,2300.294,12398.49,6269.2625,18667.7525,0.1136300687509115,0.003193528519300864,0.5473425898484566,0.0,0.09347563398432672,0.11798857414678066,0.0011467368661546161,0.12322286788406907,0.6641661871186689,0.3358338128813311
Gwh,2022,3,2333.789,104.1175,11329.38,0.0,1665.774,2036.725,17.4965,2555.576,13767.2865,6275.5715,20042.858,0.11643993087213411,0.00519474318482923,0.5652577092548378,0.0,0.083110602290352,0.10161849173406307,0.0008729543461316744,0.1275055683176521,0.6868923833118011,0.31310761668819886
Gwh,2022,4,138.987,1.909,610.58,0.0,147.225,277.0245,1.253,152.338,751.476,577.8405,1329.3165,0.10455523571700194,0.0014360763595426674,0.4593187551647784,0.0,0.11075240546551555,0.2083961945857138,0.0009425896692021802,0.1145987430382456,0.5653100672413229,0.4346899327586772
