unit,year,month,coal,gas,oil,nuclear,hydro,wind,solar,other,fossil,low.carbon,total.prod,coal.perc,gas.perc,oil.perc,nuclear.perc,hydro.perc,wind.perc,solar.perc,other.perc,fossil.perc,low.carbon.perc
Gwh,2022,1,1881.362,12233.377,136.299,0.0,2506.41,2491.384,1002.329,2604.3735,14251.038,8604.4965,22855.5345,0.08231537967313782,0.5352479068034921,0.00596350087546629,0.0,0.10966315401637182,0.10900572025563436,0.04385497963305124,0.11394935874284629,0.6235267873520962,0.3764732126479037
Gwh,2022,2,2120.775,10215.68,58.514,0.0,1752.221,2189.6845,1360.985,2298.052,12394.969,7600.9425,19995.9115,0.10606043140368972,0.5108884383690137,0.0029262982085112754,0.0,0.08762896355087389,0.10950661088893097,0.06806316381226232,0.11492609376671828,0.6198751679812146,0.3801248320187855
Gwh,2022,3,2337.384,11323.59,101.1985,0.0,1671.4965,2008.763,1892.574,2548.12,13762.1725,8120.9535,21883.126,0.1068121620284049,0.5174576063767123,0.004624499260297637,0.0,0.07638289429033128,0.09179506620763413,0.0864855414167062,0.11644223041991349,0.6288942676654149,0.3711057323345851
Gwh,2022,4,1769.31,8138.419,46.57,0.0,1923.3375,2349.255,2426.044,2341.097,9954.299,9039.7335,18994.0325,0.09315083566378018,0.42847241627074184,0.002451822697470903,0.0,0.10126009313714715,0.12368384649231279,0.12772664256523725,0.12325434317330983,0.524075074631993,0.475924925368007
Gwh,2022,5,1961.207,7477.6245,122.067,0.0,3312.0745,1108.271,2537.6315,2361.875,9560.8985,9319.852,18880.7505,0.1038733603306712,0.3960448765000099,0.0064651561387880216,0.0,0.17542070162941883,0.05869846116551353,0.13440310542740344,0.12509433880819515,0.5063833929694691,0.493616607030531
Gwh,2022,6,2383.659,9659.923,64.3425,0.0,3529.3675,1258.401,2666.709,2261.037,12107.9245,9715.5145,21823.439,0.10922471934876993,0.4426398149255945,0.002948320839808978,0.0,0.1617237090817813,0.05766281840364391,0.12219471917327054,0.10360589822713093,0.5548128551141733,0.44518714488582667
Gwh,2022,7,2309.265,9427.872,217.155,0.0,2930.9855,860.552,2443.106,1976.085,11954.292,8210.7285,20165.0205,0.11451835618019827,0.467535949194795,0.010768895573401476,0.0,0.1453499886102273,0.04267548351860094,0.12115564177085762,0.09799568515191939,0.5928232009483948,0.4071767990516052
