unit,year,month,coal,gas,oil,nuclear,hydro,wind,solar,other,fossil,low.carbon,total.prod,coal.perc,gas.perc,oil.perc,nuclear.perc,hydro.perc,wind.perc,solar.perc,other.perc,fossil.perc,low.carbon.perc
Gwh,2022,1,1881.362,12214.335,135.9635,0.0,2506.41,2495.874,1002.329,2604.3735,14231.6605,8608.9865,22840.647,0.08236903271610475,0.5347630914308162,0.005952699150772743,0.0,0.10973463229828821,0.10927334939329869,0.04388356424404265,0.11402363076667663,0.6230848232976938,0.37691517670230623
Gwh,2022,2,2120.775,10215.556,58.514,0.0,1752.221,2197.4785,1360.985,2298.052,12394.845,7608.7365,20003.5815,0.10601976451067026,0.5106863488420811,0.0029251761740766275,0.0,0.08759536386021673,0.10985425284967096,0.06803706626235906,0.11488202750092527,0.6196312895268279,0.380368710473172
Gwh,2022,3,2337.384,11323.59,100.1725,0.0,1670.329,2009.1355,1892.574,2548.12,13761.1465,8120.1585,21881.305,0.10682105112103689,0.5175006700925745,0.004577994776819755,0.0,0.07633589495690499,0.0918197292163333,0.08649273889285854,0.11645192094347206,0.6288997159904312,0.37110028400956885
Gwh,2022,4,1768.959,8141.612,46.569,0.0,1922.617,2355.5125,2427.2,2340.798,9957.14,9046.1275,19003.2675,0.0930870967321804,0.4284322156702788,0.002450578564975734,0.0,0.10117296933277395,0.123953025446808,0.1277254030129292,0.12317871124005382,0.5239698909674348,0.47603010903256504
Gwh,2022,5,2047.3385,7748.943,139.1345,0.0,3165.8145,934.1925,2126.257,2320.4515,9935.416,8546.7155,18482.1315,0.11077393860118354,0.4192667387957931,0.007528054867481059,0.0,0.17129055163361434,0.050545712219394176,0.11504392769849084,0.12555107618404296,0.5375687322644577,0.46243126773554233
Gwh,2022,6,389.643,1608.423,7.093,0.0,674.92,128.505,504.616,411.567,2005.159,1719.608,3724.767,0.10460869095972983,0.4318184197830361,0.0019042801871902324,0.0,0.18119791117135647,0.03450014457280147,0.13547585661062828,0.11049469671525763,0.5383313909299562,0.46166860907004387
