unit,year,month,coal,gas,oil,nuclear,hydro,wind,solar,other,fossil,low.carbon,total.prod,coal.perc,gas.perc,oil.perc,nuclear.perc,hydro.perc,wind.perc,solar.perc,other.perc,fossil.perc,low.carbon.perc
Gwh,2022,1,1881.362,12242.578,136.299,0.0,2506.41,2491.384,1002.329,2604.3735,14260.239,8604.4965,22864.7355,0.08228225513476857,0.5354349277296473,0.005961101102612799,0.0,0.10961902445799121,0.10896185525522481,0.04383733194726876,0.11390350437248663,0.6236782839670286,0.3763217160329714
Gwh,2022,2,2120.775,10215.68,58.514,0.0,1752.221,2189.6845,1360.985,2298.052,12394.969,7600.9425,19995.9115,0.10606043140368972,0.5108884383690137,0.0029262982085112754,0.0,0.08762896355087389,0.10950661088893097,0.06806316381226232,0.11492609376671828,0.6198751679812146,0.3801248320187855
Gwh,2022,3,2337.384,11323.59,101.1985,0.0,1671.4965,2008.763,1892.574,2548.12,13762.1725,8120.9535,21883.126,0.1068121620284049,0.5174576063767123,0.004624499260297637,0.0,0.07638289429033128,0.09179506620763413,0.0864855414167062,0.11644223041991349,0.6288942676654149,0.3711057323345851
Gwh,2022,4,1769.31,8138.419,46.57,0.0,1923.3375,2349.255,2426.044,2341.097,9954.299,9039.7335,18994.0325,0.09315083566378018,0.42847241627074184,0.002451822697470903,0.0,0.10126009313714715,0.12368384649231279,0.12772664256523725,0.12325434317330983,0.524075074631993,0.475924925368007
Gwh,2022,5,1961.207,7477.6245,122.067,0.0,3312.0745,1100.908,2537.6315,2361.875,9560.8985,9312.489,18873.3875,0.10391388403380157,0.396199383920878,0.006467678364575516,0.0,0.17548913781376024,0.05833123492006932,0.13445553957920908,0.12514314136770624,0.506580946319255,0.49341905368074485
Gwh,2022,6,2383.659,9657.704,64.3425,0.0,3528.9325,1258.444,2665.607,2260.466,12105.7055,9713.4495,21819.155,0.10924616466586357,0.44262502374633667,0.0029488997167855494,0.0,0.16173552550499778,0.05767611073847727,0.12216820495569146,0.10360007067184775,0.5548200881289858,0.4451799118710143
Gwh,2022,7,2308.531,9447.308,216.757696,0.0,2949.8925,862.863,2426.172,1977.088,11972.596696,8216.0155,20188.612196000002,0.11434817696173254,0.46795232422522876,0.010736631814788464,0.0,0.14611665583355285,0.04274008493614832,0.1201752738843882,0.0979308523441608,0.5930371330017498,0.40696286699825013
