unit,year,month,coal,gas,oil,nuclear,hydro,wind,solar,other,fossil,low.carbon,total.prod,coal.perc,gas.perc,oil.perc,nuclear.perc,hydro.perc,wind.perc,solar.perc,other.perc,fossil.perc,low.carbon.perc
Gwh,2022,1,1881.362,12221.776,135.9635,0.0,2506.41,2493.596,1002.329,2604.3735,14239.1015,8606.7085,22845.81,0.08235041786655846,0.5349679437936321,0.005951353880645948,0.0,0.10970983300657756,0.10914894241000865,0.04387364685253006,0.11399786219004711,0.6232697155408365,0.3767302844591634
Gwh,2022,2,2120.775,10215.68,58.514,0.0,1752.221,2197.1475,1360.985,2298.052,12394.969,7608.4055,20003.3745,0.10602086163012145,0.51069783250821,0.0029252064445426445,0.0,0.08759627031929038,0.10983884244130908,0.06803777032720153,0.11488321632932483,0.6196439005828741,0.3803560994171258
Gwh,2022,3,2337.384,11323.59,100.1725,0.0,1671.4965,2008.763,1892.574,2548.12,13761.1465,8120.9535,21882.1,0.10681717019847273,0.5174818687420312,0.004577828453393413,0.0,0.07638647570388583,0.09179937026153798,0.08648959651952967,0.11644769012114925,0.6288768673938974,0.3711231326061027
Gwh,2022,4,1769.31,8138.419,46.57,0.0,1923.3375,2352.319,2426.044,2341.097,9954.299,9042.7975,18997.0965,0.09313581156994176,0.4284033088951251,0.0024514272483692444,0.0,0.10124376111896889,0.12382518560138914,0.12770604181539005,0.12323446375081583,0.5239905477134361,0.47600945228656394
Gwh,2022,5,1983.7785,7641.33,126.812,0.0,3331.356,1121.482,2411.467,2350.134,9751.9205,9214.439,18966.3595,0.10459458495448218,0.40288859862642595,0.006686153976992792,0.0,0.1756455159462732,0.059130061306704645,0.1271444316976065,0.12391065349151481,0.514169337557901,0.48583066244209916
Gwh,2022,6,2385.9625,9667.333,65.8626,0.0,3532.3735,1264.1685,2656.597,2265.896,12119.158099999999,9719.035,21838.1931,0.10925640638281563,0.44268007686038824,0.0030159363322050667,0.0,0.16175209568963836,0.05788796235161049,0.12164912123613378,0.10375840114720847,0.5549524195754089,0.4450475804245911
Gwh,2022,7,160.3085,642.298,12.7849,0.0,206.9965,56.856,204.523,139.608,815.3914,607.9835,1423.3748999999998,0.11262563362610935,0.45125005365768367,0.008982103028513431,0.0,0.1454265492527654,0.03994450091820504,0.14368877798814636,0.09808238152857693,0.5728577903123064,0.4271422096876938
