unit,year,month,coal,gas,oil,nuclear,hydro,wind,solar,other,fossil,low.carbon,total.prod,coal.perc,gas.perc,oil.perc,nuclear.perc,hydro.perc,wind.perc,solar.perc,other.perc,fossil.perc,low.carbon.perc
Gwh,2022,1,1881.362,12214.466,136.299,0.0,2506.41,2498.515,21.5455,2604.3735,14232.127,7630.844,21862.971,0.08605243999088687,0.5586828066505691,0.006234239619125873,0.0,0.11464178404664213,0.11428067118599754,0.0009854790549738185,0.1191225794518046,0.6509694862605818,0.3490305137394181
Gwh,2022,2,2120.775,10215.556,58.514,0.0,1752.221,2202.2185,21.382,2298.052,12394.845,6273.8735,18668.7185,0.11360045950663407,0.547201780347162,0.00313433404654958,0.0,0.09385866523189582,0.11796302461789222,0.0011453383905274486,0.12309639785933889,0.6639365739003457,0.33606342609965434
Gwh,2022,3,2336.217,11327.975,102.1735,0.0,1668.776,2023.2015,17.5455,2551.29,13766.3655,6260.813,20027.1785,0.11665232823485344,0.5656301011148425,0.005101742115096243,0.0,0.0833255668041307,0.10102279260156391,0.0008760844669157963,0.12739138466259736,0.6873841714647921,0.31261582853520775
Gwh,2022,4,1601.614,7156.417,45.801,0.0,1615.27,2125.7525,36.7575,2027.017,8803.832,5804.797,14608.629,0.10963479187540459,0.48987601779742646,0.003135201804358232,0.0,0.11056958185466959,0.14551348384574622,0.0025161498727909373,0.13875477294960395,0.6026460114771892,0.3973539885228107
