unit,year,month,coal,gas,oil,nuclear,hydro,wind,solar,other,fossil,low.carbon,total.prod,coal.perc,gas.perc,oil.perc,nuclear.perc,hydro.perc,wind.perc,solar.perc,other.perc,fossil.perc,low.carbon.perc
Gwh,2022,1,1881.362,12214.335,136.299,0.0,2506.41,2498.515,21.5455,2604.3735,14231.996,7630.844,21862.84,0.08605295560869494,0.5586801623210891,0.0062342769740802205,0.0,0.11464247096900493,0.11428135594460738,0.000985484959867977,0.11912329322265544,0.6509673949038642,0.3490326050961357
Gwh,2022,2,2120.775,10215.556,58.514,0.0,1751.4715,2202.336,21.382,2298.052,12394.845,6273.2415,18668.0865,0.11360430540109186,0.5472203056269318,0.003134440158074048,0.0,0.09382169404453959,0.11797331236921361,0.0011453771654636377,0.1231005652346854,0.6639590511860977,0.33604094881390223
Gwh,2022,3,2336.085,11328.691,102.4435,0.0,1668.2395,2029.2205,17.544,2551.637,13767.2195,6266.641,20033.8605,0.1166068317187294,0.5654771829922646,0.005113517686718444,0.0,0.08327099512348107,0.10128953927776427,0.0008757173885682194,0.1273662158124741,0.6871975323977124,0.31280246760228764
Gwh,2022,4,1563.214,6824.6845,44.677,0.0,1534.5605,2109.1535,33.5345,1946.9165,8432.5755,5624.165,14056.7405,0.11120743105416224,0.4855097453068868,0.003178332843236311,0.0,0.1091690139687789,0.15004570227358183,0.0023856526340512584,0.1385041219193027,0.5998955092042854,0.4001044907957147
