unit,year,month,coal,gas,oil,nuclear,hydro,wind,solar,other,fossil,low.carbon,total.prod,coal.perc,gas.perc,oil.perc,nuclear.perc,hydro.perc,wind.perc,solar.perc,other.perc,fossil.perc,low.carbon.perc
Gwh,2022,1,1881.362,12244.3775,136.299,0.0,2506.41,2491.384,1002.329,2604.3735,14262.0385,8604.4965,22866.535,0.08227577986782869,0.5354714870442767,0.005960631989061745,0.0,0.1096103979024369,0.10895328041611901,0.04383388213386943,0.11389454064640751,0.6237078989011672,0.3762921010988328
Gwh,2022,2,2120.775,10215.68,58.514,0.0,1752.221,2189.2045,1360.985,2298.052,12394.969,7600.4625,19995.4315,0.10606297743562074,0.510900702492967,0.002926368455714497,0.0,0.08763106712650838,0.10948523416461405,0.06806479770141495,0.11492885262316047,0.6198900483843022,0.3801099516156978
Gwh,2022,3,2337.384,11323.59,101.1985,0.0,1671.4965,2008.763,1892.574,2548.12,13762.1725,8120.9535,21883.126,0.1068121620284049,0.5174576063767123,0.004624499260297637,0.0,0.07638289429033128,0.09179506620763413,0.0864855414167062,0.11644223041991349,0.6288942676654149,0.3711057323345851
Gwh,2022,4,1769.31,8138.419,46.57,0.0,1923.3375,2348.117,2426.044,2341.097,9954.299,9038.5955,18992.8945,0.09315641699584021,0.42849808911432646,0.00245196960368521,0.0,0.10126616035275719,0.12363134013091055,0.1277342955809079,0.12326172822157257,0.5241064757138519,0.4758935242861482
Gwh,2022,5,1982.771,7660.238,123.6165,0.0,3386.1655,1111.441,2593.745,2364.824,9766.6255,9456.1755,19222.801,0.10314683068299985,0.39849749263908,0.006430722557030061,0.0,0.1761535948897354,0.05781888914107783,0.1349306482442387,0.12302182184583818,0.5080750458791099,0.49192495412089005
Gwh,2022,6,2383.645,9651.628,64.1415,0.0,3527.893,1259.172,2666.313,2259.525,12099.4145,9712.903,21812.3175,0.10927976818602608,0.44248521506254435,0.002940609130597883,0.0,0.16173856812784795,0.05772756608737242,0.12223886801574385,0.10358940538986744,0.5547055923791684,0.44529440762083167
Gwh,2022,7,2556.448,10821.921,244.7945,0.0,3302.053,918.576,2680.579,2237.431,13623.1635,9138.639,22761.8025,0.11231307362411214,0.47544217994159294,0.010754618400717605,0.0,0.14506992581101605,0.04035603067902904,0.11776655209972936,0.09829761944380283,0.5985098719664227,0.40149012803357725
