unit,year,month,coal,oil,gas,nuclear,hydro,wind,solar,other,fossil,low.carbon,total.prod,coal.perc,oil.perc,gas.perc,nuclear.perc,hydro.perc,wind.perc,solar.perc,other.perc,fossil.perc,low.carbon.perc
Gwh,2022,1,1881.362,136.299,12214.466,0.0,2505.0925,2498.515,21.5455,2604.3735,14232.127,7629.5265,21861.6535,0.086057625970515,0.006234615327701539,0.5587164758603461,0.0,0.11458842763197212,0.11428755834960058,0.0009855384452049796,0.11912975841465973,0.6510087171585626,0.3489912828414374
Gwh,2022,2,2120.775,58.514,10215.556,0.0,1750.0875,2200.711,21.382,2298.052,12394.845,6270.2325,18665.0775,0.11362261956854988,0.003134945461651579,0.5473085230961404,0.0,0.09376266988444061,0.11790526988168144,0.0011455618118917535,0.12312041029564438,0.6640660881263418,0.3359339118736582
Gwh,2022,3,2335.39,103.0745,11327.972,0.0,1667.7335,2033.9915,17.537,2553.066,13766.4365,6272.328,20038.7645,0.1165436122571329,0.005143755244990279,0.5653029157561086,0.0,0.0832253655159229,0.1015028396586027,0.000875153755112996,0.12740635781212956,0.6869902832582317,0.3130097167417682
Gwh,2022,4,1238.62,34.735,5053.061,0.0,1060.382,1547.1165,22.666,1393.749,6326.416,4023.9135,10350.3295,0.1196696201797247,0.0033559318087409682,0.48820291180102043,0.0,0.1024491056057684,0.14947509642084342,0.002189881974288838,0.13465745220961323,0.6112284637894861,0.3887715362105139
