unit,year,month,coal,gas,oil,nuclear,hydro,wind,solar,other,fossil,low.carbon,total.prod,coal.perc,gas.perc,oil.perc,nuclear.perc,hydro.perc,wind.perc,solar.perc,other.perc,fossil.perc,low.carbon.perc
Gwh,2022,1,1881.362,12233.377,136.299,0.0,2506.41,2492.737,1002.329,2604.3735,14251.038,8605.8495,22856.8875,0.08231050706269609,0.5352162231187426,0.005963147869542605,0.0,0.10965666257052714,0.1090584621375067,0.04385238366334874,0.11394261357763606,0.6234898780509813,0.3765101219490187
Gwh,2022,2,2120.775,10215.68,58.514,0.0,1752.221,2195.8015,1360.985,2298.052,12394.969,7607.0595,20002.0285,0.1060279961104945,0.5107321989867177,0.0029254032909712133,0.0,0.0876021649504199,0.10977894067094245,0.06804234880477247,0.1148909471856817,0.6196855983881834,0.3803144016118165
Gwh,2022,3,2337.384,11323.59,101.1985,0.0,1671.4965,2008.763,1892.574,2548.12,13762.1725,8120.9535,21883.126,0.1068121620284049,0.5174576063767123,0.004624499260297637,0.0,0.07638289429033128,0.09179506620763413,0.0864855414167062,0.11644223041991349,0.6288942676654149,0.3711057323345851
Gwh,2022,4,1769.31,8138.419,46.57,0.0,1923.3375,2349.255,2426.044,2341.097,9954.299,9039.7335,18994.0325,0.09315083566378018,0.42847241627074184,0.002451822697470903,0.0,0.10126009313714715,0.12368384649231279,0.12772664256523725,0.12325434317330983,0.524075074631993,0.475924925368007
Gwh,2022,5,1961.207,7477.6245,122.067,0.0,3312.0745,1108.271,2537.6315,2361.875,9560.8985,9319.852,18880.7505,0.1038733603306712,0.3960448765000099,0.0064651561387880216,0.0,0.17542070162941883,0.05869846116551353,0.13440310542740344,0.12509433880819515,0.5063833929694691,0.493616607030531
Gwh,2022,6,2384.488,9666.365,64.6525,0.0,3527.2415,1258.2595,2670.423,2261.275,12115.5055,9717.199,21832.7045,0.10921633643692653,0.442747026599476,0.0029612684951605514,0.0,0.16155769890990831,0.05763186599259839,0.12231297318204438,0.10357283038388579,0.5549246315315631,0.4450753684684369
Gwh,2022,7,2037.451,8225.877,190.0385,0.0,2571.3905,767.698,2174.695,1745.742,10453.3665,7259.5255,17712.892,0.11502644514515191,0.46440056203131597,0.010728823954891161,0.0,0.14517056277427762,0.0433412002963717,0.12277469991913235,0.0985577058788593,0.590155831131359,0.409844168868641
