unit,year,month,coal,gas,oil,nuclear,hydro,wind,solar,other,fossil,low.carbon,total.prod,coal.perc,gas.perc,oil.perc,nuclear.perc,hydro.perc,wind.perc,solar.perc,other.perc,fossil.perc,low.carbon.perc
Gwh,2022,1,1881.362,12223.712,136.299,0.0,2506.41,2493.596,1002.329,2604.3735,14241.373,8606.7085,22848.0815,0.08234223079079966,0.5349994921893113,0.005965446157919211,0.0,0.10969892592513729,0.10913809109093033,0.04386928504259756,0.11398652880330457,0.6233071691380302,0.37669283086196975
Gwh,2022,2,2120.775,10215.68,58.514,0.0,1752.221,2197.093,1360.985,2298.052,12394.969,7608.351,20003.32,0.10602115048901883,0.5106992239288278,0.0029252144144072084,0.0,0.08759650897950941,0.1098364171547523,0.0680379556993539,0.11488352933413054,0.6196455888322538,0.38035441116774615
Gwh,2022,3,2337.384,11323.59,101.1985,0.0,1671.4965,2008.763,1892.574,2548.12,13762.1725,8120.9535,21883.126,0.1068121620284049,0.5174576063767123,0.004624499260297637,0.0,0.07638289429033128,0.09179506620763413,0.0864855414167062,0.11644223041991349,0.6288942676654149,0.3711057323345851
Gwh,2022,4,1769.31,8138.419,46.57,0.0,1923.3375,2350.453,2426.044,2341.097,9954.299,9040.9315,18995.2305,0.0931449607837083,0.4284453931738285,0.0024516680647807877,0.0,0.10125370681866692,0.12373911440558723,0.1277185870421525,0.12324656971127568,0.5240420220223176,0.47595797797768236
Gwh,2022,5,1961.207,7477.6245,122.067,0.0,3312.0745,1108.271,2537.6315,2361.875,9560.8985,9319.852,18880.7505,0.1038733603306712,0.3960448765000099,0.0064651561387880216,0.0,0.17542070162941883,0.05869846116551353,0.13440310542740344,0.12509433880819515,0.5063833929694691,0.493616607030531
Gwh,2022,6,2386.822,9671.493,65.4335,0.0,3536.4005,1262.8575,2664.09,2264.788,12123.7485,9728.136,21851.8845,0.10922728426465919,0.44259308619355003,0.0029944099329282103,0.0,0.16183503532612944,0.057791697553590864,0.12191580090037545,0.10364268582876685,0.5548147803911374,0.4451852196088626
Gwh,2022,7,1347.228,5280.379,124.8315,0.0,1757.5685,644.002,1504.21,1205.476,6752.4385,5111.2565,11863.695,0.11355888700779986,0.4450872177681574,0.010522143396302754,0.0,0.1481468041786307,0.05428342518920117,0.12679102084131463,0.10161050161859354,0.56916824817226,0.43083175182774003
