unit,year,month,coal,gas,oil,nuclear,hydro,wind,solar,other,fossil,low.carbon,total.prod,coal.perc,gas.perc,oil.perc,nuclear.perc,hydro.perc,wind.perc,solar.perc,other.perc,fossil.perc,low.carbon.perc
Gwh,2022,1,1881.362,12203.8935,136.299,0.0,2506.41,2496.1885,1002.329,2604.3735,14221.5545,8609.301,22830.8555,0.08240435843501352,0.5345350944032736,0.005969947118275966,0.0,0.10978169433904918,0.10933398882052404,0.0439023846478289,0.1140725322360347,0.6229093999565631,0.3770906000434368
Gwh,2022,2,2120.775,10215.556,58.514,0.0,1752.221,2199.0165,1360.985,2298.052,12394.845,7610.2745,20005.1195,0.10601161367718898,0.5106470871118766,0.00292495128559467,0.0,0.08758862950056359,0.10992268754005693,0.06803183555089486,0.11487319533382442,0.6195836520746602,0.3804163479253398
Gwh,2022,3,2337.384,11323.59,101.1985,0.0,1670.329,2009.1355,1892.574,2548.12,13762.1725,8120.1585,21882.331,0.10681604258705346,0.5174764059642458,0.004624667271507775,0.0,0.07633231578482201,0.09181542405148703,0.08648868349537352,0.11644646084551047,0.6289171158228071,0.37108288417719304
Gwh,2022,4,1765.094,8137.997,48.408,0.0,1914.516,2358.14,2384.805,2341.216,9951.499,8998.677,18950.176,0.09314393702728671,0.4294417634960224,0.0025544881482894937,0.0,0.10102892975769724,0.12443894980183826,0.12584606074371024,0.12354587102515564,0.5251401886715986,0.4748598113284014
Gwh,2022,5,1871.8615,7049.289,130.7175,0.0,2778.3875,758.3165,1737.771,2075.975,9051.868,7350.45,16402.318,0.11412176620402067,0.4297739502428864,0.007969452854163662,0.0,0.16938993013060716,0.04623227643800102,0.10594667168384371,0.1265659524464774,0.5518651693010708,0.4481348306989293
