unit,year,month,coal,gas,oil,nuclear,hydro,wind,solar,other,fossil,low.carbon,total.prod,coal.perc,gas.perc,oil.perc,nuclear.perc,hydro.perc,wind.perc,solar.perc,other.perc,fossil.perc,low.carbon.perc
Gwh,2022,1,1881.362,12203.8935,136.299,0.0,2506.41,2498.515,1002.329,2604.3735,14221.5545,8611.6275,22833.182,0.08239596215717984,0.534480629988409,0.005969338833282194,0.0,0.10977050855198368,0.10942473983696183,0.04389791138177762,0.11406090925040584,0.622845930978871,0.377154069021129
Gwh,2022,2,2120.775,10215.556,58.514,0.0,1752.221,2199.0165,1360.985,2298.052,12394.845,7610.2745,20005.1195,0.10601161367718898,0.5106470871118766,0.00292495128559467,0.0,0.08758862950056359,0.10992268754005693,0.06803183555089486,0.11487319533382442,0.6195836520746602,0.3804163479253398
Gwh,2022,3,2337.384,11323.59,101.1985,0.0,1670.329,2009.1355,1892.574,2548.12,13762.1725,8120.1585,21882.331,0.10681604258705346,0.5174764059642458,0.004624667271507775,0.0,0.07633231578482201,0.09181542405148703,0.08648868349537352,0.11644646084551047,0.6289171158228071,0.37108288417719304
Gwh,2022,4,1761.392,8151.783,49.714,0.0,1913.9485,2371.8825,2340.264,2343.413,9962.889,8969.508,18932.397,0.09303586862244649,0.4305732126787749,0.002625869296951675,0.0,0.10109382874234044,0.12528167986335803,0.1236116060739694,0.12377793472215905,0.526234950598173,0.4737650494018269
Gwh,2022,5,1151.8715,4487.764,106.5665,0.0,1523.0085,410.6375,1010.431,1354.236,5746.202,4298.313,10044.515,0.11467666681766119,0.44678752533098914,0.010609422157266927,0.0,0.15162588736240626,0.040881764823886474,0.10059530002195229,0.1348234334858378,0.5720736143059173,0.4279263856940828
