unit,year,month,coal,gas,oil,nuclear,hydro,wind,solar,other,fossil,low.carbon,total.prod,coal.perc,gas.perc,oil.perc,nuclear.perc,hydro.perc,wind.perc,solar.perc,other.perc,fossil.perc,low.carbon.perc
Gwh,2022,1,1881.362,12214.335,135.9635,0.0,2506.41,2495.874,1002.329,2604.3735,14231.6605,8608.9865,22840.647,0.08236903271610475,0.5347630914308162,0.005952699150772743,0.0,0.10973463229828821,0.10927334939329869,0.04388356424404265,0.11402363076667663,0.6230848232976938,0.37691517670230623
Gwh,2022,2,2120.775,10215.556,58.514,0.0,1752.221,2197.4785,1360.985,2298.052,12394.845,7608.7365,20003.5815,0.10601976451067026,0.5106863488420811,0.0029251761740766275,0.0,0.08759536386021673,0.10985425284967096,0.06803706626235906,0.11488202750092527,0.6196312895268279,0.380368710473172
Gwh,2022,3,2337.384,11323.59,100.1725,0.0,1670.329,2009.1355,1892.574,2548.12,13761.1465,8120.1585,21881.305,0.10682105112103689,0.5175006700925745,0.004577994776819755,0.0,0.07633589495690499,0.0918197292163333,0.08649273889285854,0.11645192094347206,0.6288997159904312,0.37110028400956885
Gwh,2022,4,1768.285,8143.157,46.568,0.0,1922.489,2354.9825,2429.126,2341.02,9958.01,9047.6175,19005.6275,0.0930400745779112,0.428460307348442,0.002450221651455602,0.0,0.10115367145862457,0.12390974725775301,0.12781088127713755,0.1231750964286762,0.5239506035778088,0.4760493964221913
Gwh,2022,5,2047.3385,7748.943,139.1345,0.0,3165.8145,934.1925,2126.257,2320.4515,9935.416,8546.7155,18482.1315,0.11077393860118354,0.4192667387957931,0.007528054867481059,0.0,0.17129055163361434,0.050545712219394176,0.11504392769849084,0.12555107618404296,0.5375687322644577,0.46243126773554233
Gwh,2022,6,316.379,1274.069,6.507,0.0,546.633125,90.221,413.997,335.139,1596.955,1385.990125,2982.945125,0.10606262828921467,0.4271178136406381,0.002181401174786948,0.0,0.18325282634892584,0.0302456117089985,0.1387880040200203,0.11235171481741556,0.5353618431046396,0.46463815689536025
