unit,year,month,coal,gas,oil,nuclear,hydro,wind,solar,other,fossil,low.carbon,total.prod,coal.perc,gas.perc,oil.perc,nuclear.perc,hydro.perc,wind.perc,solar.perc,other.perc,fossil.perc,low.carbon.perc
Gwh,2022,1,1881.362,12214.335,136.299,0.0,2506.41,2498.515,1002.329,2604.3735,14231.996,8611.6275,22843.6235,0.08235830011819271,0.5346934123651617,0.005966610332200581,0.0,0.10972033399167166,0.10937472332268126,0.04387784626199954,0.11400877360809243,0.623018322815555,0.3769816771844449
Gwh,2022,2,2120.775,10215.556,58.514,0.0,1752.221,2200.7995,1360.985,2298.052,12394.845,7612.0575,20006.9025,0.1060021660024584,0.5106015786301753,0.002924690616151101,0.0,0.0875808236682315,0.11000201055610682,0.06802577260522961,0.1148629579216473,0.6195284352487848,0.38047156475121524
Gwh,2022,3,2337.384,11323.59,101.1985,0.0,1670.329,2009.1355,1892.574,2548.12,13762.1725,8120.1585,21882.331,0.10681604258705346,0.5174764059642458,0.004624667271507775,0.0,0.07633231578482201,0.09181542405148703,0.08648868349537352,0.11644646084551047,0.6289171158228071,0.37108288417719304
Gwh,2022,4,1759.027,8154.805,50.429,0.0,1910.8255,2379.644,2336.073,2344.991,9964.261,8971.5335,18935.7945,0.0928942801951088,0.43065555025958907,0.0026631573341166117,0.0,0.10091076453116345,0.1256690866601874,0.12336810055685807,0.12383906046297662,0.5262129877888145,0.4737870122111855
Gwh,2022,5,792.7085,2858.8385,77.9935,0.0,715.2235,233.28,441.356,810.4265,3729.5405,2200.286,5929.8265,0.13368156724315627,0.4821116604339098,0.013152745700063905,0.0,0.12061457447363762,0.039340105482006935,0.07442983365533544,0.13666951301188998,0.62894597337713,0.37105402662287
