unit,year,month,coal,gas,oil,nuclear,hydro,wind,solar,other,fossil,low.carbon,total.prod,coal.perc,gas.perc,oil.perc,nuclear.perc,hydro.perc,wind.perc,solar.perc,other.perc,fossil.perc,low.carbon.perc
Gwh,2022,1,1881.362,12203.8935,136.299,0.0,2506.41,2498.515,1002.329,2604.3735,14221.5545,8611.6275,22833.182,0.08239596215717984,0.534480629988409,0.005969338833282194,0.0,0.10977050855198368,0.10942473983696183,0.04389791138177762,0.11406090925040584,0.622845930978871,0.377154069021129
Gwh,2022,2,2120.775,10215.556,58.514,0.0,1752.221,2200.7995,1360.985,2298.052,12394.845,7612.0575,20006.9025,0.1060021660024584,0.5106015786301753,0.002924690616151101,0.0,0.0875808236682315,0.11000201055610682,0.06802577260522961,0.1148629579216473,0.6195284352487848,0.38047156475121524
Gwh,2022,3,2337.384,11323.59,101.1985,0.0,1670.329,2009.1355,1892.574,2548.12,13762.1725,8120.1585,21882.331,0.10681604258705346,0.5174764059642458,0.004624667271507775,0.0,0.07633231578482201,0.09181542405148703,0.08648868349537352,0.11644646084551047,0.6289171158228071,0.37108288417719304
Gwh,2022,4,1761.491,8150.605,49.332,0.0,1914.4835,2372.5525,2344.404,2343.093,9961.428,8974.533,18935.961,0.09302358618081227,0.43042996339082024,0.0026052018167971513,0.0,0.10110305465880502,0.12529348259642065,0.12380697235276308,0.12373773900358159,0.5260587513884297,0.47394124861157033
Gwh,2022,5,1151.4385,4487.418,106.2785,0.0,1524.305263,412.3315,1010.118,1354.396,5745.135,4301.150763000001,10046.285763,0.11461335334902517,0.4466743337649174,0.010578884824421254,0.0,0.15172824056169543,0.04104317851664121,0.10054641325455994,0.13481559572873958,0.5718665719383639,0.42813342806163623
