unit,year,month,coal,gas,oil,nuclear,hydro,wind,solar,other,fossil,low.carbon,total.prod,coal.perc,gas.perc,oil.perc,nuclear.perc,hydro.perc,wind.perc,solar.perc,other.perc,fossil.perc,low.carbon.perc
Gwh,2022,1,1881.362,12221.776,135.9635,0.0,2506.41,2493.9065,1002.329,2604.3735,14239.1015,8607.019,22846.1205,0.08234929864788203,0.5349606730823292,0.00595127299621833,0.0,0.10970834194803444,0.10916104990341795,0.04387305056891387,0.11399631285320412,0.6232612447264296,0.3767387552735704
Gwh,2022,2,2120.775,10215.68,58.514,0.0,1752.221,2197.4785,1360.985,2298.052,12394.969,7608.7365,20003.7055,0.10601910730989317,0.5106893820247453,0.0029251580413438903,0.0,0.0875948208695634,0.10985357187947004,0.06803664451068828,0.11488131536429588,0.6196336473759824,0.3803663526240176
Gwh,2022,3,2337.384,11323.59,100.1725,0.0,1671.4965,2008.763,1892.574,2548.12,13761.1465,8120.9535,21882.1,0.10681717019847273,0.5174818687420312,0.004577828453393413,0.0,0.07638647570388583,0.09179937026153798,0.08648959651952967,0.11644769012114925,0.6288768673938974,0.3711231326061027
Gwh,2022,4,1769.31,8138.419,46.57,0.0,1923.3375,2353.147,2426.044,2341.097,9954.299,9043.6255,18997.9245,0.09313175236589659,0.42838463749026895,0.0024513204060790956,0.0,0.10123934854041555,0.1238633725489329,0.1277004759125135,0.12322909273589334,0.5239677102622448,0.4760322897377553
Gwh,2022,5,1983.8045,7644.739,127.173,0.0,3332.77,1124.424,2407.127,2350.794,9755.7165,9215.115,18970.8315,0.10457129936555495,0.4029733224924801,0.006703607061187592,0.0,0.1756786464525817,0.05927120274090252,0.1268856876410504,0.1239162342462427,0.5142482289192226,0.48575177108077733
Gwh,2022,6,2305.822,9218.284,57.299375,0.0,3394.99,1248.3455,2575.066,2180.7095,11581.405375,9399.111,20980.516375,0.10990301472024662,0.43937355188189453,0.0027310755357898096,0.0,0.1618163223115618,0.059500227624878936,0.1227360639735446,0.10393974395208373,0.552007642137931,0.4479923578620691
