unit,year,month,coal,gas,oil,nuclear,hydro,wind,solar,other,fossil,low.carbon,total.prod,coal.perc,gas.perc,oil.perc,nuclear.perc,hydro.perc,wind.perc,solar.perc,other.perc,fossil.perc,low.carbon.perc
Gwh,2022,1,1881.362,12203.8935,136.299,0.0,2506.41,2498.515,1002.329,2604.3735,14221.5545,8611.6275,22833.182,0.08239596215717984,0.534480629988409,0.005969338833282194,0.0,0.10977050855198368,0.10942473983696183,0.04389791138177762,0.11406090925040584,0.622845930978871,0.377154069021129
Gwh,2022,2,2120.775,10215.556,58.514,0.0,1752.221,2199.0165,1360.985,2298.052,12394.845,7610.2745,20005.1195,0.10601161367718898,0.5106470871118766,0.00292495128559467,0.0,0.08758862950056359,0.10992268754005693,0.06803183555089486,0.11487319533382442,0.6195836520746602,0.3804163479253398
Gwh,2022,3,2337.384,11323.59,101.1985,0.0,1670.329,2009.1355,1892.574,2548.12,13762.1725,8120.1585,21882.331,0.10681604258705346,0.5174764059642458,0.004624667271507775,0.0,0.07633231578482201,0.09181542405148703,0.08648868349537352,0.11644646084551047,0.6289171158228071,0.37108288417719304
Gwh,2022,4,1763.059,8148.604,49.332,0.0,1915.0345,2368.566,2357.353,2342.567,9960.995,8983.5205,18944.5155,0.09306434888767674,0.43012997614006016,0.0026040254236113876,0.0,0.10108648595420663,0.12502647534058073,0.12443458899753862,0.12365409925632566,0.5257983504513483,0.4742016495486517
Gwh,2022,5,1338.1235,5145.872,108.2935,0.0,1913.3615,514.2585,1312.447,1555.708,6592.289,5295.775,11888.064,0.11256025371330436,0.43286038836937624,0.009109431106696599,0.0,0.16094811568982131,0.043258389254970366,0.11040039824819246,0.13086302361763866,0.5545300731893772,0.4454699268106228
