unit,year,month,coal,gas,oil,nuclear,hydro,wind,solar,other,fossil,low.carbon,total.prod,coal.perc,gas.perc,oil.perc,nuclear.perc,hydro.perc,wind.perc,solar.perc,other.perc,fossil.perc,low.carbon.perc
Gwh,2022,1,1881.362,12217.4855,135.9635,0.0,2506.41,2495.874,1002.329,2604.3735,14234.811,8608.9865,22843.7975,0.0823576727993671,0.5348272545315638,0.005951878184877099,0.0,0.10971949825767803,0.10925827897047326,0.04387751204676017,0.11400790520928056,0.623136805515808,0.3768631944841921
Gwh,2022,2,2120.775,10215.68,58.514,0.0,1752.221,2197.4785,1360.985,2298.052,12394.969,7608.7365,20003.7055,0.10601910730989317,0.5106893820247453,0.0029251580413438903,0.0,0.0875948208695634,0.10985357187947004,0.06803664451068828,0.11488131536429588,0.6196336473759824,0.3803663526240176
Gwh,2022,3,2337.384,11323.59,100.1725,0.0,1671.4965,2009.1355,1892.574,2548.12,13761.1465,8121.326,21882.4725,0.10681535187579923,0.5174730597742098,0.004577750526134558,0.0,0.07638517539551347,0.09181483033967026,0.08648812422819223,0.11644570786048057,0.6288661621761436,0.3711338378238565
Gwh,2022,4,1769.31,8138.419,46.57,0.0,1923.3375,2354.761,2426.044,2341.097,9954.299,9045.2395,18999.5385,0.09312384087645076,0.4283482464587232,0.0024511121678034444,0.0,0.10123074831528146,0.12393779985761234,0.12768962782964438,0.12321862449448445,0.5239231995029775,0.4760768004970226
Gwh,2022,5,1983.0855,7654.062,127.168,0.0,3332.5085,1128.125,2399.027,2352.537,9764.3155,9212.1975,18976.513,0.10450210215122241,0.40334396524798843,0.006701336541650197,0.0,0.17561226870289606,0.05944848771742206,0.12642085508544168,0.12397098455337922,0.5145474039408611,0.48545259605913904
Gwh,2022,6,1743.4265,7123.923,33.427,0.0,2634.829,1034.1415,1957.9825,1706.191,8900.7765,7333.144,16233.9205,0.10739405185580403,0.43882948669115385,0.002059083632940053,0.0,0.16230392405827046,0.06370251104777801,0.1206105758618197,0.10510036685223388,0.548282622179898,0.4517173778201021
