unit,year,month,coal,gas,oil,nuclear,hydro,wind,solar,other,fossil,low.carbon,total.prod,coal.perc,gas.perc,oil.perc,nuclear.perc,hydro.perc,wind.perc,solar.perc,other.perc,fossil.perc,low.carbon.perc
Gwh,2022,1,1881.362,12223.712,136.299,0.0,2506.41,2493.596,1002.329,2604.3735,14241.373,8606.7085,22848.0815,0.08234223079079966,0.5349994921893113,0.005965446157919211,0.0,0.10969892592513729,0.10913809109093033,0.04386928504259756,0.11398652880330457,0.6233071691380302,0.37669283086196975
Gwh,2022,2,2120.775,10215.68,58.514,0.0,1752.221,2197.1475,1360.985,2298.052,12394.969,7608.4055,20003.3745,0.10602086163012145,0.51069783250821,0.0029252064445426445,0.0,0.08759627031929038,0.10983884244130908,0.06803777032720153,0.11488321632932483,0.6196439005828741,0.3803560994171258
Gwh,2022,3,2337.384,11323.59,101.1985,0.0,1671.4965,2008.763,1892.574,2548.12,13762.1725,8120.9535,21883.126,0.1068121620284049,0.5174576063767123,0.004624499260297637,0.0,0.07638289429033128,0.09179506620763413,0.0864855414167062,0.11644223041991349,0.6288942676654149,0.3711057323345851
Gwh,2022,4,1769.31,8138.419,46.57,0.0,1923.3375,2352.319,2426.044,2341.097,9954.299,9042.7975,18997.0965,0.09313581156994176,0.4284033088951251,0.0024514272483692444,0.0,0.10124376111896889,0.12382518560138914,0.12770604181539005,0.12323446375081583,0.5239905477134361,0.47600945228656394
Gwh,2022,5,1961.207,7477.6245,122.067,0.0,3312.0745,1108.271,2537.6315,2361.875,9560.8985,9319.852,18880.7505,0.1038733603306712,0.3960448765000099,0.0064651561387880216,0.0,0.17542070162941883,0.05869846116551353,0.13440310542740344,0.12509433880819515,0.5063833929694691,0.493616607030531
Gwh,2022,6,2385.823,9672.452,65.7715,0.0,3536.4875,1263.8615,2660.503,2265.689,12124.0465,9726.541,21850.5875,0.10918804814744683,0.44266324646877336,0.0030100563657613323,0.0,0.1618486230633387,0.05784107635549845,0.12175887719266129,0.10369007240651995,0.5548613509819816,0.4451386490180183
Gwh,2022,7,1079.955,4222.102,98.278,0.0,1449.2165,594.646,1219.232,966.144,5400.335,4229.2385,9629.5735,0.11214982678100956,0.43845160951313156,0.010205851796032296,0.0,0.15049643683596162,0.06175205994325709,0.1266132918555531,0.1003309232750547,0.5608072880901734,0.43919271190982656
