unit,year,month,coal,gas,oil,nuclear,hydro,wind,solar,other,fossil,low.carbon,total.prod,coal.perc,gas.perc,oil.perc,nuclear.perc,hydro.perc,wind.perc,solar.perc,other.perc,fossil.perc,low.carbon.perc
Gwh,2022,1,1881.362,12223.712,135.9635,0.0,2506.41,2493.596,1002.329,2604.3735,14241.0375,8606.7085,22847.746,0.08234343991744307,0.5350073482084403,0.005950849593653572,0.0,0.10970053676191953,0.10913969369232308,0.04386992922627904,0.11398820259994139,0.6233016377195371,0.37669836228046305
Gwh,2022,2,2120.775,10215.68,58.514,0.0,1752.221,2197.1475,1360.985,2298.052,12394.969,7608.4055,20003.3745,0.10602086163012145,0.51069783250821,0.0029252064445426445,0.0,0.08759627031929038,0.10983884244130908,0.06803777032720153,0.11488321632932483,0.6196439005828741,0.3803560994171258
Gwh,2022,3,2337.384,11323.59,100.1725,0.0,1671.4965,2008.763,1892.574,2548.12,13761.1465,8120.9535,21882.1,0.10681717019847273,0.5174818687420312,0.004577828453393413,0.0,0.07638647570388583,0.09179937026153798,0.08648959651952967,0.11644769012114925,0.6288768673938974,0.3711231326061027
Gwh,2022,4,1769.31,8138.419,46.57,0.0,1923.3375,2352.319,2426.044,2341.097,9954.299,9042.7975,18997.0965,0.09313581156994176,0.4284033088951251,0.0024514272483692444,0.0,0.10124376111896889,0.12382518560138914,0.12770604181539005,0.12323446375081583,0.5239905477134361,0.47600945228656394
Gwh,2022,5,1961.027,7482.7315,123.076,0.0,3312.59,1108.606,2537.6005,2362.749,9566.8345,9321.5455,18888.38,0.10382187355400516,0.3961552817128838,0.006515963783024272,0.0,0.17537713663109278,0.05869248712700612,0.13434717535331245,0.1250900818386754,0.5064931190499132,0.49350688095008677
Gwh,2022,6,2385.679,9672.6,65.7695,0.0,3536.624,1264.1355,2656.473,2266.54,12124.0485,9723.7725,21847.821,0.10919528313601617,0.44272607323174246,0.0030103459745482166,0.0,0.1618753650535676,0.05786094183030885,0.12158983726569345,0.1037421535081233,0.5549317023423068,0.4450682976576931
Gwh,2022,7,582.783,2608.663,46.806,0.0,821.945,208.765,635.086,509.867,3238.252,2175.663,5413.915,0.10764539155121572,0.4818440998796619,0.008645499606107594,0.0,0.15182081728287203,0.0385608196656209,0.11730623772260924,0.0941771342919126,0.5981349910369852,0.40186500896301475
