unit,year,month,coal,gas,oil,nuclear,hydro,wind,solar,other,fossil,low.carbon,total.prod,coal.perc,gas.perc,oil.perc,nuclear.perc,hydro.perc,wind.perc,solar.perc,other.perc,fossil.perc,low.carbon.perc
Gwh,2022,1,1881.362,12231.4915,136.299,0.0,2506.41,2492.737,1002.329,2604.3735,14249.1525,8605.8495,22855.002,0.0823172975438812,0.5351778792231128,0.005963639819414586,0.0,0.10966570906447524,0.1090674592809049,0.04385600141273232,0.11395201365547901,0.6234588165864086,0.3765411834135915
Gwh,2022,2,2120.775,10215.68,58.514,0.0,1752.221,2197.093,1360.985,2298.052,12394.969,7608.351,20003.32,0.10602115048901883,0.5106992239288278,0.0029252144144072084,0.0,0.08759650897950941,0.1098364171547523,0.0680379556993539,0.11488352933413054,0.6196455888322538,0.38035441116774615
Gwh,2022,3,2337.384,11323.59,101.1985,0.0,1671.4965,2008.763,1892.574,2548.12,13762.1725,8120.9535,21883.126,0.1068121620284049,0.5174576063767123,0.004624499260297637,0.0,0.07638289429033128,0.09179506620763413,0.0864855414167062,0.11644223041991349,0.6288942676654149,0.3711057323345851
Gwh,2022,4,1769.31,8138.419,46.57,0.0,1923.3375,2350.2015,2426.044,2341.097,9954.299,9040.68,18994.979,0.0931461940547552,0.42845106593695104,0.0024517005257020815,0.0,0.10125504745227674,0.12372751241262231,0.12772027807980205,0.12324820153789064,0.5240489605174083,0.4759510394825917
Gwh,2022,5,1961.207,7477.6245,122.067,0.0,3312.0745,1108.271,2537.6315,2361.875,9560.8985,9319.852,18880.7505,0.1038733603306712,0.3960448765000099,0.0064651561387880216,0.0,0.17542070162941883,0.05869846116551353,0.13440310542740344,0.12509433880819515,0.5063833929694691,0.493616607030531
Gwh,2022,6,2385.016,9672.153,65.0475,0.0,3529.5185,1260.0625,2667.328,2262.376,12122.2165,9719.285,21841.5015,0.10919652204313884,0.4428337035345304,0.002978160636071655,0.0,0.16159688014123025,0.05769120314370329,0.12212200704241877,0.10358152345890691,0.5550083862137409,0.4449916137862592
Gwh,2022,7,1846.005,7327.815,170.7505,0.0,2329.2035,738.803,1993.484,1594.243,9344.5705,6655.7335,16000.304,0.1153731204107122,0.45797973588501817,0.010671703487633735,0.0,0.1455724528733954,0.04617431018810642,0.12459038278272712,0.09963829437240691,0.5840245597833641,0.4159754402166359
