unit,year,month,coal,gas,oil,nuclear,hydro,wind,solar,other,fossil,low.carbon,total.prod,coal.perc,gas.perc,oil.perc,nuclear.perc,hydro.perc,wind.perc,solar.perc,other.perc,fossil.perc,low.carbon.perc
Gwh,2022,1,1881.362,12214.466,136.299,0.0,2506.41,2498.515,1002.329,2604.3735,14232.127,8611.6275,22843.7545,0.08235782782554418,0.534696080716504,0.00596657611602331,0.0,0.1097197047884576,0.10937409610140925,0.04387759463970776,0.11400811981235398,0.6230204846580715,0.37697951534192864
Gwh,2022,2,2120.775,10215.556,58.514,0.0,1752.221,2201.163,1360.985,2298.052,12394.845,7612.421,20007.266,0.10600024011276704,0.51059230181675,0.0029246374792038054,0.0,0.08757923246484553,0.11001818039506248,0.06802453668582203,0.11486087104554916,0.6195171794087208,0.3804828205912792
Gwh,2022,3,2337.277,11325.876,101.8515,0.0,1668.497,2017.8215,1892.699,2549.225,13765.0045,8128.2425,21893.247,0.10675789662447055,0.5173228073478549,0.004652187955491481,0.0,0.0762105776269733,0.09216638811045251,0.08645126965406275,0.11643887268069464,0.6287328919278168,0.3712671080721832
Gwh,2022,4,1759.02,8154.884,50.771,0.0,1910.8985,2380.746,2337.031,2345.445,9964.675,8974.1205,18938.7955,0.09287919075951794,0.43059148085737553,0.0026807935066409053,0.0,0.10089862895451825,0.12570736085090523,0.12339913591653703,0.1238434091545051,0.5261514651235344,0.47384853487646567
Gwh,2022,5,327.276,1092.794,20.0545,0.0,294.6875,67.311,325.113,305.616,1440.1245,992.7275,2432.852,0.13452359617436654,0.44918227660375565,0.008243205916348386,0.0,0.12112841225031364,0.02766752765889582,0.13363451619745056,0.12562046519886946,0.5919490786944706,0.4080509213055295
