unit,year,month,coal,gas,oil,nuclear,hydro,wind,solar,other,fossil,low.carbon,total.prod,coal.perc,gas.perc,oil.perc,nuclear.perc,hydro.perc,wind.perc,solar.perc,other.perc,fossil.perc,low.carbon.perc
Gwh,2022,1,1881.362,12214.335,136.299,0.0,2506.41,2498.515,1002.329,2604.3735,14231.996,8611.6275,22843.6235,0.08235830011819271,0.5346934123651617,0.005966610332200581,0.0,0.10972033399167166,0.10937472332268126,0.04387784626199954,0.11400877360809243,0.623018322815555,0.3769816771844449
Gwh,2022,2,2120.775,10215.556,58.514,0.0,1752.221,2200.7995,1360.985,2298.052,12394.845,7612.0575,20006.9025,0.1060021660024584,0.5106015786301753,0.002924690616151101,0.0,0.0875808236682315,0.11000201055610682,0.06802577260522961,0.1148629579216473,0.6195284352487848,0.38047156475121524
Gwh,2022,3,2337.384,11323.59,101.1985,0.0,1670.329,2009.1355,1892.574,2548.12,13762.1725,8120.1585,21882.331,0.10681604258705346,0.5174764059642458,0.004624667271507775,0.0,0.07633231578482201,0.09181542405148703,0.08648868349537352,0.11644646084551047,0.6289171158228071,0.37108288417719304
Gwh,2022,4,1759.425,8154.59,50.429,0.0,1911.1035,2378.777,2336.18,2344.673,9964.444,8970.7335,18935.1775,0.09291832622112994,0.4306582285801123,0.0026632441127103245,0.0,0.10092873436227359,0.12562739377542143,0.1233777713464793,0.123826301601873,0.5262397989139526,0.4737602010860474
Gwh,2022,5,845.9405,3116.908,86.47611500000001,0.0,806.314,250.093,441.356,884.2735,4049.3246150000004,2382.0365,6431.361115000001,0.131533665249646,0.4846420445479836,0.013446005200720252,0.0,0.12537221679551108,0.038886480719719306,0.06862559761581666,0.137493989870603,0.62962171499835,0.37037828500165004
