unit,year,month,coal,gas,oil,nuclear,hydro,wind,solar,other,fossil,low.carbon,total.prod,coal.perc,gas.perc,oil.perc,nuclear.perc,hydro.perc,wind.perc,solar.perc,other.perc,fossil.perc,low.carbon.perc
Gwh,2022,1,1881.362,12219.5705,135.9635,0.0,2506.41,2495.874,1002.329,2604.3735,14236.896,8608.9865,22845.8825,0.08235015653258307,0.5348697079222043,0.005951334994391222,0.0,0.10970948484918452,0.10924830765456313,0.04387350762221595,0.11399750042485775,0.6231711994491786,0.3768288005508214
Gwh,2022,2,2120.775,10215.68,58.514,0.0,1752.221,2197.4785,1360.985,2298.052,12394.969,7608.7365,20003.7055,0.10601910730989317,0.5106893820247453,0.0029251580413438903,0.0,0.0875948208695634,0.10985357187947004,0.06803664451068828,0.11488131536429588,0.6196336473759824,0.3803663526240176
Gwh,2022,3,2337.384,11323.59,100.1725,0.0,1671.4965,2008.763,1892.574,2548.12,13761.1465,8120.9535,21882.1,0.10681717019847273,0.5174818687420312,0.004577828453393413,0.0,0.07638647570388583,0.09179937026153798,0.08648959651952967,0.11644769012114925,0.6288768673938974,0.3711231326061027
Gwh,2022,4,1769.31,8138.419,46.57,0.0,1923.3375,2354.761,2426.044,2341.097,9954.299,9045.2395,18999.5385,0.09312384087645076,0.4283482464587232,0.0024511121678034444,0.0,0.10123074831528146,0.12393779985761234,0.12768962782964438,0.12321862449448445,0.5239231995029775,0.4760768004970226
Gwh,2022,5,1983.7455,7648.975,127.169,0.0,3333.493,1125.84,2403.464,2351.769,9759.8895,9214.566,18974.4555,0.10454821747058829,0.4031196046706057,0.00670211590524956,0.0,0.1756831968116292,0.05933450896654188,0.1266684042659353,0.12394395190945004,0.5143699380464435,0.4856300619535565
Gwh,2022,6,2024.623,7912.788,37.5895,0.0,3021.63,1144.9405,2318.57,1928.522,9975.0005,8413.6625,18388.663,0.1101016968987903,0.4303079565926027,0.0020441671044817123,0.0,0.16432026624230375,0.06226339022037654,0.1260869264937859,0.10487559644765908,0.5424538205958748,0.45754617940412523
