unit,year,month,coal,gas,oil,nuclear,hydro,wind,solar,other,fossil,low.carbon,total.prod,coal.perc,gas.perc,oil.perc,nuclear.perc,hydro.perc,wind.perc,solar.perc,other.perc,fossil.perc,low.carbon.perc
Gwh,2022,1,1881.362,12213.781,136.299,0.0,2506.41,2498.515,21.5455,2604.3735,14231.442,7630.844,21862.286,0.08605513622866337,0.5586689790811447,0.00623443495341704,0.0,0.11464537605994175,0.11428425188472971,0.0009855099324928784,0.11912631185961066,0.6509585502632249,0.34904144973677503
Gwh,2022,2,2120.775,10215.556,58.514,0.0,1752.221,2202.336,21.382,2298.052,12394.845,6273.991,18668.836,0.11359974451540525,0.5471983363076306,0.003134314319328747,0.0,0.09385807449377133,0.11796857608047978,0.0011453311818690787,0.12309562310151528,0.6639323951423645,0.3360676048576355
Gwh,2022,3,2336.283,11327.214,102.1735,0.0,1667.0815,2019.1515,17.5715,2550.431,13765.6705,6254.2355,20019.906,0.11669800048012213,0.5657975616868531,0.005103595391506834,0.0,0.08327119517943792,0.10085719183696468,0.0008777014237729188,0.12739475400134248,0.6875991575584821,0.31240084244151795
Gwh,2022,4,1714.398,7974.202,49.992,0.0,1836.3335,2348.9585,48.12,2265.497,9738.592,6498.909,16237.501,0.10558262629206304,0.4910978604404705,0.0030787988866020698,0.0,0.1130921254446728,0.1446625622994573,0.002963510210099448,0.13952251642663485,0.5997592856191356,0.4002407143808644
