unit,year,month,coal,gas,oil,nuclear,hydro,wind,solar,other,fossil,low.carbon,total.prod,coal.perc,gas.perc,oil.perc,nuclear.perc,hydro.perc,wind.perc,solar.perc,other.perc,fossil.perc,low.carbon.perc
Gwh,2022,1,1881.362,12217.4855,135.9635,0.0,2506.41,2495.874,1002.329,2604.3735,14234.811,8608.9865,22843.7975,0.0823576727993671,0.5348272545315638,0.005951878184877099,0.0,0.10971949825767803,0.10925827897047326,0.04387751204676017,0.11400790520928056,0.623136805515808,0.3768631944841921
Gwh,2022,2,2120.775,10215.68,58.514,0.0,1752.221,2197.4785,1360.985,2298.052,12394.969,7608.7365,20003.7055,0.10601910730989317,0.5106893820247453,0.0029251580413438903,0.0,0.0875948208695634,0.10985357187947004,0.06803664451068828,0.11488131536429588,0.6196336473759824,0.3803663526240176
Gwh,2022,3,2337.384,11323.59,100.1725,0.0,1671.4965,2008.763,1892.574,2548.12,13761.1465,8120.9535,21882.1,0.10681717019847273,0.5174818687420312,0.004577828453393413,0.0,0.07638647570388583,0.09179937026153798,0.08648959651952967,0.11644769012114925,0.6288768673938974,0.3711231326061027
Gwh,2022,4,1769.31,8138.419,46.57,0.0,1923.3375,2354.761,2426.044,2341.097,9954.299,9045.2395,18999.5385,0.09312384087645076,0.4283482464587232,0.0024511121678034444,0.0,0.10123074831528146,0.12393779985761234,0.12768962782964438,0.12321862449448445,0.5239231995029775,0.4760768004970226
Gwh,2022,5,1983.6545,7650.931,127.168,0.0,3333.6255,1127.752,2401.245,2351.964,9761.7535,9214.5865,18976.34,0.10453303956400445,0.403182647444133,0.006701397635160416,0.0,0.1756727324657969,0.05942937363053149,0.12653889000724058,0.12394191925313311,0.5144170846432979,0.48558291535670206
Gwh,2022,6,1931.2415,7737.948,34.731,0.0,2866.1355,1129.4315,2131.6135,1861.179,9703.9205,7988.3595,17692.28,0.10915729911577254,0.43736296282898535,0.001963059594354148,0.0,0.16199921660746947,0.06383753252831179,0.12048269075551597,0.10519723856959082,0.5484833215391121,0.45151667846088805
