unit,year,month,coal,gas,oil,nuclear,hydro,wind,solar,other,fossil,low.carbon,total.prod,coal.perc,gas.perc,oil.perc,nuclear.perc,hydro.perc,wind.perc,solar.perc,other.perc,fossil.perc,low.carbon.perc
Gwh,2022,1,1881.362,12203.8935,136.299,0.0,2506.41,2496.1885,1002.329,2604.3735,14221.5545,8609.301,22830.8555,0.08240435843501352,0.5345350944032736,0.005969947118275966,0.0,0.10978169433904918,0.10933398882052404,0.0439023846478289,0.1140725322360347,0.6229093999565631,0.3770906000434368
Gwh,2022,2,2120.775,10215.556,58.514,0.0,1752.221,2199.0165,1360.985,2298.052,12394.845,7610.2745,20005.1195,0.10601161367718898,0.5106470871118766,0.00292495128559467,0.0,0.08758862950056359,0.10992268754005693,0.06803183555089486,0.11487319533382442,0.6195836520746602,0.3804163479253398
Gwh,2022,3,2337.384,11323.59,101.1985,0.0,1670.329,2009.1355,1892.574,2548.12,13762.1725,8120.1585,21882.331,0.10681604258705346,0.5174764059642458,0.004624667271507775,0.0,0.07633231578482201,0.09181542405148703,0.08648868349537352,0.11644646084551047,0.6289171158228071,0.37108288417719304
Gwh,2022,4,1765.735,8136.317,48.408,0.0,1914.564,2357.1125,2385.325,2340.933,9950.46,8997.9345,18948.3945,0.0931865230059465,0.4293934771096306,0.0025547283174835738,0.0,0.10104096154426172,0.12439642313759092,0.12588533556233483,0.12354255132275192,0.5251347284330606,0.47486527156693936
Gwh,2022,5,1906.3755,7137.475,129.2885,0.0,2933.249375,848.1885,1961.105,2162.7675,9173.139,7905.310375,17078.449375,0.11162462458627044,0.4179228947124481,0.007570271583862689,0.0,0.1717515045185418,0.049664257063150384,0.11482921879727152,0.12663722873845507,0.5371177908825812,0.4628822091174188
