unit,year,month,coal,gas,oil,nuclear,hydro,wind,solar,other,fossil,low.carbon,total.prod,coal.perc,gas.perc,oil.perc,nuclear.perc,hydro.perc,wind.perc,solar.perc,other.perc,fossil.perc,low.carbon.perc
Gwh,2022,1,1881.362,12221.776,135.9635,0.0,2506.41,2493.9065,1002.329,2604.3735,14239.1015,8607.019,22846.1205,0.08234929864788203,0.5349606730823292,0.00595127299621833,0.0,0.10970834194803444,0.10916104990341795,0.04387305056891387,0.11399631285320412,0.6232612447264296,0.3767387552735704
Gwh,2022,2,2120.775,10215.68,58.514,0.0,1752.221,2197.1475,1360.985,2298.052,12394.969,7608.4055,20003.3745,0.10602086163012145,0.51069783250821,0.0029252064445426445,0.0,0.08759627031929038,0.10983884244130908,0.06803777032720153,0.11488321632932483,0.6196439005828741,0.3803560994171258
Gwh,2022,3,2337.384,11323.59,100.1725,0.0,1671.4965,2008.763,1892.574,2548.12,13761.1465,8120.9535,21882.1,0.10681717019847273,0.5174818687420312,0.004577828453393413,0.0,0.07638647570388583,0.09179937026153798,0.08648959651952967,0.11644769012114925,0.6288768673938974,0.3711231326061027
Gwh,2022,4,1769.31,8138.419,46.57,0.0,1923.3375,2353.061,2426.044,2341.097,9954.299,9043.5395,18997.8385,0.09313217395757943,0.42838657671502994,0.0024513315027917515,0.0,0.10123980683381427,0.12385940642668375,0.12770105399095796,0.12322965057314283,0.5239700821754012,0.47602991782459886
Gwh,2022,5,1984.1325,7642.816,127.174,0.0,3332.1825,1123.266,2408.831,2350.407,9754.1225,9214.6865,18968.809,0.10459974055303102,0.40291491152660136,0.006704374534004744,0.0,0.17566640583496831,0.059216474792908716,0.1269890481790396,0.12390904457944618,0.514219026613637,0.4857809733863628
Gwh,2022,6,2385.9625,9667.333,65.8626,0.0,3532.3735,1264.1685,2656.597,2265.896,12119.158099999999,9719.035,21838.1931,0.10925640638281563,0.44268007686038824,0.0030159363322050667,0.0,0.16175209568963836,0.05788796235161049,0.12164912123613378,0.10375840114720847,0.5549524195754089,0.4450475804245911
Gwh,2022,7,77.5705,392.427,8.703899999999999,0.0,102.901,20.481,108.695,75.4845,478.70140000000004,307.5615,786.2629000000001,0.09865720486112214,0.4991040528556034,0.011069961459455862,0.0,0.13087352843431885,0.0260485392354135,0.13824256492325912,0.0960041482308271,0.6088312191761814,0.3911687808238186
