unit,year,month,coal,gas,oil,nuclear,hydro,wind,solar,other,fossil,low.carbon,total.prod,coal.perc,gas.perc,oil.perc,nuclear.perc,hydro.perc,wind.perc,solar.perc,other.perc,fossil.perc,low.carbon.perc
Gwh,2022,1,1881.362,12214.335,136.299,0.0,2506.41,2498.515,1002.329,2604.3735,14231.996,8611.6275,22843.6235,0.08235830011819271,0.5346934123651617,0.005966610332200581,0.0,0.10972033399167166,0.10937472332268126,0.04387784626199954,0.11400877360809243,0.623018322815555,0.3769816771844449
Gwh,2022,2,2120.775,10215.556,58.514,0.0,1752.221,2200.7995,1360.985,2298.052,12394.845,7612.0575,20006.9025,0.1060021660024584,0.5106015786301753,0.002924690616151101,0.0,0.0875808236682315,0.11000201055610682,0.06802577260522961,0.1148629579216473,0.6195284352487848,0.38047156475121524
Gwh,2022,3,2337.384,11323.59,101.1985,0.0,1670.329,2009.1355,1892.574,2548.12,13762.1725,8120.1585,21882.331,0.10681604258705346,0.5174764059642458,0.004624667271507775,0.0,0.07633231578482201,0.09181542405148703,0.08648868349537352,0.11644646084551047,0.6289171158228071,0.37108288417719304
Gwh,2022,4,1759.02,8154.781,50.77,0.0,1910.8425,2380.042,2336.611,2345.204,9964.571,8972.6995,18937.2705,0.09288667023053825,0.430620716961296,0.002680956582417725,0.0,0.1009037970915608,0.12568030857456464,0.12338689464249877,0.12384065591712387,0.5261883437742519,0.4738116562257481
Gwh,2022,5,740.874,2597.2755,69.8965,0.0,640.638,213.968,441.356,735.078,3408.046,2031.04,5439.086,0.13621295930970756,0.47752057974446444,0.012850780443626007,0.0,0.1177841277008674,0.039338962465384805,0.0811452512425801,0.13514733909336973,0.6265843194977979,0.373415680502202
