unit,year,month,coal,gas,oil,nuclear,hydro,wind,solar,other,fossil,low.carbon,total.prod,coal.perc,gas.perc,oil.perc,nuclear.perc,hydro.perc,wind.perc,solar.perc,other.perc,fossil.perc,low.carbon.perc
Gwh,2022,1,1881.362,12203.8935,136.299,0.0,2506.41,2498.515,1002.329,2604.3735,14221.5545,8611.6275,22833.182,0.08239596215717984,0.534480629988409,0.005969338833282194,0.0,0.10977050855198368,0.10942473983696183,0.04389791138177762,0.11406090925040584,0.622845930978871,0.377154069021129
Gwh,2022,2,2120.775,10215.556,58.514,0.0,1752.221,2199.0165,1360.985,2298.052,12394.845,7610.2745,20005.1195,0.10601161367718898,0.5106470871118766,0.00292495128559467,0.0,0.08758862950056359,0.10992268754005693,0.06803183555089486,0.11487319533382442,0.6195836520746602,0.3804163479253398
Gwh,2022,3,2337.384,11323.59,101.1985,0.0,1670.329,2009.1355,1892.574,2548.12,13762.1725,8120.1585,21882.331,0.10681604258705346,0.5174764059642458,0.004624667271507775,0.0,0.07633231578482201,0.09181542405148703,0.08648868349537352,0.11644646084551047,0.6289171158228071,0.37108288417719304
Gwh,2022,4,1765.111,8144.739,49.027,0.0,1915.002,2363.457,2375.86,2342.1,9958.877,8996.419,18955.296,0.09311967483915842,0.42968144628287525,0.0025864539387831244,0.0,0.1010272801859702,0.12468583977797024,0.1253401687844917,0.12355913619075112,0.5253875750608168,0.47461242493918326
Gwh,2022,5,1459.1205,5528.348,112.5325,0.0,2179.4678849999996,578.4385,1495.31,1695.732,7100.001,5948.948385,13048.949385,0.1118190022008427,0.4236623069712367,0.008623874357989166,0.0,0.16702247979483595,0.04432835801056331,0.11459236723830697,0.1299516114262252,0.5441051835300685,0.45589481646993146
