unit,year,month,coal,oil,gas,nuclear,hydro,wind,solar,other,fossil,low.carbon,total.prod,coal.perc,oil.perc,gas.perc,nuclear.perc,hydro.perc,wind.perc,solar.perc,other.perc,fossil.perc,low.carbon.perc
Gwh,2022,1,1881.362,136.299,12216.841,0.0,2505.0925,2498.515,21.5455,2604.3735,14234.502,7629.5265,21864.0285,0.08604827788255033,0.006233938086935809,0.5587644106848836,0.0,0.11457598035970362,0.11427514375953177,0.000985431390194172,0.11911681783620069,0.6510466266543697,0.34895337334563026
Gwh,2022,2,2120.775,58.514,10215.556,0.0,1750.0875,2201.163,21.382,2298.052,12394.845,6270.6845,18665.5295,0.1136198681103582,0.003134869546561752,0.5472952696037903,0.0,0.09376039935004254,0.11792663047678342,0.0011455340712407864,0.12311742884122308,0.6640500072607102,0.3359499927392898
Gwh,2022,3,2335.728,102.7595,11327.421,0.0,1668.5715,2031.4405,17.5245,2552.475,13765.9085,6270.0115,20035.92,0.11657702765832566,0.005128763740322381,0.5653556712144988,0.0,0.08327900590539392,0.10138992868807623,0.0008746541211983278,0.12739494867218476,0.6870614626131468,0.31293853738685323
Gwh,2022,4,1462.943,41.871,6262.321,0.0,1330.17,1869.038,27.3675,1716.901,7767.135,4943.4765,12710.6115,0.11509619344435158,0.0032941766806419974,0.4926844786342498,0.0,0.10465035454824498,0.1470454824301726,0.0021531222160318564,0.13507619204630714,0.6110748487592433,0.38892515124075655
