unit,year,month,coal,gas,oil,nuclear,hydro,wind,solar,other,fossil,low.carbon,total.prod,coal.perc,gas.perc,oil.perc,nuclear.perc,hydro.perc,wind.perc,solar.perc,other.perc,fossil.perc,low.carbon.perc
Gwh,2022,1,1881.362,12214.335,136.299,0.0,2506.41,2498.515,21.5455,2604.3735,14231.996,7630.844,21862.84,0.08605295560869494,0.5586801623210891,0.0062342769740802205,0.0,0.11464247096900493,0.11428135594460738,0.000985484959867977,0.11912329322265544,0.6509673949038642,0.3490326050961357
Gwh,2022,2,2120.775,10215.556,58.514,0.0,1752.221,2202.2185,21.382,2298.052,12394.845,6273.8735,18668.7185,0.11360045950663407,0.547201780347162,0.00313433404654958,0.0,0.09385866523189582,0.11796302461789222,0.0011453383905274486,0.12309639785933889,0.6639365739003457,0.33606342609965434
Gwh,2022,3,2336.961,11326.278,101.8535,0.0,1667.7405,2020.5035,17.5785,2549.811,13765.0925,6255.6335,20020.726,0.11672708572106726,0.5657276364503465,0.005087402924349497,0.0,0.08330070048408834,0.10092059099155545,0.0008780151129384619,0.1273585683156545,0.6875421250957633,0.31245787490423677
Gwh,2022,4,1759.02,8154.884,50.771,0.0,1910.8985,2380.8905,52.128,2345.445,9964.675,6689.362,16654.037,0.1056212376614751,0.48966409765992475,0.0030485701454848455,0.0,0.1147408583276235,0.14296176356519444,0.003130051890721751,0.1408334207495756,0.5983339054668847,0.4016660945331153
Gwh,2022,5,132.411,422.337,3.721,0.0,142.3135,39.933,5.4285,148.135,558.469,335.81,894.279,0.14806453019695195,0.47226536684860093,0.004160893859746231,0.0,0.15913769640123496,0.044653849637529226,0.006070253243115403,0.16564740981282128,0.6244907909052992,0.37550920909470087
