unit,year,month,coal,gas,oil,nuclear,hydro,wind,solar,other,fossil,low.carbon,total.prod,coal.perc,gas.perc,oil.perc,nuclear.perc,hydro.perc,wind.perc,solar.perc,other.perc,fossil.perc,low.carbon.perc
Gwh,2022,1,1881.362,12223.712,136.299,0.0,2506.41,2493.596,1002.329,2604.3735,14241.373,8606.7085,22848.0815,0.08234223079079966,0.5349994921893113,0.005965446157919211,0.0,0.10969892592513729,0.10913809109093033,0.04386928504259756,0.11398652880330457,0.6233071691380302,0.37669283086196975
Gwh,2022,2,2120.775,10215.68,58.514,0.0,1752.221,2197.1475,1360.985,2298.052,12394.969,7608.4055,20003.3745,0.10602086163012145,0.51069783250821,0.0029252064445426445,0.0,0.08759627031929038,0.10983884244130908,0.06803777032720153,0.11488321632932483,0.6196439005828741,0.3803560994171258
Gwh,2022,3,2337.384,11323.59,101.1985,0.0,1671.4965,2008.763,1892.574,2548.12,13762.1725,8120.9535,21883.126,0.1068121620284049,0.5174576063767123,0.004624499260297637,0.0,0.07638289429033128,0.09179506620763413,0.0864855414167062,0.11644223041991349,0.6288942676654149,0.3711057323345851
Gwh,2022,4,1769.31,8138.419,46.57,0.0,1923.3375,2352.319,2426.044,2341.097,9954.299,9042.7975,18997.0965,0.09313581156994176,0.4284033088951251,0.0024514272483692444,0.0,0.10124376111896889,0.12382518560138914,0.12770604181539005,0.12323446375081583,0.5239905477134361,0.47600945228656394
Gwh,2022,5,1961.207,7477.6245,122.067,0.0,3312.0745,1108.271,2537.6315,2361.875,9560.8985,9319.852,18880.7505,0.1038733603306712,0.3960448765000099,0.0064651561387880216,0.0,0.17542070162941883,0.05869846116551353,0.13440310542740344,0.12509433880819515,0.5063833929694691,0.493616607030531
Gwh,2022,6,2385.823,9672.65,65.7705,0.0,3536.5155,1263.9515,2659.68,2265.96,12124.2435,9726.107,21850.3505,0.10918923245647706,0.4426771094587247,0.003010043248505327,0.0,0.16185165999968743,0.05784582265625441,0.12172253255159453,0.10370359962875653,0.5548763851637071,0.44512361483629287
Gwh,2022,7,899.183,3461.714,80.568,0.0,1240.9975,533.956,1030.852,802.233,4441.465,3608.0385,8049.5035,0.11170664128539108,0.43005310824450227,0.010009064534228725,0.0,0.1541706889126764,0.06633402917335213,0.12806404767697785,0.09966242017287152,0.5517688140641221,0.4482311859358779
