unit,year,month,coal,gas,oil,nuclear,hydro,wind,solar,other,fossil,low.carbon,total.prod,coal.perc,gas.perc,oil.perc,nuclear.perc,hydro.perc,wind.perc,solar.perc,other.perc,fossil.perc,low.carbon.perc
Gwh,2022,1,1881.362,12203.8935,136.299,0.0,2506.41,2498.515,21.5455,2604.3735,14221.5545,7630.844,21852.3985,0.08609407338054906,0.5584692911398261,0.006237255832580575,0.0,0.11469724936601353,0.11433596179385068,0.0009859558437029237,0.11918021264347711,0.6508006203529558,0.34919937964704423
Gwh,2022,2,2120.775,10215.556,58.514,0.0,1752.221,2202.2185,21.382,2298.052,12394.845,6273.8735,18668.7185,0.11360045950663407,0.547201780347162,0.00313433404654958,0.0,0.09385866523189582,0.11796302461789222,0.0011453383905274486,0.12309639785933889,0.6639365739003457,0.33606342609965434
Gwh,2022,3,2336.865,11326.556,101.8535,0.0,1667.5255,2021.5915,17.5715,2550.007,13765.2745,6256.6955,20021.97,0.11671503853017459,0.5657063715508514,0.005087086835111629,0.0,0.08328478666185195,0.10096866092597281,0.0008776109443776012,0.12736044455165998,0.6875084969161376,0.31249150308386237
Gwh,2022,4,1759.02,8154.884,50.771,0.0,1910.8985,2380.8905,52.128,2345.445,9964.675,6689.362,16654.037,0.1056212376614751,0.48966409765992475,0.0030485701454848455,0.0,0.1147408583276235,0.14296176356519444,0.003130051890721751,0.1408334207495756,0.5983339054668847,0.4016660945331153
Gwh,2022,5,53.238,137.248,0.668,0.0,69.575,16.439,3.92,68.813,191.154,158.747,349.901,0.15215160859786053,0.392248093032029,0.0019091114343771525,0.0,0.1988419581538778,0.046981860583422165,0.011203168896344966,0.1966641993020883,0.5463088130642667,0.4536911869357333
