unit,year,month,coal,gas,oil,nuclear,hydro,wind,solar,other,fossil,low.carbon,total.prod,coal.perc,gas.perc,oil.perc,nuclear.perc,hydro.perc,wind.perc,solar.perc,other.perc,fossil.perc,low.carbon.perc
Gwh,2022,1,479.372,0.0,0.0,0.0,0.95,9.222,0.0,0.0,479.372,10.172,489.544,0.9792214795809979,0.0,0.0,0.0,0.0019405814390534865,0.018837938979948687,0.0,0.0,0.9792214795809979,0.020778520419002175
Gwh,2022,2,500.804,0.0,0.0,0.0,0.672,8.519,0.0,0.0,500.804,9.191,509.995,0.9819782546887714,0.0,0.0,0.0,0.0013176599770585986,0.016704085334169942,0.0,0.0,0.9819782546887714,0.01802174531122854
Gwh,2022,3,610.678,0.0,0.0,0.0,0.857,7.656,0.0,0.0,610.678,8.513,619.191,0.986251415152998,0.0,0.0,0.0,0.001384064044858533,0.01236452080214344,0.0,0.0,0.986251415152998,0.013748584847001975
Gwh,2022,4,515.548,0.0,0.0,0.0,3.2952049999999997,9.062,0.0,0.0,515.548,12.357205,527.9052049999999,0.9765920000731951,0.0,0.0,0.0,0.00624203923126691,0.017165960695538135,0.0,0.0,0.9765920000731951,0.023407999926805045
Gwh,2022,5,481.742,0.0,0.0,0.0,1.5217129999999999,4.199,0.0,0.0,481.742,5.720713,487.462713,0.9882643064845044,0.0,0.0,0.0,0.003121701331030831,0.008613992184464783,0.0,0.0,0.9882643064845044,0.011735693515495615
Gwh,2022,6,507.496,0.0,0.0,0.0,2.266082,8.8095,0.0,0.0,507.496,11.075582,518.571582,0.9786421346937595,0.0,0.0,0.0,0.004369853803519838,0.016988011502720564,0.0,0.0,0.9786421346937595,0.0213578653062404
Gwh,2022,7,409.463,0.0,0.0,0.0,0.0,14.2955,0.0,0.0,409.463,14.2955,423.7585,0.9662649834752577,0.0,0.0,0.0,0.0,0.03373501652474228,0.0,0.0,0.9662649834752577,0.03373501652474228
