unit,year,month,coal,gas,oil,nuclear,hydro,wind,solar,other,fossil,low.carbon,total.prod,coal.perc,gas.perc,oil.perc,nuclear.perc,hydro.perc,wind.perc,solar.perc,other.perc,fossil.perc,low.carbon.perc
Gwh,2022,1,522.997036,0.0,0.0,0.0,0.744,9.222,0.0,0.0,522.997036,9.966,532.9630360000001,0.9813007669822713,0.0,0.0,0.0,0.0013959692319074823,0.01730326378582097,0.0,0.0,0.9813007669822713,0.018699233017728453
Gwh,2022,2,514.257,0.0,0.0,0.0,0.672,8.519,0.0,0.0,514.257,9.191,523.448,0.9824414268466017,0.0,0.0,0.0,0.0012837951429750425,0.016274778010423194,0.0,0.0,0.9824414268466017,0.01755857315339824
Gwh,2022,3,606.322,0.0,0.0,0.0,0.744,7.656,0.0,0.0,606.322,8.4,614.722,0.9863352865197602,0.0,0.0,0.0,0.0012103031939641009,0.012454410286275747,0.0,0.0,0.9863352865197602,0.01366471348023985
Gwh,2022,4,514.82,0.0,0.0,0.0,0.696,8.966,0.0,0.0,514.82,9.662,524.482,0.9815780141167858,0.0,0.0,0.0,0.0013270236156817583,0.017094962267532536,0.0,0.0,0.9815780141167858,0.0184219858832143
