unit,year,month,coal,gas,oil,nuclear,hydro,wind,solar,other,fossil,low.carbon,total.prod,coal.perc,gas.perc,oil.perc,nuclear.perc,hydro.perc,wind.perc,solar.perc,other.perc,fossil.perc,low.carbon.perc
Gwh,2022,1,513.357909,0.0,0.0,0.0,0.744,9.222,0.0,0.0,513.357909,9.966,523.323909,0.980956344954612,0.0,0.0,0.0,0.0014216816529970544,0.017621973392390907,0.0,0.0,0.980956344954612,0.01904365504538796
Gwh,2022,2,512.991,0.0,0.0,0.0,0.672,8.519,0.0,0.0,512.991,9.191,522.182,0.982398857103462,0.0,0.0,0.0,0.001286907629906814,0.016314235266631175,0.0,0.0,0.982398857103462,0.01760114289653799
Gwh,2022,3,610.678,0.0,0.0,0.0,0.744,7.656,0.0,0.0,610.678,8.4,619.078,0.9864314351341834,0.0,0.0,0.0,0.001201787173829469,0.012366777691987116,0.0,0.0,0.9864314351341834,0.013568564865816587
Gwh,2022,4,525.0905,0.0,0.0,0.0,0.72,9.062,0.0,0.0,525.0905,9.782,534.8725,0.9817115293831709,0.0,0.0,0.0,0.0013461151956774746,0.01694235542115177,0.0,0.0,0.9817115293831709,0.018288470616829245
Gwh,2022,5,97.456,0.0,0.0,0.0,0.144,0.463,0.0,0.0,97.456,0.607,98.063,0.993810101669335,0.0,0.0,0.0,0.0014684437555449047,0.004721454575120076,0.0,0.0,0.993810101669335,0.006189898330664981
