unit,year,month,coal,gas,oil,nuclear,hydro,wind,solar,other,fossil,low.carbon,total.prod,coal.perc,gas.perc,oil.perc,nuclear.perc,hydro.perc,wind.perc,solar.perc,other.perc,fossil.perc,low.carbon.perc
Gwh,2022,1,507.2706,0.0,0.0,0.0,0.744,9.222,0.0,0.0,507.2706,9.966,517.2366,0.9807322219657311,0.0,0.0,0.0,0.0014384132909388083,0.017829364743330228,0.0,0.0,0.9807322219657311,0.01926777803426904
Gwh,2022,2,510.387,0.0,0.0,0.0,0.672,8.519,0.0,0.0,510.387,9.191,519.578,0.982310644407577,0.0,0.0,0.0,0.0012933573015023732,0.01639599829092071,0.0,0.0,0.982310644407577,0.017689355592423083
Gwh,2022,3,610.678,0.0,0.0,0.0,0.744,7.656,0.0,0.0,610.678,8.4,619.078,0.9864314351341834,0.0,0.0,0.0,0.001201787173829469,0.012366777691987116,0.0,0.0,0.9864314351341834,0.013568564865816587
Gwh,2022,4,437.3925,0.0,0.0,0.0,0.6,7.915,0.0,0.0,437.3925,8.515,445.9075,0.9809041112786844,0.0,0.0,0.0,0.0013455705499458967,0.01775031817136962,0.0,0.0,0.9809041112786844,0.01909588872131552
