unit,year,month,coal,gas,oil,nuclear,hydro,wind,solar,other,fossil,low.carbon,total.prod,coal.perc,gas.perc,oil.perc,nuclear.perc,hydro.perc,wind.perc,solar.perc,other.perc,fossil.perc,low.carbon.perc
Gwh,2022,1,492.83858100000003,0.0,0.0,0.0,0.744,9.222,0.0,0.0,492.83858100000003,9.966,502.804581,0.980179178200447,0.0,0.0,0.0,0.001479700122302585,0.01834112167725059,0.0,0.0,0.980179178200447,0.019820821799553173
Gwh,2022,2,507.0655,0.0,0.0,0.0,0.672,8.519,0.0,0.0,507.0655,9.191,516.2565,0.9821968343255727,0.0,0.0,0.0,0.001301678526081512,0.016501487148345834,0.0,0.0,0.9821968343255727,0.017803165674427347
Gwh,2022,3,610.678,0.0,0.0,0.0,0.744,7.656,0.0,0.0,610.678,8.4,619.078,0.9864314351341834,0.0,0.0,0.0,0.001201787173829469,0.012366777691987116,0.0,0.0,0.9864314351341834,0.013568564865816587
Gwh,2022,4,524.229,0.0,0.0,0.0,0.72,9.062,0.0,0.0,524.229,9.782,534.011,0.9816820252766331,0.0,0.0,0.0,0.0013482868330427652,0.016969687890324357,0.0,0.0,0.9816820252766331,0.018317974723367124
Gwh,2022,5,205.592,0.0,0.0,0.0,0.312,1.435,0.0,0.0,205.592,1.747,207.339,0.9915741852714637,0.0,0.0,0.0,0.0015047820236424407,0.006921032704893918,0.0,0.0,0.9915741852714637,0.008425814728536358
