unit,year,month,coal,oil,gas,nuclear,hydro,wind,solar,other,fossil,low.carbon,total.prod,coal.perc,oil.perc,gas.perc,nuclear.perc,hydro.perc,wind.perc,solar.perc,other.perc,fossil.perc,low.carbon.perc
Gwh,2022,1,480.36728600000004,0.0,0.0,0.0,0.744,9.222,0.0,0.0,480.36728600000004,9.966,490.33328600000004,0.9796750490236961,0.0,0.0,0.0,0.0015173352926319587,0.018807615683671938,0.0,0.0,0.9796750490236961,0.020324950976303897
Gwh,2022,2,500.804,0.0,0.0,0.0,0.672,8.519,0.0,0.0,500.804,9.191,509.995,0.9819782546887714,0.0,0.0,0.0,0.0013176599770585986,0.016704085334169942,0.0,0.0,0.9819782546887714,0.01802174531122854
Gwh,2022,3,610.678,0.0,0.0,0.0,0.744,7.656,0.0,0.0,610.678,8.4,619.078,0.9864314351341834,0.0,0.0,0.0,0.001201787173829469,0.012366777691987116,0.0,0.0,0.9864314351341834,0.013568564865816587
Gwh,2022,4,298.154,0.0,0.0,0.0,0.408,5.707,0.0,0.0,298.154,6.115,304.269,0.9799026519297069,0.0,0.0,0.0,0.0013409187265215976,0.018756429343771464,0.0,0.0,0.9799026519297069,0.020097348070293064
