unit,year,month,coal,gas,oil,nuclear,hydro,wind,solar,other,fossil,low.carbon,total.prod,coal.perc,gas.perc,oil.perc,nuclear.perc,hydro.perc,wind.perc,solar.perc,other.perc,fossil.perc,low.carbon.perc
Gwh,2022,1,521.907197,0.0,0.0,0.0,0.744,9.222,0.0,0.0,521.907197,9.966,531.8731969999999,0.981262451170293,0.0,0.0,0.0,0.0013988296537529794,0.017338719175954267,0.0,0.0,0.981262451170293,0.018737548829707247
Gwh,2022,2,514.257,0.0,0.0,0.0,0.672,8.519,0.0,0.0,514.257,9.191,523.448,0.9824414268466017,0.0,0.0,0.0,0.0012837951429750425,0.016274778010423194,0.0,0.0,0.9824414268466017,0.01755857315339824
Gwh,2022,3,606.7805,0.0,0.0,0.0,0.744,7.656,0.0,0.0,606.7805,8.4,615.1805,0.9863454709634,0.0,0.0,0.0,0.0012094011432416988,0.012445127893358127,0.0,0.0,0.9863454709634,0.013654529036599826
Gwh,2022,4,533.0185,0.0,0.0,0.0,0.72,9.062,0.0,0.0,533.0185,9.782,542.8005,0.981978645929766,0.0,0.0,0.0,0.001326454194496873,0.01669489987573703,0.0,0.0,0.981978645929766,0.018021354070233905
Gwh,2022,5,134.2955,0.0,0.0,0.0,0.192,0.848,0.0,0.0,134.2955,1.04,135.3355,0.9923153939653676,0.0,0.0,0.0,0.0014186964987013754,0.006265909535931075,0.0,0.0,0.9923153939653676,0.007684606034632451
