unit,year,month,coal,gas,oil,nuclear,hydro,wind,solar,other,fossil,low.carbon,total.prod,coal.perc,gas.perc,oil.perc,nuclear.perc,hydro.perc,wind.perc,solar.perc,other.perc,fossil.perc,low.carbon.perc
Gwh,2022,1,514.856144,0.0,0.0,0.0,0.744,9.222,0.0,0.0,514.856144,9.966,524.822144,0.9810107097920014,0.0,0.0,0.0,0.001417623110049259,0.01757166709794928,0.0,0.0,0.9810107097920014,0.01898929020799854
Gwh,2022,2,514.257,0.0,0.0,0.0,0.672,8.519,0.0,0.0,514.257,9.191,523.448,0.9824414268466017,0.0,0.0,0.0,0.0012837951429750425,0.016274778010423194,0.0,0.0,0.9824414268466017,0.01755857315339824
Gwh,2022,3,610.535,0.0,0.0,0.0,0.744,7.656,0.0,0.0,610.535,8.4,618.935,0.9864283002253872,0.0,0.0,0.0,0.0012020648371799947,0.01236963493743285,0.0,0.0,0.9864283002253872,0.013571699774612846
Gwh,2022,4,495.9795,0.0,0.0,0.0,0.672,8.633,0.0,0.0,495.9795,9.305,505.2845,0.9815846320241369,0.0,0.0,0.0,0.0013299438237270292,0.017085424152136073,0.0,0.0,0.9815846320241369,0.018415367975863104
