unit,year,month,coal,gas,oil,nuclear,hydro,wind,solar,other,fossil,low.carbon,total.prod,coal.perc,gas.perc,oil.perc,nuclear.perc,hydro.perc,wind.perc,solar.perc,other.perc,fossil.perc,low.carbon.perc
Gwh,2022,1,479.488,0.0,0.0,0.0,0.95,9.222,0.0,0.0,479.488,10.172,489.66,0.9792264019932198,0.0,0.0,0.0,0.001940121717109831,0.018833476289670383,0.0,0.0,0.9792264019932198,0.020773598006780216
Gwh,2022,2,500.804,0.0,0.0,0.0,0.672,8.519,0.0,0.0,500.804,9.191,509.995,0.9819782546887714,0.0,0.0,0.0,0.0013176599770585986,0.016704085334169942,0.0,0.0,0.9819782546887714,0.01802174531122854
Gwh,2022,3,610.678,0.0,0.0,0.0,0.857,7.656,0.0,0.0,610.678,8.513,619.191,0.986251415152998,0.0,0.0,0.0,0.001384064044858533,0.01236452080214344,0.0,0.0,0.986251415152998,0.013748584847001975
Gwh,2022,4,515.548,0.0,0.0,0.0,3.2952049999999997,9.062,0.0,0.0,515.548,12.357205,527.9052049999999,0.9765920000731951,0.0,0.0,0.0,0.00624203923126691,0.017165960695538135,0.0,0.0,0.9765920000731951,0.023407999926805045
Gwh,2022,5,481.742,0.0,0.0,0.0,1.5217129999999999,4.199,0.0,0.0,481.742,5.720713,487.462713,0.9882643064845044,0.0,0.0,0.0,0.003121701331030831,0.008613992184464783,0.0,0.0,0.9882643064845044,0.011735693515495615
Gwh,2022,6,507.496,0.0,0.0,0.0,2.266082,8.3465,0.0,0.0,507.496,10.612582,518.108582,0.9795166836282979,0.0,0.0,0.0,0.0043737588581383505,0.01610955751356383,0.0,0.0,0.9795166836282979,0.020483316371702177
Gwh,2022,7,257.11,0.0,0.0,0.0,0.0,8.342227999999999,0.0,0.0,257.11,8.342227999999999,265.452228,0.9685735242726989,0.0,0.0,0.0,0.0,0.031426475727301104,0.0,0.0,0.9685735242726989,0.031426475727301104
