unit,year,month,coal,oil,gas,nuclear,hydro,wind,solar,other,fossil,low.carbon,total.prod,coal.perc,oil.perc,gas.perc,nuclear.perc,hydro.perc,wind.perc,solar.perc,other.perc,fossil.perc,low.carbon.perc
Gwh,2022,1,502.669327,0.0,0.0,0.0,0.744,9.222,0.0,0.0,502.669327,9.966,512.635327,0.9805592797158126,0.0,0.0,0.0,0.001451324091053132,0.017989396193134385,0.0,0.0,0.9805592797158126,0.019440720284187515
Gwh,2022,2,510.387,0.0,0.0,0.0,0.672,8.519,0.0,0.0,510.387,9.191,519.578,0.982310644407577,0.0,0.0,0.0,0.0012933573015023732,0.01639599829092071,0.0,0.0,0.982310644407577,0.017689355592423083
Gwh,2022,3,610.678,0.0,0.0,0.0,0.744,7.656,0.0,0.0,610.678,8.4,619.078,0.9864314351341834,0.0,0.0,0.0,0.001201787173829469,0.012366777691987116,0.0,0.0,0.9864314351341834,0.013568564865816587
Gwh,2022,4,383.524,0.0,0.0,0.0,0.528,7.354,0.0,0.0,383.524,7.882,391.406,0.9798623424270451,0.0,0.0,0.0,0.0013489828975539466,0.01878867467540099,0.0,0.0,0.9798623424270451,0.020137657572954937
