unit,year,month,coal,gas,oil,nuclear,hydro,wind,solar,other,fossil,low.carbon,total.prod,coal.perc,gas.perc,oil.perc,nuclear.perc,hydro.perc,wind.perc,solar.perc,other.perc,fossil.perc,low.carbon.perc
Gwh,2022,1,514.8381439999999,0.0,0.0,0.0,0.744,9.222,0.0,0.0,514.8381439999999,9.966,524.804144,0.9810100584876479,0.0,0.0,0.0,0.0014176717324091864,0.017572269779942896,0.0,0.0,0.9810100584876479,0.018989941512352084
Gwh,2022,2,514.257,0.0,0.0,0.0,0.672,8.519,0.0,0.0,514.257,9.191,523.448,0.9824414268466017,0.0,0.0,0.0,0.0012837951429750425,0.016274778010423194,0.0,0.0,0.9824414268466017,0.01755857315339824
Gwh,2022,3,610.637,0.0,0.0,0.0,0.744,7.656,0.0,0.0,610.637,8.4,619.037,0.9864305364622792,0.0,0.0,0.0,0.0012018667704838321,0.012367596767236852,0.0,0.0,0.9864305364622792,0.013569463537720686
Gwh,2022,4,426.093,0.0,0.0,0.0,0.576,7.647,0.0,0.0,426.093,8.223,434.316,0.9810667808692289,0.0,0.0,0.0,0.0013262233028486171,0.01760699582792253,0.0,0.0,0.9810667808692289,0.018933219130771145
