unit,year,month,coal,gas,oil,nuclear,hydro,wind,solar,other,fossil,low.carbon,total.prod,coal.perc,gas.perc,oil.perc,nuclear.perc,hydro.perc,wind.perc,solar.perc,other.perc,fossil.perc,low.carbon.perc
Gwh,2022,1,499.89482699999996,0.0,0.0,0.0,0.95,9.222,0.0,0.0,499.89482699999996,10.172,510.066827,0.9800575150910569,0.0,0.0,0.0,0.0018625010483185177,0.0180799838606246,0.0,0.0,0.9800575150910569,0.01994248490894312
Gwh,2022,2,510.387,0.0,0.0,0.0,0.672,8.519,0.0,0.0,510.387,9.191,519.578,0.982310644407577,0.0,0.0,0.0,0.0012933573015023732,0.01639599829092071,0.0,0.0,0.982310644407577,0.017689355592423083
Gwh,2022,3,610.678,0.0,0.0,0.0,0.857,7.656,0.0,0.0,610.678,8.513,619.191,0.986251415152998,0.0,0.0,0.0,0.001384064044858533,0.01236452080214344,0.0,0.0,0.986251415152998,0.013748584847001975
Gwh,2022,4,525.0905,0.0,0.0,0.0,3.2952049999999997,9.062,0.0,0.0,525.0905,12.357205,537.4477049999999,0.977007614164061,0.0,0.0,0.0,0.006131210477491945,0.0168611753584472,0.0,0.0,0.977007614164061,0.02299238583593915
Gwh,2022,5,496.868,0.0,0.0,0.0,1.5217129999999999,4.199,0.0,0.0,496.868,5.720713,502.588713,0.9886175060202755,0.0,0.0,0.0,0.0030277500481790563,0.008354743931545474,0.0,0.0,0.9886175060202755,0.011382493979724531
Gwh,2022,6,512.4835,0.0,0.0,0.0,2.266082,8.3465,0.0,0.0,512.4835,10.612582,523.096082,0.9797119833904625,0.0,0.0,0.0,0.004332056916457654,0.015955959693079867,0.0,0.0,0.9797119833904625,0.020288016609537517
Gwh,2022,7,123.867,0.0,0.0,0.0,0.0,2.3315,0.0,0.0,123.867,2.3315,126.1985,0.9815251369865728,0.0,0.0,0.0,0.0,0.01847486301342726,0.0,0.0,0.9815251369865728,0.01847486301342726
