unit,year,month,coal,oil,gas,nuclear,hydro,wind,solar,other,fossil,low.carbon,total.prod,coal.perc,oil.perc,gas.perc,nuclear.perc,hydro.perc,wind.perc,solar.perc,other.perc,fossil.perc,low.carbon.perc
Gwh,2022,1,483.87805699999996,0.0,0.0,0.0,0.744,9.222,0.0,0.0,483.87805699999996,9.966,493.84405699999996,0.979819540482999,0.0,0.0,0.0,0.0015065484528044043,0.018673911064196528,0.0,0.0,0.979819540482999,0.02018045951700093
Gwh,2022,2,501.059,0.0,0.0,0.0,0.672,8.519,0.0,0.0,501.059,9.191,510.25,0.9819872611464968,0.0,0.0,0.0,0.001317001469867712,0.016695737383635473,0.0,0.0,0.9819872611464968,0.018012738853503185
Gwh,2022,3,610.678,0.0,0.0,0.0,0.744,7.656,0.0,0.0,610.678,8.4,619.078,0.9864314351341834,0.0,0.0,0.0,0.001201787173829469,0.012366777691987116,0.0,0.0,0.9864314351341834,0.013568564865816587
Gwh,2022,4,362.0355,0.0,0.0,0.0,0.504,6.66,0.0,0.0,362.0355,7.164,369.1995,0.9805958567116153,0.0,0.0,0.0,0.0013651156082280717,0.018039027680156663,0.0,0.0,0.9805958567116153,0.019404143288384735
