unit,year,month,coal,gas,oil,nuclear,hydro,wind,solar,other,fossil,low.carbon,total.prod,coal.perc,gas.perc,oil.perc,nuclear.perc,hydro.perc,wind.perc,solar.perc,other.perc,fossil.perc,low.carbon.perc
Gwh,2022,1,479.372,0.0,0.0,0.0,0.744,9.221,0.0,0.0,479.372,9.965,489.337,0.9796357111765511,0.0,0.0,0.0,0.0015204245744752595,0.01884386424897361,0.0,0.0,0.9796357111765511,0.02036428882344887
Gwh,2022,2,500.804,0.0,0.0,0.0,0.672,8.519,0.0,0.0,500.804,9.191,509.995,0.9819782546887714,0.0,0.0,0.0,0.0013176599770585986,0.016704085334169942,0.0,0.0,0.9819782546887714,0.01802174531122854
Gwh,2022,3,610.678,0.0,0.0,0.0,0.744,7.408667,0.0,0.0,610.678,8.152667000000001,618.8306670000001,0.9868256900720144,0.0,0.0,0.0,0.001202267501717073,0.011972042426268445,0.0,0.0,0.9868256900720144,0.013174309927985519
Gwh,2022,4,515.548,0.0,0.0,0.0,0.72,8.474833,0.0,0.0,515.548,9.194833000000001,524.742833,0.9824774491012438,0.0,0.0,0.0,0.001372100683841069,0.016150450214915082,0.0,0.0,0.9824774491012438,0.017522550898756154
Gwh,2022,5,481.438,0.0,0.0,0.0,0.744,4.1425,0.0,0.0,481.438,4.8865,486.3245,0.9899521821335343,0.0,0.0,0.0,0.0015298427284662812,0.008517975137999423,0.0,0.0,0.9899521821335343,0.010047817866465704
Gwh,2022,6,255.125,0.0,0.0,0.0,0.384,3.5795,0.0,0.0,255.125,3.9635,259.0885,0.9847021384584803,0.0,0.0,0.0,0.0014821190442647976,0.013815742497254799,0.0,0.0,0.9847021384584803,0.015297861541519596
