unit,year,month,coal,gas,oil,nuclear,hydro,wind,solar,other,fossil,low.carbon,total.prod,coal.perc,gas.perc,oil.perc,nuclear.perc,hydro.perc,wind.perc,solar.perc,other.perc,fossil.perc,low.carbon.perc
Gwh,2022,1,514.8536439999999,0.0,0.0,0.0,0.744,9.222,0.0,0.0,514.8536439999999,9.966,524.8196439999999,0.9810106193357351,0.0,0.0,0.0,0.0014176298629553585,0.017571750801309564,0.0,0.0,0.9810106193357351,0.018989380664264924
Gwh,2022,2,514.257,0.0,0.0,0.0,0.672,8.519,0.0,0.0,514.257,9.191,523.448,0.9824414268466017,0.0,0.0,0.0,0.0012837951429750425,0.016274778010423194,0.0,0.0,0.9824414268466017,0.01755857315339824
Gwh,2022,3,610.517,0.0,0.0,0.0,0.744,7.656,0.0,0.0,610.517,8.4,618.917,0.9864279055188337,0.0,0.0,0.0,0.0012020997969033004,0.012369994684262994,0.0,0.0,0.9864279055188337,0.013572094481166296
Gwh,2022,4,532.6695,0.0,0.0,0.0,0.72,9.062,0.0,0.0,532.6695,9.782,542.4515,0.9819670514322478,0.0,0.0,0.0,0.0013273076026151646,0.016705640965136975,0.0,0.0,0.9819670514322478,0.01803294856775214
Gwh,2022,5,170.84,0.0,0.0,0.0,0.24,1.196,0.0,0.0,170.84,1.436,172.276,0.9916645382990086,0.0,0.0,0.0,0.001393113376210267,0.006942348324781165,0.0,0.0,0.9916645382990086,0.008335461700991432
