unit,year,month,coal,gas,oil,nuclear,hydro,wind,solar,other,fossil,low.carbon,total.prod,coal.perc,gas.perc,oil.perc,nuclear.perc,hydro.perc,wind.perc,solar.perc,other.perc,fossil.perc,low.carbon.perc
Gwh,2022,1,480.36728600000004,0.0,0.0,0.0,0.744,9.222,0.0,0.0,480.36728600000004,9.966,490.33328600000004,0.9796750490236961,0.0,0.0,0.0,0.0015173352926319587,0.018807615683671938,0.0,0.0,0.9796750490236961,0.020324950976303897
Gwh,2022,2,500.804,0.0,0.0,0.0,0.672,8.519,0.0,0.0,500.804,9.191,509.995,0.9819782546887714,0.0,0.0,0.0,0.0013176599770585986,0.016704085334169942,0.0,0.0,0.9819782546887714,0.01802174531122854
Gwh,2022,3,610.678,0.0,0.0,0.0,0.744,7.656,0.0,0.0,610.678,8.4,619.078,0.9864314351341834,0.0,0.0,0.0,0.001201787173829469,0.012366777691987116,0.0,0.0,0.9864314351341834,0.013568564865816587
Gwh,2022,4,515.548,0.0,0.0,0.0,0.72,9.062,0.0,0.0,515.548,9.782,525.33,0.9813793234728646,0.0,0.0,0.0,0.001370567072126092,0.01725010945500923,0.0,0.0,0.9813793234728646,0.018620676527135324
Gwh,2022,5,481.742,0.0,0.0,0.0,0.744,4.199,0.0,0.0,481.742,4.943,486.685,0.9898435332915542,0.0,0.0,0.0,0.0015287095349147805,0.008627757173531134,0.0,0.0,0.9898435332915542,0.010156466708445914
Gwh,2022,6,435.986,0.0,0.0,0.0,0.624,7.405,0.0,0.0,435.986,8.029,444.015,0.9819172775694515,0.0,0.0,0.0,0.0014053579270970576,0.01667736450345146,0.0,0.0,0.9819172775694515,0.01808272243054852
