unit,year,month,coal,gas,oil,nuclear,hydro,wind,solar,other,fossil,low.carbon,total.prod,coal.perc,gas.perc,oil.perc,nuclear.perc,hydro.perc,wind.perc,solar.perc,other.perc,fossil.perc,low.carbon.perc
Gwh,2022,1,509.4051,0.0,0.0,0.0,0.744,9.222,0.0,0.0,509.4051,9.966,519.3711,0.9808114082589502,0.0,0.0,0.0,0.0014325017314209436,0.017756090009628953,0.0,0.0,0.9808114082589502,0.019188591741049896
Gwh,2022,2,510.387,0.0,0.0,0.0,0.672,8.519,0.0,0.0,510.387,9.191,519.578,0.982310644407577,0.0,0.0,0.0,0.0012933573015023732,0.01639599829092071,0.0,0.0,0.982310644407577,0.017689355592423083
Gwh,2022,3,610.678,0.0,0.0,0.0,0.744,7.656,0.0,0.0,610.678,8.4,619.078,0.9864314351341834,0.0,0.0,0.0,0.001201787173829469,0.012366777691987116,0.0,0.0,0.9864314351341834,0.013568564865816587
Gwh,2022,4,437.2845,0.0,0.0,0.0,0.6,7.933,0.0,0.0,437.2845,8.533,445.8175,0.9808598810051198,0.0,0.0,0.0,0.001345842188788013,0.01779427680609218,0.0,0.0,0.9808598810051198,0.01914011899488019
