unit,year,month,coal,gas,oil,nuclear,hydro,wind,solar,other,fossil,low.carbon,total.prod,coal.perc,gas.perc,oil.perc,nuclear.perc,hydro.perc,wind.perc,solar.perc,other.perc,fossil.perc,low.carbon.perc
Gwh,2022,1,479.372,0.0,0.0,0.0,0.744,9.222,0.0,0.0,479.372,9.966,489.338,0.9796337092153072,0.0,0.0,0.0,0.001520421467370202,0.018845869317322586,0.0,0.0,0.9796337092153072,0.020366290784692785
Gwh,2022,2,500.804,0.0,0.0,0.0,0.672,8.519,0.0,0.0,500.804,9.191,509.995,0.9819782546887714,0.0,0.0,0.0,0.0013176599770585986,0.016704085334169942,0.0,0.0,0.9819782546887714,0.01802174531122854
Gwh,2022,3,610.678,0.0,0.0,0.0,0.744,7.656,0.0,0.0,610.678,8.4,619.078,0.9864314351341834,0.0,0.0,0.0,0.001201787173829469,0.012366777691987116,0.0,0.0,0.9864314351341834,0.013568564865816587
Gwh,2022,4,515.548,0.0,0.0,0.0,0.72,9.062,0.0,0.0,515.548,9.782,525.33,0.9813793234728646,0.0,0.0,0.0,0.001370567072126092,0.01725010945500923,0.0,0.0,0.9813793234728646,0.018620676527135324
Gwh,2022,5,481.438,0.0,0.0,0.0,0.744,4.199,0.0,0.0,481.438,4.943,486.381,0.989837185251891,0.0,0.0,0.0,0.0015296650156975706,0.008633149732411423,0.0,0.0,0.989837185251891,0.010162814748108992
Gwh,2022,6,381.477,0.0,0.0,0.0,0.552,6.2765,0.0,0.0,381.477,6.8285,388.3055,0.9824146194169281,0.0,0.0,0.0,0.0014215611161830055,0.01616381946688883,0.0,0.0,0.9824146194169281,0.017585380583071835
