unit,year,month,coal,oil,gas,nuclear,hydro,wind,solar,other,fossil,low.carbon,total.prod,coal.perc,oil.perc,gas.perc,nuclear.perc,hydro.perc,wind.perc,solar.perc,other.perc,fossil.perc,low.carbon.perc
Gwh,2022,1,499.89482699999996,0.0,0.0,0.0,0.744,9.222,0.0,0.0,499.89482699999996,9.966,509.860827,0.9804534895166598,0.0,0.0,0.0,0.0014592217338556194,0.01808728874948457,0.0,0.0,0.9804534895166598,0.01954651048334019
Gwh,2022,2,507.0655,0.0,0.0,0.0,0.672,8.519,0.0,0.0,507.0655,9.191,516.2565,0.9821968343255727,0.0,0.0,0.0,0.001301678526081512,0.016501487148345834,0.0,0.0,0.9821968343255727,0.017803165674427347
Gwh,2022,3,610.678,0.0,0.0,0.0,0.744,7.656,0.0,0.0,610.678,8.4,619.078,0.9864314351341834,0.0,0.0,0.0,0.001201787173829469,0.012366777691987116,0.0,0.0,0.9864314351341834,0.013568564865816587
Gwh,2022,4,316.587,0.0,0.0,0.0,0.432,6.041,0.0,0.0,316.587,6.473,323.06,0.979963474277224,0.0,0.0,0.0,0.0013372129016281805,0.018699312821147774,0.0,0.0,0.979963474277224,0.020036525722775953
