unit,year,month,coal,gas,oil,nuclear,hydro,wind,solar,other,fossil,low.carbon,total.prod,coal.perc,gas.perc,oil.perc,nuclear.perc,hydro.perc,wind.perc,solar.perc,other.perc,fossil.perc,low.carbon.perc
Gwh,2022,1,480.65957099999997,0.0,0.0,0.0,0.95,9.222,0.0,0.0,480.65957099999997,10.172,490.831571,0.9792759867111318,0.0,0.0,0.0,0.001935490820332745,0.01878852246853534,0.0,0.0,0.9792759867111318,0.02072401328886809
Gwh,2022,2,500.804,0.0,0.0,0.0,0.672,8.519,0.0,0.0,500.804,9.191,509.995,0.9819782546887714,0.0,0.0,0.0,0.0013176599770585986,0.016704085334169942,0.0,0.0,0.9819782546887714,0.01802174531122854
Gwh,2022,3,610.678,0.0,0.0,0.0,0.857,7.656,0.0,0.0,610.678,8.513,619.191,0.986251415152998,0.0,0.0,0.0,0.001384064044858533,0.01236452080214344,0.0,0.0,0.986251415152998,0.013748584847001975
Gwh,2022,4,515.617,0.0,0.0,0.0,3.2952049999999997,9.062,0.0,0.0,515.617,12.357205,527.974205,0.9765950592226376,0.0,0.0,0.0,0.006241223470377686,0.01716371730698472,0.0,0.0,0.9765950592226376,0.02340494077736241
Gwh,2022,5,481.8215,0.0,0.0,0.0,1.5217129999999999,4.199,0.0,0.0,481.8215,5.720713,487.542213,0.9882662201395882,0.0,0.0,0.0,0.0031211922976605924,0.008612587562751206,0.0,0.0,0.9882662201395882,0.011733779860411799
Gwh,2022,6,508.286,0.0,0.0,0.0,2.266082,8.3465,0.0,0.0,508.286,10.612582,518.898582,0.9795478685659619,0.0,0.0,0.0,0.004367100004910015,0.01608503142912809,0.0,0.0,0.9795478685659619,0.020452131434038106
Gwh,2022,7,170.318,0.0,0.0,0.0,0.0,5.1215,0.0,0.0,170.318,5.1215,175.4395,0.9708076003408582,0.0,0.0,0.0,0.0,0.029192399659141756,0.0,0.0,0.9708076003408582,0.029192399659141756
