unit,year,month,coal,gas,oil,nuclear,hydro,wind,solar,other,fossil,low.carbon,total.prod,coal.perc,gas.perc,oil.perc,nuclear.perc,hydro.perc,wind.perc,solar.perc,other.perc,fossil.perc,low.carbon.perc
Gwh,2022,1,509.4051,0.0,0.0,0.0,0.744,9.222,0.0,0.0,509.4051,9.966,519.3711,0.9808114082589502,0.0,0.0,0.0,0.0014325017314209436,0.017756090009628953,0.0,0.0,0.9808114082589502,0.019188591741049896
Gwh,2022,2,512.991,0.0,0.0,0.0,0.672,8.519,0.0,0.0,512.991,9.191,522.182,0.982398857103462,0.0,0.0,0.0,0.001286907629906814,0.016314235266631175,0.0,0.0,0.982398857103462,0.01760114289653799
Gwh,2022,3,610.678,0.0,0.0,0.0,0.744,7.656,0.0,0.0,610.678,8.4,619.078,0.9864314351341834,0.0,0.0,0.0,0.001201787173829469,0.012366777691987116,0.0,0.0,0.9864314351341834,0.013568564865816587
Gwh,2022,4,470.1545,0.0,0.0,0.0,0.648,8.138,0.0,0.0,470.1545,8.786,478.9405,0.9816553413211035,0.0,0.0,0.0,0.0013529864356845998,0.01699167224321184,0.0,0.0,0.9816553413211035,0.01834465867889644
