unit,year,month,coal,gas,oil,nuclear,hydro,wind,solar,other,fossil,low.carbon,total.prod,coal.perc,gas.perc,oil.perc,nuclear.perc,hydro.perc,wind.perc,solar.perc,other.perc,fossil.perc,low.carbon.perc
Gwh,2022,1,514.255409,0.0,0.0,0.0,0.744,9.222,0.0,0.0,514.255409,9.966,524.221409,0.9809889488889607,0.0,0.0,0.0,0.0014192476446531392,0.01759180346638609,0.0,0.0,0.9809889488889607,0.019011051111039227
Gwh,2022,2,514.257,0.0,0.0,0.0,0.672,8.519,0.0,0.0,514.257,9.191,523.448,0.9824414268466017,0.0,0.0,0.0,0.0012837951429750425,0.016274778010423194,0.0,0.0,0.9824414268466017,0.01755857315339824
Gwh,2022,3,610.665,0.0,0.0,0.0,0.744,7.656,0.0,0.0,610.665,8.4,619.065,0.9864311502023211,0.0,0.0,0.0,0.001201812410651547,0.012367037387027208,0.0,0.0,0.9864311502023211,0.013568849797678757
Gwh,2022,4,426.09,0.0,0.0,0.0,0.576,7.647,0.0,0.0,426.09,8.223,434.313,0.9810666500887608,0.0,0.0,0.0,0.001326232463684025,0.017607117447555106,0.0,0.0,0.9810666500887608,0.01893334991123913
