unit,year,month,coal,gas,oil,nuclear,hydro,wind,solar,other,fossil,low.carbon,total.prod,coal.perc,gas.perc,oil.perc,nuclear.perc,hydro.perc,wind.perc,solar.perc,other.perc,fossil.perc,low.carbon.perc
Gwh,2022,1,479.372,0.0,0.0,0.0,0.744,9.221,0.0,0.0,479.372,9.965,489.337,0.9796357111765511,0.0,0.0,0.0,0.0015204245744752595,0.01884386424897361,0.0,0.0,0.9796357111765511,0.02036428882344887
Gwh,2022,2,500.804,0.0,0.0,0.0,0.672,8.519,0.0,0.0,500.804,9.191,509.995,0.9819782546887714,0.0,0.0,0.0,0.0013176599770585986,0.016704085334169942,0.0,0.0,0.9819782546887714,0.01802174531122854
Gwh,2022,3,610.678,0.0,0.0,0.0,0.744,7.408667,0.0,0.0,610.678,8.152667000000001,618.8306670000001,0.9868256900720144,0.0,0.0,0.0,0.001202267501717073,0.011972042426268445,0.0,0.0,0.9868256900720144,0.013174309927985519
Gwh,2022,4,515.548,0.0,0.0,0.0,0.72,8.474833,0.0,0.0,515.548,9.194833000000001,524.742833,0.9824774491012438,0.0,0.0,0.0,0.001372100683841069,0.016150450214915082,0.0,0.0,0.9824774491012438,0.017522550898756154
Gwh,2022,5,481.2095,0.0,0.0,0.0,0.744,4.1425,0.0,0.0,481.2095,4.8865,486.096,0.9899474589381521,0.0,0.0,0.0,0.0015305618643230965,0.008521979197524768,0.0,0.0,0.9899474589381521,0.010052541061847865
Gwh,2022,6,186.001,0.0,0.0,0.0,0.288,2.465,0.0,0.0,186.001,2.753,188.754,0.9854148786250888,0.0,0.0,0.0,0.0015257954798308909,0.01305932589508037,0.0,0.0,0.9854148786250888,0.014585121374911261
