unit,year,month,coal,oil,gas,nuclear,hydro,wind,solar,other,fossil,low.carbon,total.prod,coal.perc,oil.perc,gas.perc,nuclear.perc,hydro.perc,wind.perc,solar.perc,other.perc,fossil.perc,low.carbon.perc
Gwh,2022,1,481.912462,0.0,0.0,0.0,0.744,9.222,0.0,0.0,481.912462,9.966,491.878462,0.9797388973701393,0.0,0.0,0.0,0.0015125687694778553,0.01874853386038277,0.0,0.0,0.9797388973701393,0.020261102629860625
Gwh,2022,2,500.8455,0.0,0.0,0.0,0.672,8.519,0.0,0.0,500.8455,9.191,510.0365,0.9819797210591792,0.0,0.0,0.0,0.0013175527633806602,0.016702726177440244,0.0,0.0,0.9819797210591792,0.018020278940820905
Gwh,2022,3,610.678,0.0,0.0,0.0,0.744,7.656,0.0,0.0,610.678,8.4,619.078,0.9864314351341834,0.0,0.0,0.0,0.001201787173829469,0.012366777691987116,0.0,0.0,0.9864314351341834,0.013568564865816587
Gwh,2022,4,348.6535,0.0,0.0,0.0,0.48,6.369,0.0,0.0,348.6535,6.849,355.5025,0.980734312698223,0.0,0.0,0.0,0.0013502014753764037,0.017915485826400658,0.0,0.0,0.980734312698223,0.019265687301777062
