unit,year,month,coal,gas,oil,nuclear,hydro,wind,solar,other,fossil,low.carbon,total.prod,coal.perc,gas.perc,oil.perc,nuclear.perc,hydro.perc,wind.perc,solar.perc,other.perc,fossil.perc,low.carbon.perc
Gwh,2022,1,480.41028600000004,0.0,0.0,0.0,0.744,9.222,0.0,0.0,480.41028600000004,9.966,490.37628600000005,0.979676831273199,0.0,0.0,0.0,0.001517202240893027,0.018805966485907922,0.0,0.0,0.979676831273199,0.02032316872680095
Gwh,2022,2,500.804,0.0,0.0,0.0,0.672,8.519,0.0,0.0,500.804,9.191,509.995,0.9819782546887714,0.0,0.0,0.0,0.0013176599770585986,0.016704085334169942,0.0,0.0,0.9819782546887714,0.01802174531122854
Gwh,2022,3,610.678,0.0,0.0,0.0,0.744,7.656,0.0,0.0,610.678,8.4,619.078,0.9864314351341834,0.0,0.0,0.0,0.001201787173829469,0.012366777691987116,0.0,0.0,0.9864314351341834,0.013568564865816587
Gwh,2022,4,515.548,0.0,0.0,0.0,0.72,9.062,0.0,0.0,515.548,9.782,525.33,0.9813793234728646,0.0,0.0,0.0,0.001370567072126092,0.01725010945500923,0.0,0.0,0.9813793234728646,0.018620676527135324
Gwh,2022,5,481.7745,0.0,0.0,0.0,0.744,4.199,0.0,0.0,481.7745,4.943,486.7175,0.9898442114779107,0.0,0.0,0.0,0.0015286074570978032,0.0086271810649915,0.0,0.0,0.9898442114779107,0.010155788522089301
Gwh,2022,6,472.2865,0.0,0.0,0.0,0.672,7.8103,0.0,0.0,472.2865,8.482299999999999,480.7688,0.9823568001916929,0.0,0.0,0.0,0.0013977612523940822,0.016245438555912945,0.0,0.0,0.9823568001916929,0.017643199808307024
