unit,year,month,coal,gas,oil,nuclear,hydro,wind,solar,other,fossil,low.carbon,total.prod,coal.perc,gas.perc,oil.perc,nuclear.perc,hydro.perc,wind.perc,solar.perc,other.perc,fossil.perc,low.carbon.perc
Gwh,2022,1,514.479909,0.0,0.0,0.0,0.744,9.222,0.0,0.0,514.479909,9.966,524.445909,0.9809970869655501,0.0,0.0,0.0,0.00141864010612389,0.01758427292832596,0.0,0.0,0.9809970869655501,0.01900291303444985
Gwh,2022,2,514.257,0.0,0.0,0.0,0.672,8.519,0.0,0.0,514.257,9.191,523.448,0.9824414268466017,0.0,0.0,0.0,0.0012837951429750425,0.016274778010423194,0.0,0.0,0.9824414268466017,0.01755857315339824
Gwh,2022,3,610.632,0.0,0.0,0.0,0.744,7.656,0.0,0.0,610.632,8.4,619.032,0.9864304268600006,0.0,0.0,0.0,0.001201876478114217,0.012367696661885006,0.0,0.0,0.9864304268600006,0.013569573139999224
Gwh,2022,4,532.6565,0.0,0.0,0.0,0.72,9.062,0.0,0.0,532.6565,9.782,542.4385,0.9819666192572984,0.0,0.0,0.0,0.001327339412670745,0.016706041330030962,0.0,0.0,0.9819666192572984,0.018033380742701707
Gwh,2022,5,49.276,0.0,0.0,0.0,0.072,0.287,0.0,0.0,49.276,0.359,49.635,0.9927672005641182,0.0,0.0,0.0,0.0014505893019038983,0.005782210133978039,0.0,0.0,0.9927672005641182,0.007232799435881938
