unit,year,month,coal,gas,oil,nuclear,hydro,wind,solar,other,fossil,low.carbon,total.prod,coal.perc,gas.perc,oil.perc,nuclear.perc,hydro.perc,wind.perc,solar.perc,other.perc,fossil.perc,low.carbon.perc
Gwh,2022,1,479.875,0.0,0.0,0.0,0.744,9.222,0.0,0.0,479.875,9.966,489.841,0.9796546226224427,0.0,0.0,0.0,0.0015188602015756133,0.01882651717598159,0.0,0.0,0.9796546226224427,0.020345377377557206
Gwh,2022,2,500.804,0.0,0.0,0.0,0.672,8.519,0.0,0.0,500.804,9.191,509.995,0.9819782546887714,0.0,0.0,0.0,0.0013176599770585986,0.016704085334169942,0.0,0.0,0.9819782546887714,0.01802174531122854
Gwh,2022,3,610.678,0.0,0.0,0.0,0.744,7.656,0.0,0.0,610.678,8.4,619.078,0.9864314351341834,0.0,0.0,0.0,0.001201787173829469,0.012366777691987116,0.0,0.0,0.9864314351341834,0.013568564865816587
Gwh,2022,4,515.548,0.0,0.0,0.0,0.72,9.062,0.0,0.0,515.548,9.782,525.33,0.9813793234728646,0.0,0.0,0.0,0.001370567072126092,0.01725010945500923,0.0,0.0,0.9813793234728646,0.018620676527135324
Gwh,2022,5,481.742,0.0,0.0,0.0,0.744,4.199,0.0,0.0,481.742,4.943,486.685,0.9898435332915542,0.0,0.0,0.0,0.0015287095349147805,0.008627757173531134,0.0,0.0,0.9898435332915542,0.010156466708445914
Gwh,2022,6,418.0,0.0,0.0,0.0,0.6,7.043091,0.0,0.0,418.0,7.643091,425.643091,0.9820434275532501,0.0,0.0,0.0,0.0014096317141912681,0.01654694073255849,0.0,0.0,0.9820434275532501,0.017956572446749756
