unit,year,month,coal,gas,oil,nuclear,hydro,wind,solar,other,fossil,low.carbon,total.prod,coal.perc,gas.perc,oil.perc,nuclear.perc,hydro.perc,wind.perc,solar.perc,other.perc,fossil.perc,low.carbon.perc
Gwh,2022,1,479.372,0.0,0.0,0.0,0.95,9.222,0.0,0.0,479.372,10.172,489.544,0.9792214795809979,0.0,0.0,0.0,0.0019405814390534865,0.018837938979948687,0.0,0.0,0.9792214795809979,0.020778520419002175
Gwh,2022,2,500.804,0.0,0.0,0.0,0.672,8.519,0.0,0.0,500.804,9.191,509.995,0.9819782546887714,0.0,0.0,0.0,0.0013176599770585986,0.016704085334169942,0.0,0.0,0.9819782546887714,0.01802174531122854
Gwh,2022,3,610.678,0.0,0.0,0.0,0.857,7.656,0.0,0.0,610.678,8.513,619.191,0.986251415152998,0.0,0.0,0.0,0.001384064044858533,0.01236452080214344,0.0,0.0,0.986251415152998,0.013748584847001975
Gwh,2022,4,515.548,0.0,0.0,0.0,3.2952049999999997,9.062,0.0,0.0,515.548,12.357205,527.9052049999999,0.9765920000731951,0.0,0.0,0.0,0.00624203923126691,0.017165960695538135,0.0,0.0,0.9765920000731951,0.023407999926805045
Gwh,2022,5,481.438,0.0,0.0,0.0,1.5217129999999999,4.199,0.0,0.0,481.438,5.720713,487.158713,0.9882569830994689,0.0,0.0,0.0,0.003123649355728551,0.008619367544802591,0.0,0.0,0.9882569830994689,0.011743016900531143
Gwh,2022,6,507.496,0.0,0.0,0.0,2.266082,8.3465,0.0,0.0,507.496,10.612582,518.108582,0.9795166836282979,0.0,0.0,0.0,0.0043737588581383505,0.01610955751356383,0.0,0.0,0.9795166836282979,0.020483316371702177
Gwh,2022,7,288.093,0.0,0.0,0.0,0.0,10.008,0.0,0.0,288.093,10.008,298.101,0.9664274859862932,0.0,0.0,0.0,0.0,0.03357251401370676,0.0,0.0,0.9664274859862932,0.03357251401370676
