unit,year,month,coal,gas,oil,nuclear,hydro,wind,solar,other,fossil,low.carbon,total.prod,coal.perc,gas.perc,oil.perc,nuclear.perc,hydro.perc,wind.perc,solar.perc,other.perc,fossil.perc,low.carbon.perc
Gwh,2022,1,495.69532699999996,0.0,0.0,0.0,0.95,9.222,0.0,0.0,495.69532699999996,10.172,505.867327,0.979891960881672,0.0,0.0,0.0,0.0018779627568237867,0.018230076361504168,0.0,0.0,0.979891960881672,0.02010803911832796
Gwh,2022,2,507.0655,0.0,0.0,0.0,0.672,8.519,0.0,0.0,507.0655,9.191,516.2565,0.9821968343255727,0.0,0.0,0.0,0.001301678526081512,0.016501487148345834,0.0,0.0,0.9821968343255727,0.017803165674427347
Gwh,2022,3,610.678,0.0,0.0,0.0,0.857,7.656,0.0,0.0,610.678,8.513,619.191,0.986251415152998,0.0,0.0,0.0,0.001384064044858533,0.01236452080214344,0.0,0.0,0.986251415152998,0.013748584847001975
Gwh,2022,4,525.0905,0.0,0.0,0.0,3.2952049999999997,9.062,0.0,0.0,525.0905,12.357205,537.4477049999999,0.977007614164061,0.0,0.0,0.0,0.006131210477491945,0.0168611753584472,0.0,0.0,0.977007614164061,0.02299238583593915
Gwh,2022,5,495.8065,0.0,0.0,0.0,1.5217129999999999,4.199,0.0,0.0,495.8065,5.720713,501.52721299999996,0.9885934145711054,0.0,0.0,0.0,0.003034158387732392,0.00837242704116237,0.0,0.0,0.9885934145711054,0.011406585428894764
Gwh,2022,6,512.4835,0.0,0.0,0.0,2.266082,8.3465,0.0,0.0,512.4835,10.612582,523.096082,0.9797119833904625,0.0,0.0,0.0,0.004332056916457654,0.015955959693079867,0.0,0.0,0.9797119833904625,0.020288016609537517
Gwh,2022,7,35.04,0.0,0.0,0.0,0.0,0.427,0.0,0.0,35.04,0.427,35.467,0.9879606394676742,0.0,0.0,0.0,0.0,0.012039360532325825,0.0,0.0,0.9879606394676742,0.012039360532325825
