unit,year,month,coal,oil,gas,nuclear,hydro,wind,solar,other,fossil,low.carbon,total.prod,coal.perc,oil.perc,gas.perc,nuclear.perc,hydro.perc,wind.perc,solar.perc,other.perc,fossil.perc,low.carbon.perc
Gwh,2022,1,479.372,0.0,0.0,0.0,0.744,9.222,0.0,0.0,479.372,9.966,489.338,0.9796337092153072,0.0,0.0,0.0,0.001520421467370202,0.018845869317322586,0.0,0.0,0.9796337092153072,0.020366290784692785
Gwh,2022,2,500.804,0.0,0.0,0.0,0.672,8.519,0.0,0.0,500.804,9.191,509.995,0.9819782546887714,0.0,0.0,0.0,0.0013176599770585986,0.016704085334169942,0.0,0.0,0.9819782546887714,0.01802174531122854
Gwh,2022,3,610.678,0.0,0.0,0.0,0.744,7.656,0.0,0.0,610.678,8.4,619.078,0.9864314351341834,0.0,0.0,0.0,0.001201787173829469,0.012366777691987116,0.0,0.0,0.9864314351341834,0.013568564865816587
Gwh,2022,4,36.493,0.0,0.0,0.0,0.048,1.01,0.0,0.0,36.493,1.058,37.551,0.9718249846874917,0.0,0.0,0.0,0.0012782615642725893,0.026896753748235733,0.0,0.0,0.9718249846874917,0.028175015312508322
