unit,year,month,coal,gas,oil,nuclear,hydro,wind,solar,other,fossil,low.carbon,total.prod,coal.perc,gas.perc,oil.perc,nuclear.perc,hydro.perc,wind.perc,solar.perc,other.perc,fossil.perc,low.carbon.perc
Gwh,2022,1,481.830962,0.0,0.0,0.0,0.744,9.222,0.0,0.0,481.830962,9.966,491.796962,0.9797355397246231,0.0,0.0,0.0,0.0015128194305519113,0.0187516408448249,0.0,0.0,0.9797355397246231,0.02026446027537681
Gwh,2022,2,500.8225,0.0,0.0,0.0,0.672,8.519,0.0,0.0,500.8225,9.191,510.0135,0.9819789084014442,0.0,0.0,0.0,0.0013176121808540363,0.01670347941770169,0.0,0.0,0.9819789084014442,0.018021091598555725
Gwh,2022,3,610.678,0.0,0.0,0.0,0.744,7.656,0.0,0.0,610.678,8.4,619.078,0.9864314351341834,0.0,0.0,0.0,0.001201787173829469,0.012366777691987116,0.0,0.0,0.9864314351341834,0.013568564865816587
Gwh,2022,4,516.7655,0.0,0.0,0.0,0.72,9.062,0.0,0.0,516.7655,9.782,526.5475,0.9814223787977342,0.0,0.0,0.0,0.0013673980030291662,0.017210223199236534,0.0,0.0,0.9814223787977342,0.018577621202265703
Gwh,2022,5,482.4405,0.0,0.0,0.0,0.744,4.199,0.0,0.0,482.4405,4.943,487.3835,0.9898580891638719,0.0,0.0,0.0,0.0015265186449684898,0.008615392191159527,0.0,0.0,0.9898580891638719,0.010141910836128016
Gwh,2022,6,476.9945,0.0,0.0,0.0,0.672,7.8103,0.0,0.0,476.9945,8.482299999999999,485.47679999999997,0.9825278983465329,0.0,0.0,0.0,0.0013842062071761207,0.01608789544629115,0.0,0.0,0.9825278983465329,0.01747210165346727
