unit,year,month,coal,gas,oil,nuclear,hydro,wind,solar,other,fossil,low.carbon,total.prod,coal.perc,gas.perc,oil.perc,nuclear.perc,hydro.perc,wind.perc,solar.perc,other.perc,fossil.perc,low.carbon.perc
Gwh,2022,1,505.6706,0.0,0.0,0.0,0.744,9.222,0.0,0.0,505.6706,9.966,515.6365999999999,0.9806724348116485,0.0,0.0,0.0,0.001442876630557257,0.017884688557794386,0.0,0.0,0.9806724348116485,0.01932756518835164
Gwh,2022,2,510.387,0.0,0.0,0.0,0.672,8.519,0.0,0.0,510.387,9.191,519.578,0.982310644407577,0.0,0.0,0.0,0.0012933573015023732,0.01639599829092071,0.0,0.0,0.982310644407577,0.017689355592423083
Gwh,2022,3,610.678,0.0,0.0,0.0,0.744,7.656,0.0,0.0,610.678,8.4,619.078,0.9864314351341834,0.0,0.0,0.0,0.001201787173829469,0.012366777691987116,0.0,0.0,0.9864314351341834,0.013568564865816587
Gwh,2022,4,525.0905,0.0,0.0,0.0,0.72,9.062,0.0,0.0,525.0905,9.782,534.8725,0.9817115293831709,0.0,0.0,0.0,0.0013461151956774746,0.01694235542115177,0.0,0.0,0.9817115293831709,0.018288470616829245
Gwh,2022,5,207.512,0.0,0.0,0.0,0.288,1.334,0.0,0.0,207.512,1.622,209.134,0.992244207063414,0.0,0.0,0.0,0.0013771075004542542,0.006378685436131859,0.0,0.0,0.992244207063414,0.007755792936586113
