unit,year,month,coal,gas,oil,nuclear,hydro,wind,solar,other,fossil,low.carbon,total.prod,coal.perc,gas.perc,oil.perc,nuclear.perc,hydro.perc,wind.perc,solar.perc,other.perc,fossil.perc,low.carbon.perc
Gwh,2022,1,492.83858100000003,0.0,0.0,0.0,0.95,9.222,0.0,0.0,492.83858100000003,10.172,503.010581,0.9797777613747652,0.0,0.0,0.0,0.001888628263269078,0.018333610361965725,0.0,0.0,0.9797777613747652,0.020222238625234805
Gwh,2022,2,503.3275,0.0,0.0,0.0,0.672,8.519,0.0,0.0,503.3275,9.191,512.5185,0.9820669888013798,0.0,0.0,0.0,0.00131117218207733,0.01662183901654282,0.0,0.0,0.9820669888013798,0.017933011198620147
Gwh,2022,3,610.678,0.0,0.0,0.0,0.857,7.656,0.0,0.0,610.678,8.513,619.191,0.986251415152998,0.0,0.0,0.0,0.001384064044858533,0.01236452080214344,0.0,0.0,0.986251415152998,0.013748584847001975
Gwh,2022,4,521.96,0.0,0.0,0.0,3.2952049999999997,9.062,0.0,0.0,521.96,12.357205,534.317205,0.976872904551146,0.0,0.0,0.0,0.006167132499504672,0.016959962949349535,0.0,0.0,0.976872904551146,0.02312709544885421
Gwh,2022,5,495.8065,0.0,0.0,0.0,1.5217129999999999,4.199,0.0,0.0,495.8065,5.720713,501.52721299999996,0.9885934145711054,0.0,0.0,0.0,0.003034158387732392,0.00837242704116237,0.0,0.0,0.9885934145711054,0.011406585428894764
Gwh,2022,6,512.4835,0.0,0.0,0.0,2.266082,8.3465,0.0,0.0,512.4835,10.612582,523.096082,0.9797119833904625,0.0,0.0,0.0,0.004332056916457654,0.015955959693079867,0.0,0.0,0.9797119833904625,0.020288016609537517
Gwh,2022,7,145.81,0.0,0.0,0.0,0.0,3.707965,0.0,0.0,145.81,3.707965,149.517965,0.9752005386108619,0.0,0.0,0.0,0.0,0.024799461389138088,0.0,0.0,0.9752005386108619,0.024799461389138088
