unit,year,month,coal,gas,oil,nuclear,hydro,wind,solar,other,fossil,low.carbon,total.prod,coal.perc,gas.perc,oil.perc,nuclear.perc,hydro.perc,wind.perc,solar.perc,other.perc,fossil.perc,low.carbon.perc
Gwh,2022,1,483.87805699999996,0.0,0.0,0.0,0.95,9.222,0.0,0.0,483.87805699999996,10.172,494.050057,0.97941099316582,0.0,0.0,0.0,0.001922882077513858,0.018666124756666104,0.0,0.0,0.97941099316582,0.020589006834179965
Gwh,2022,2,501.059,0.0,0.0,0.0,0.672,8.519,0.0,0.0,501.059,9.191,510.25,0.9819872611464968,0.0,0.0,0.0,0.001317001469867712,0.016695737383635473,0.0,0.0,0.9819872611464968,0.018012738853503185
Gwh,2022,3,610.678,0.0,0.0,0.0,0.857,7.656,0.0,0.0,610.678,8.513,619.191,0.986251415152998,0.0,0.0,0.0,0.001384064044858533,0.01236452080214344,0.0,0.0,0.986251415152998,0.013748584847001975
Gwh,2022,4,518.9815,0.0,0.0,0.0,3.2952049999999997,9.062,0.0,0.0,518.9815,12.357205,531.338705,0.97674326209682,0.0,0.0,0.0,0.006201703299593053,0.017055034603586802,0.0,0.0,0.97674326209682,0.023256737903179857
Gwh,2022,5,487.815,0.0,0.0,0.0,1.5217129999999999,4.199,0.0,0.0,487.815,5.720713,493.535713,0.988408715216927,0.0,0.0,0.0,0.003083288523843866,0.008507996259229168,0.0,0.0,0.988408715216927,0.011591284783073034
Gwh,2022,6,512.4835,0.0,0.0,0.0,2.266082,8.3465,0.0,0.0,512.4835,10.612582,523.096082,0.9797119833904625,0.0,0.0,0.0,0.004332056916457654,0.015955959693079867,0.0,0.0,0.9797119833904625,0.020288016609537517
Gwh,2022,7,145.524,0.0,0.0,0.0,0.0,3.9075,0.0,0.0,145.524,3.9075,149.4315,0.9738508948916393,0.0,0.0,0.0,0.0,0.026149105108360687,0.0,0.0,0.9738508948916393,0.026149105108360687
