unit,year,month,coal,gas,oil,nuclear,hydro,wind,solar,other,fossil,low.carbon,total.prod,coal.perc,gas.perc,oil.perc,nuclear.perc,hydro.perc,wind.perc,solar.perc,other.perc,fossil.perc,low.carbon.perc
Gwh,2022,1,492.83858100000003,0.0,0.0,0.0,0.744,9.222,0.0,0.0,492.83858100000003,9.966,502.804581,0.980179178200447,0.0,0.0,0.0,0.001479700122302585,0.01834112167725059,0.0,0.0,0.980179178200447,0.019820821799553173
Gwh,2022,2,507.0655,0.0,0.0,0.0,0.672,8.519,0.0,0.0,507.0655,9.191,516.2565,0.9821968343255727,0.0,0.0,0.0,0.001301678526081512,0.016501487148345834,0.0,0.0,0.9821968343255727,0.017803165674427347
Gwh,2022,3,610.678,0.0,0.0,0.0,0.744,7.656,0.0,0.0,610.678,8.4,619.078,0.9864314351341834,0.0,0.0,0.0,0.001201787173829469,0.012366777691987116,0.0,0.0,0.9864314351341834,0.013568564865816587
Gwh,2022,4,524.229,0.0,0.0,0.0,0.72,9.062,0.0,0.0,524.229,9.782,534.011,0.9816820252766331,0.0,0.0,0.0,0.0013482868330427652,0.016969687890324357,0.0,0.0,0.9816820252766331,0.018317974723367124
Gwh,2022,5,495.8065,0.0,0.0,0.0,0.744,4.199,0.0,0.0,495.8065,4.943,500.7495,0.9901287969333968,0.0,0.0,0.0,0.001485772826533027,0.008385430240070135,0.0,0.0,0.9901287969333968,0.00987120306660316
Gwh,2022,6,512.4835,0.0,0.0,0.0,0.72,8.3465,0.0,0.0,512.4835,9.0665,521.55,0.9826162400536863,0.0,0.0,0.0,0.0013805004314063848,0.01600325951490749,0.0,0.0,0.9826162400536863,0.017383759946313873
Gwh,2022,7,17.534,0.0,0.0,0.0,0.024,0.006,0.0,0.0,17.534,0.03,17.564,0.9982919608289683,0.0,0.0,0.0,0.0013664313368253246,0.00034160783420633114,0.0,0.0,0.9982919608289683,0.0017080391710316556
