unit,year,month,coal,gas,oil,nuclear,hydro,wind,solar,other,fossil,low.carbon,total.prod,coal.perc,gas.perc,oil.perc,nuclear.perc,hydro.perc,wind.perc,solar.perc,other.perc,fossil.perc,low.carbon.perc
Gwh,2022,1,0.0,181.379,0.0,0.0,708.532,14.956,0.0,92.952,181.379,816.44,997.819,0.0,0.18177545226138206,0.0,0.0,0.710080685976114,0.01498869033361762,0.0,0.09315517142888641,0.18177545226138206,0.818224547738618
Gwh,2022,2,0.0,45.338,0.0,0.0,745.1245,15.733,0.0,81.143,45.338,842.0005,887.3385,0.0,0.051094368158262043,0.0,0.0,0.8397297085610509,0.017730550404383448,0.0,0.0914453728763037,0.051094368158262043,0.948905631841738
Gwh,2022,3,0.0,9.3835,0.0,0.0,836.322,6.888,0.0,79.8305,9.3835,923.0405,932.424,0.0,0.0100635547776548,0.0,0.0,0.8969331548737485,0.007387197240740264,0.0,0.08561609310785652,0.0100635547776548,0.9899364452223451
Gwh,2022,4,0.0,9.456,0.0,0.0,1021.8,11.2265,0.0,57.18,9.456,1090.2065,1099.6625,0.0,0.008599001966512454,0.0,0.0,0.9291941845793596,0.010209041410432747,0.0,0.051997772043695226,0.008599001966512454,0.9914009980334876
Gwh,2022,5,0.0,11.258,0.0,0.0,471.2795,5.586,0.0,26.728,11.258,503.5935,514.8515,0.0,0.021866499369235595,0.0,0.0,0.9153697716720258,0.010849730456257776,0.0,0.05191399850248082,0.021866499369235595,0.9781335006307644
