unit,year,month,coal,oil,gas,nuclear,hydro,wind,solar,other,fossil,low.carbon,total.prod,coal.perc,oil.perc,gas.perc,nuclear.perc,hydro.perc,wind.perc,solar.perc,other.perc,fossil.perc,low.carbon.perc
Gwh,2022,1,0.0,0.0,184.037,0.0,708.532,14.956,0.0,92.952,184.037,816.44,1000.477,0.0,0.0,0.18394925620479033,0.0,0.7081941913707163,0.014948869389301303,0.0,0.09290768303519222,0.18394925620479033,0.8160507437952098
Gwh,2022,2,0.0,0.0,45.338,0.0,744.9165,15.733,0.0,81.143,45.338,841.7925,887.1305,0.0,0.0,0.051106347938662915,0.0,0.8396921309773479,0.01773470757684467,0.0,0.09146681350714467,0.051106347938662915,0.9488936520613371
Gwh,2022,3,0.0,0.0,9.3835,0.0,836.322,6.888,0.0,79.8305,9.3835,923.0405,932.424,0.0,0.0,0.0100635547776548,0.0,0.8969331548737485,0.007387197240740264,0.0,0.08561609310785652,0.0100635547776548,0.9899364452223451
Gwh,2022,4,0.0,0.0,0.0,0.0,58.3755,0.748,0.0,4.833,0.0,63.9565,63.9565,0.0,0.0,0.0,0.0,0.9127375638129042,0.01169544925066256,0.0,0.07556698693643336,0.0,1.0
