unit,year,month,coal,gas,oil,nuclear,hydro,wind,solar,other,fossil,low.carbon,total.prod,coal.perc,gas.perc,oil.perc,nuclear.perc,hydro.perc,wind.perc,solar.perc,other.perc,fossil.perc,low.carbon.perc
Gwh,2022,1,0.0,181.379,0.0,0.0,708.532,14.956,0.0,92.952,181.379,816.44,997.819,0.0,0.18177545226138206,0.0,0.0,0.710080685976114,0.01498869033361762,0.0,0.09315517142888641,0.18177545226138206,0.818224547738618
Gwh,2022,2,0.0,45.338,0.0,0.0,745.422,15.733,0.0,81.143,45.338,842.298,887.636,0.0,0.05107724337453641,0.0,0.0,0.839783424737167,0.017724607834743073,0.0,0.09141472405355348,0.05107724337453641,0.9489227566254637
Gwh,2022,3,0.0,9.3835,0.0,0.0,836.322,6.888,0.0,79.8305,9.3835,923.0405,932.424,0.0,0.0100635547776548,0.0,0.0,0.8969331548737485,0.007387197240740264,0.0,0.08561609310785652,0.0100635547776548,0.9899364452223451
Gwh,2022,4,0.0,9.456,0.0,0.0,1022.0855,11.2265,0.0,57.18,9.456,1090.492,1099.948,0.0,0.00859677002912865,0.0,0.0,0.9292125627756948,0.010206391574874447,0.0,0.05198427562030205,0.00859677002912865,0.9914032299708713
Gwh,2022,5,0.0,15.57,0.0,0.0,704.217,7.909,0.0,41.597,15.57,753.723,769.293,0.0,0.020239362635562783,0.0,0.0,0.9154080434892817,0.010280868277756329,0.0,0.05407172559739917,0.020239362635562783,0.9797606373644372
