unit,year,month,coal,gas,oil,nuclear,hydro,wind,solar,other,fossil,low.carbon,total.prod,coal.perc,gas.perc,oil.perc,nuclear.perc,hydro.perc,wind.perc,solar.perc,other.perc,fossil.perc,low.carbon.perc
Gwh,2022,1,0.0,182.573,0.0,0.0,708.532,14.956,0.0,92.952,182.573,816.44,999.013,0.0,0.18275337758367508,0.0,0.0,0.70923201199584,0.014970776156066037,0.0,0.09304383426441898,0.18275337758367508,0.817246622416325
Gwh,2022,2,0.0,45.338,0.0,0.0,745.1245,15.733,0.0,81.143,45.338,842.0005,887.3385,0.0,0.051094368158262043,0.0,0.0,0.8397297085610509,0.017730550404383448,0.0,0.0914453728763037,0.051094368158262043,0.948905631841738
Gwh,2022,3,0.0,9.3835,0.0,0.0,836.322,6.888,0.0,79.8305,9.3835,923.0405,932.424,0.0,0.0100635547776548,0.0,0.0,0.8969331548737485,0.007387197240740264,0.0,0.08561609310785652,0.0100635547776548,0.9899364452223451
Gwh,2022,4,0.0,4.553,0.0,0.0,917.3855,10.8455,0.0,51.551,4.553,979.782,984.335,0.0,0.004625457796380297,0.0,0.0,0.9319850457415412,0.011018098513209425,0.0,0.05237139794886903,0.004625457796380297,0.9953745422036198
