unit,year,month,coal,gas,oil,nuclear,hydro,wind,solar,other,fossil,low.carbon,total.prod,coal.perc,gas.perc,oil.perc,nuclear.perc,hydro.perc,wind.perc,solar.perc,other.perc,fossil.perc,low.carbon.perc
Gwh,2022,1,0.0,183.7805,0.0,0.0,708.532,14.956,0.0,92.952,183.7805,816.44,1000.2205,0.0,0.18373998533323402,0.0,0.0,0.7083758031354087,0.014952702929004153,0.0,0.09293150860235318,0.18373998533323402,0.816260014666766
Gwh,2022,2,0.0,45.338,0.0,0.0,745.074,15.733,0.0,81.143,45.338,841.95,887.288,0.0,0.05109727619442616,0.0,0.0,0.839720586776785,0.017731559538729253,0.0,0.0914505774900596,0.05109727619442616,0.9489027238055738
Gwh,2022,3,0.0,9.3835,0.0,0.0,836.322,6.888,0.0,79.8305,9.3835,923.0405,932.424,0.0,0.0100635547776548,0.0,0.0,0.8969331548737485,0.007387197240740264,0.0,0.08561609310785652,0.0100635547776548,0.9899364452223451
Gwh,2022,4,0.0,1.284,0.0,0.0,846.6735,10.4005,0.0,47.599,1.284,904.673,905.957,0.0,0.0014172858093706435,0.0,0.0,0.9345625675390774,0.011480125436416959,0.0,0.05254002121513493,0.0014172858093706435,0.9985827141906294
