unit,year,month,coal,gas,oil,nuclear,hydro,wind,solar,other,fossil,low.carbon,total.prod,coal.perc,gas.perc,oil.perc,nuclear.perc,hydro.perc,wind.perc,solar.perc,other.perc,fossil.perc,low.carbon.perc
Gwh,2022,1,0.0,181.379,0.0,0.0,708.532,14.956,0.0,92.952,181.379,816.44,997.819,0.0,0.18177545226138206,0.0,0.0,0.710080685976114,0.01498869033361762,0.0,0.09315517142888641,0.18177545226138206,0.818224547738618
Gwh,2022,2,0.0,45.338,0.0,0.0,745.525,15.733,0.0,81.143,45.338,842.401,887.739,0.0,0.05107131713262569,0.0,0.0,0.8398020138802057,0.017722551335471348,0.0,0.09140411765169718,0.05107131713262569,0.9489286828673742
Gwh,2022,3,0.0,9.3835,0.0,0.0,836.322,6.888,0.0,79.8305,9.3835,923.0405,932.424,0.0,0.0100635547776548,0.0,0.0,0.8969331548737485,0.007387197240740264,0.0,0.08561609310785652,0.0100635547776548,0.9899364452223451
Gwh,2022,4,0.0,9.456,0.0,0.0,1023.444,11.2265,0.0,57.18,9.456,1091.8505,1101.3065,0.0,0.008586165613296571,0.0,0.0,0.9292998815497775,0.010193801634694792,0.0,0.051920151202231174,0.008586165613296571,0.9914138343867035
Gwh,2022,5,0.0,15.649,0.0,0.0,795.1275,8.7715,0.0,47.207,15.649,851.106,866.755,0.0,0.01805469827113775,0.0,0.0,0.9173613074052068,0.010119930084049126,0.0,0.05446406423960635,0.01805469827113775,0.9819453017288623
Gwh,2022,6,0.0,0.605,0.0,0.0,497.776,4.0965,0.0,28.441,0.605,530.3135,530.9185,0.0,0.0011395345990015417,0.0,0.0,0.9375751645497379,0.007715873528611265,0.0,0.053569427322649334,0.0011395345990015417,0.9988604654009984
