unit,year,month,coal,gas,oil,nuclear,hydro,wind,solar,other,fossil,low.carbon,total.prod,coal.perc,gas.perc,oil.perc,nuclear.perc,hydro.perc,wind.perc,solar.perc,other.perc,fossil.perc,low.carbon.perc
Gwh,2022,1,0.0,182.573,0.0,0.0,708.532,14.956,0.0,92.952,182.573,816.44,999.013,0.0,0.18275337758367508,0.0,0.0,0.70923201199584,0.014970776156066037,0.0,0.09304383426441898,0.18275337758367508,0.817246622416325
Gwh,2022,2,0.0,45.338,0.0,0.0,745.1245,15.733,0.0,81.143,45.338,842.0005,887.3385,0.0,0.051094368158262043,0.0,0.0,0.8397297085610509,0.017730550404383448,0.0,0.0914453728763037,0.051094368158262043,0.948905631841738
Gwh,2022,3,0.0,9.3835,0.0,0.0,836.322,6.888,0.0,79.8305,9.3835,923.0405,932.424,0.0,0.0100635547776548,0.0,0.0,0.8969331548737485,0.007387197240740264,0.0,0.08561609310785652,0.0100635547776548,0.9899364452223451
Gwh,2022,4,0.0,9.456,0.0,0.0,1021.501,11.2265,0.0,57.18,9.456,1089.9075,1099.3635,0.0,0.008601340684859921,0.0,0.0,0.9291749271282883,0.01021181802015439,0.0,0.05201191416669737,0.008601340684859921,0.9913986593151402
Gwh,2022,5,0.0,0.783,0.0,0.0,67.5965,0.5585,0.0,3.373,0.783,71.528,72.311,0.0,0.010828228070418054,0.0,0.0,0.9348024505261994,0.007723582857379927,0.0,0.04664573854600268,0.010828228070418054,0.9891717719295819
