unit,year,month,coal,gas,oil,nuclear,hydro,wind,solar,other,fossil,low.carbon,total.prod,coal.perc,gas.perc,oil.perc,nuclear.perc,hydro.perc,wind.perc,solar.perc,other.perc,fossil.perc,low.carbon.perc
Gwh,2022,1,0.0,6.723,0.744,0.0,25.6055,189.154,0.0,64.266,7.467,279.0255,286.4925,0.0,0.023466582894840177,0.002596926621115736,0.0,0.08937581263034808,0.6602406694765133,0.0,0.22432000837718266,0.026063509515955912,0.9739364904840442
Gwh,2022,2,0.0,6.531,0.672,0.0,31.223632000000002,194.3465,0.0,58.6155,7.203,284.185632,291.388632,0.0,0.022413365803508768,0.00230619841065042,0.0,0.10715459894811546,0.6669666509158807,0.0,0.20115918592184476,0.02471956421415919,0.9752804357858409
Gwh,2022,3,0.0,32.312,0.744,0.0,29.932368,84.7035,0.0,63.1975,33.056,177.833368,210.88936800000002,0.0,0.15321777625129018,0.0035279161157142826,0.0,0.14193398312996033,0.40164898213360856,0.0,0.29967134236942655,0.15674569236700445,0.8432543076329955
Gwh,2022,4,0.0,13.065,0.696,0.0,22.238,143.1915,0.0,58.666,13.761,224.0955,237.8565,0.0,0.05492807638218842,0.0029261340345964897,0.0,0.0934933457778114,0.6020079333547748,0.0,0.24664451045062882,0.0578542104167849,0.942145789583215
