unit,year,month,coal,gas,oil,nuclear,hydro,wind,solar,other,fossil,low.carbon,total.prod,coal.perc,gas.perc,oil.perc,nuclear.perc,hydro.perc,wind.perc,solar.perc,other.perc,fossil.perc,low.carbon.perc
Gwh,2022,1,0.0,6.723,0.744,0.0,25.6055,189.154,0.0,64.266,7.467,279.0255,286.4925,0.0,0.023466582894840177,0.002596926621115736,0.0,0.08937581263034808,0.6602406694765133,0.0,0.22432000837718266,0.026063509515955912,0.9739364904840442
Gwh,2022,2,0.0,6.531,0.672,0.0,31.223632000000002,194.3465,0.0,58.6155,7.203,284.185632,291.388632,0.0,0.022413365803508768,0.00230619841065042,0.0,0.10715459894811546,0.6669666509158807,0.0,0.20115918592184476,0.02471956421415919,0.9752804357858409
Gwh,2022,3,0.0,32.312,0.744,0.0,29.932368,84.7035,0.0,63.1975,33.056,177.833368,210.88936800000002,0.0,0.15321777625129018,0.0035279161157142826,0.0,0.14193398312996033,0.40164898213360856,0.0,0.29967134236942655,0.15674569236700445,0.8432543076329955
Gwh,2022,4,0.0,13.065,0.72,0.0,22.8315,144.7715,0.0,60.392,13.785,227.995,241.78,0.0,0.05403672760360658,0.0029779138059392836,0.0,0.09443088758375381,0.5987736785507486,0.0,0.2497807924559517,0.05701464140954587,0.9429853585904542
Gwh,2022,5,0.0,0.385,0.048,0.0,1.169,5.598,0.0,3.318,0.433,10.085,10.518,0.0,0.036603917094504654,0.004563605248146035,0.0,0.11114280281422323,0.5322304620650313,0.0,0.3154592127780947,0.04116752234265069,0.9588324776573494
