unit,year,month,coal,gas,oil,nuclear,hydro,wind,solar,other,fossil,low.carbon,total.prod,coal.perc,gas.perc,oil.perc,nuclear.perc,hydro.perc,wind.perc,solar.perc,other.perc,fossil.perc,low.carbon.perc
Gwh,2022,1,0.0,6.723,0.744,0.0,25.6055,189.154,0.0,64.266,7.467,279.0255,286.4925,0.0,0.023466582894840177,0.002596926621115736,0.0,0.08937581263034808,0.6602406694765133,0.0,0.22432000837718266,0.026063509515955912,0.9739364904840442
Gwh,2022,2,0.0,6.531,0.672,0.0,31.223632000000002,194.3465,0.0,58.6155,7.203,284.185632,291.388632,0.0,0.022413365803508768,0.00230619841065042,0.0,0.10715459894811546,0.6669666509158807,0.0,0.20115918592184476,0.02471956421415919,0.9752804357858409
Gwh,2022,3,0.0,32.312,0.744,0.0,29.932368,84.7035,0.0,63.1975,33.056,177.833368,210.88936800000002,0.0,0.15321777625129018,0.0035279161157142826,0.0,0.14193398312996033,0.40164898213360856,0.0,0.29967134236942655,0.15674569236700445,0.8432543076329955
Gwh,2022,4,0.0,13.045,0.672,0.0,21.416,142.0015,0.0,56.921,13.717,220.3385,234.0555,0.0,0.055734644133549525,0.00287111390247185,0.0,0.09149966567758502,0.6067001202706196,0.0,0.24319445601577405,0.058605758036021374,0.9413942419639787
