unit,year,month,coal,gas,oil,nuclear,hydro,wind,solar,other,fossil,low.carbon,total.prod,coal.perc,gas.perc,oil.perc,nuclear.perc,hydro.perc,wind.perc,solar.perc,other.perc,fossil.perc,low.carbon.perc
Gwh,2022,1,0.0,6.723,0.744,0.0,25.6055,189.154,10.819,64.266,7.467,289.8445,297.3115,0.0,0.02261264700490899,0.002502425906835087,0.0,0.08612347655573363,0.636214879007371,0.03638944339522689,0.21615712812992435,0.025115072911744078,0.9748849270882558
Gwh,2022,2,0.0,6.531,0.672,0.0,31.223632000000002,194.3465,23.698,58.6155,7.203,307.883632,315.086632,0.0,0.0207276327737065,0.0021327467805743027,0.0,0.09909538783606663,0.616803381236434,0.07521106131852652,0.186029790054692,0.022860379554280805,0.9771396204457191
Gwh,2022,3,0.0,30.9455,0.744,0.0,29.932368,84.7035,55.063,63.2978,31.6895,232.996668,264.686168,0.0,0.11691392955600158,0.002810876010717719,0.0,0.11308625692899826,0.3200148335669736,0.20803127120719056,0.23914283273011833,0.11972480556671929,0.8802751944332806
Gwh,2022,4,0.0,13.065,0.72,0.0,22.8315,144.7715,25.457,60.865252999999996,13.785,253.925253,267.710253,0.0,0.04880276288857714,0.002689474877900922,0.0,0.08528436899277068,0.5407768226194908,0.09509161384267191,0.2273549567785885,0.05149223776647807,0.9485077622335218
Gwh,2022,5,0.0,5.477,0.216,0.0,6.694,24.928,10.519,15.228447000000001,5.693,57.369447,63.062447,0.0,0.08685041987032315,0.003425176317690305,0.0,0.10614875125286527,0.3952907187378885,0.16680291521196441,0.24148201860926838,0.09027559618801344,0.9097244038119866
