unit,year,month,coal,gas,oil,nuclear,hydro,wind,solar,other,fossil,low.carbon,total.prod,coal.perc,gas.perc,oil.perc,nuclear.perc,hydro.perc,wind.perc,solar.perc,other.perc,fossil.perc,low.carbon.perc
Gwh,2022,1,0.0,6.723,0.744,0.0,25.6055,189.154,10.819,64.266,7.467,289.8445,297.3115,0.0,0.02261264700490899,0.002502425906835087,0.0,0.08612347655573363,0.636214879007371,0.03638944339522689,0.21615712812992435,0.025115072911744078,0.9748849270882558
Gwh,2022,2,0.0,6.531,0.672,0.0,31.223632000000002,194.3465,23.698,58.6155,7.203,307.883632,315.086632,0.0,0.0207276327737065,0.0021327467805743027,0.0,0.09909538783606663,0.616803381236434,0.07521106131852652,0.186029790054692,0.022860379554280805,0.9771396204457191
Gwh,2022,3,0.0,32.312,0.744,0.0,29.932368,84.7035,55.063,63.1975,33.056,232.89636800000002,265.95236800000004,0.0,0.12149544011580296,0.0027974934218295807,0.0,0.11254785292981484,0.31849124201067464,0.20704083371801374,0.23762713780386416,0.12429293353763254,0.8757070664623674
Gwh,2022,4,0.0,13.065,0.72,0.0,22.8315,144.7715,25.457,60.392,13.785,253.452,267.237,0.0,0.04888918824863323,0.0026942376991210045,0.0,0.08543540003816835,0.5417344903587452,0.0952600126479492,0.22598667100738296,0.05158342594775424,0.9484165740522457
Gwh,2022,5,0.0,1.115,0.072,0.0,2.0295,11.488,3.347,4.947,1.187,21.8115,22.9985,0.0,0.04848142270148053,0.0031306389547144375,0.0,0.08824488553601323,0.4995108376633258,0.1455312302976281,0.21510098484683784,0.051612061656194974,0.948387938343805
