unit,year,month,coal,gas,oil,nuclear,hydro,wind,solar,other,fossil,low.carbon,total.prod,coal.perc,gas.perc,oil.perc,nuclear.perc,hydro.perc,wind.perc,solar.perc,other.perc,fossil.perc,low.carbon.perc
Gwh,2022,1,0.0,6.723,0.744,0.0,25.6055,189.154,10.819,64.266,7.467,289.8445,297.3115,0.0,0.02261264700490899,0.002502425906835087,0.0,0.08612347655573363,0.636214879007371,0.03638944339522689,0.21615712812992435,0.025115072911744078,0.9748849270882558
Gwh,2022,2,0.0,6.531,0.672,0.0,31.223632000000002,194.3465,23.698,58.6155,7.203,307.883632,315.086632,0.0,0.0207276327737065,0.0021327467805743027,0.0,0.09909538783606663,0.616803381236434,0.07521106131852652,0.186029790054692,0.022860379554280805,0.9771396204457191
Gwh,2022,3,0.0,31.123,0.744,0.0,29.932368,84.7035,55.063,63.2978,31.867,232.996668,264.863668,0.0,0.11750573506367057,0.0028089922850422803,0.0,0.11301047148527747,0.3198003736775253,0.20789185778398267,0.2389825697045017,0.12031472734871285,0.879685272651287
Gwh,2022,4,0.0,13.065,0.72,0.0,22.8315,144.7715,25.457,60.865252999999996,13.785,253.925253,267.710253,0.0,0.04880276288857714,0.002689474877900922,0.0,0.08528436899277068,0.5407768226194908,0.09509161384267191,0.2273549567785885,0.05149223776647807,0.9485077622335218
Gwh,2022,5,0.0,8.5035,0.744,0.0,23.924,122.8495,33.745,53.196947,9.2475,233.71544699999998,242.96294699999999,0.0,0.03499916388485361,0.0030621953231411867,0.0,0.09846768939627655,0.5056305972449372,0.138889490832526,0.21895086331826558,0.03806135920799479,0.9619386407920052
Gwh,2022,6,0.0,0.0,0.024,0.0,0.739,3.39,0.785,1.725,0.024,6.639,6.663,0.0,0.0,0.0036019810895992796,0.0,0.11091100105057781,0.5087798289058982,0.11781479813897644,0.25889239081494825,0.0036019810895992796,0.9963980189104007
