unit,year,month,coal,oil,gas,nuclear,hydro,wind,solar,other,fossil,low.carbon,total.prod,coal.perc,oil.perc,gas.perc,nuclear.perc,hydro.perc,wind.perc,solar.perc,other.perc,fossil.perc,low.carbon.perc
Gwh,2022,1,0.0,0.744,6.723,0.0,25.6055,189.1065,0.0,64.266,7.467,278.978,286.445,0.0,0.002597357258810592,0.023470474262074745,0.0,0.08939063345493899,0.6601843285796576,0.0,0.22435720644451818,0.026067831520885335,0.9739321684791147
Gwh,2022,2,0.0,0.672,6.531,0.0,31.242632,192.478,0.0,58.614,7.203,282.334632,289.537632,0.0,0.0023209418249300322,0.022556653361038747,0.0,0.10790525495490687,0.6647771437185755,0.0,0.20244000614054894,0.02487759518596878,0.9751224048140313
Gwh,2022,3,0.0,0.744,30.9455,0.0,29.932368,84.0255,0.0,63.1975,31.6895,177.155368,208.84486800000002,0.0,0.0035624528729142624,0.1481745771220004,0.0,0.1433234548047405,0.4023345213347545,0.0,0.3026049938655902,0.15173702999491467,0.8482629700050853
Gwh,2022,4,0.0,0.168,7.556,0.0,4.477,45.764,0.0,14.377,7.724,64.618,72.342,0.0,0.0023223023969478314,0.10444831494843936,0.0,0.06188659423294905,0.6326062315114319,0.0,0.19873655691023195,0.10677061734538719,0.8932293826546127
