unit,year,month,coal,gas,oil,nuclear,hydro,wind,solar,other,fossil,low.carbon,total.prod,coal.perc,gas.perc,oil.perc,nuclear.perc,hydro.perc,wind.perc,solar.perc,other.perc,fossil.perc,low.carbon.perc
Gwh,2022,1,0.0,6.723,0.744,0.0,25.6055,189.1065,10.819,64.266,7.467,289.797,297.264,0.0,0.022616260293880187,0.00250282577103181,0.0,0.08613723827977823,0.6361567495559503,0.03639525808708757,0.21619166801227194,0.025119086064911995,0.974880913935088
Gwh,2022,2,0.0,6.531,0.672,0.0,31.223632000000002,192.4785,23.698,58.6155,7.203,306.015632,313.21863199999996,0.0,0.0208512499984356,0.002145466237781155,0.0,0.09968638136443941,0.61451804054875,0.07565961146270508,0.1871392503878888,0.022996716236216755,0.9770032837637833
Gwh,2022,3,0.0,31.123,0.744,0.0,29.932368,84.0255,55.063,63.2978,31.867,232.318668,264.185668,0.0,0.11780729906968307,0.00281620121800097,0.0,0.11330049895060923,0.31805472505798454,0.20842538664890783,0.23959588905481427,0.12062350028768404,0.8793764997123159
Gwh,2022,4,0.0,13.065,0.72,0.0,22.8315,144.541,25.457,60.865252999999996,13.785,253.694753,267.479753,0.0,0.048844818545948035,0.002691792526068319,0.0,0.08535786258184558,0.5403810882089456,0.09517355880016833,0.22755087933702403,0.051536611072016354,0.9484633889279835
Gwh,2022,5,0.0,8.5035,0.744,0.0,23.924,122.087,33.745,53.078262,9.2475,232.834262,242.081762,0.0,0.03512656190927758,0.0030733418075501286,0.0,0.09882611479009311,0.5043213457773824,0.13939505281690737,0.21925758289878938,0.03819990371682771,0.9618000962831723
Gwh,2022,6,0.0,19.795167000000003,0.72,0.0,25.619,62.707,37.381,45.788685,20.515167,171.495685,192.010852,0.0,0.10309400116614244,0.00374978805885409,0.0,0.13342475038858742,0.3265804997313381,0.1946817047611455,0.2384692558939325,0.10684378922499652,0.8931562107750035
Gwh,2022,7,0.0,33.058333,0.672,0.0,21.2985,90.913,44.9,51.124,33.730333,208.2355,241.96583299999998,0.0,0.13662397120340541,0.002777251613040756,0.0,0.08802275815528056,0.37572660103627115,0.18556338902608618,0.21128602896591606,0.13940122281644618,0.8605987771835539
