unit,year,month,coal,gas,oil,nuclear,hydro,wind,solar,other,fossil,low.carbon,total.prod,coal.perc,gas.perc,oil.perc,nuclear.perc,hydro.perc,wind.perc,solar.perc,other.perc,fossil.perc,low.carbon.perc
Gwh,2022,1,0.0,6.723,0.744,0.0,25.6055,189.154,0.0,64.266,7.467,279.0255,286.4925,0.0,0.023466582894840177,0.002596926621115736,0.0,0.08937581263034808,0.6602406694765133,0.0,0.22432000837718266,0.026063509515955912,0.9739364904840442
Gwh,2022,2,0.0,6.531,0.672,0.0,31.223632000000002,194.3465,0.0,58.6155,7.203,284.185632,291.388632,0.0,0.022413365803508768,0.00230619841065042,0.0,0.10715459894811546,0.6669666509158807,0.0,0.20115918592184476,0.02471956421415919,0.9752804357858409
Gwh,2022,3,0.0,30.9455,0.744,0.0,29.932368,84.7035,0.0,63.1975,31.6895,177.833368,209.52286800000002,0.0,0.1476950955062337,0.0035509250474750086,0.0,0.14285967105032182,0.404268521181182,0.0,0.30162578721478744,0.1512460205537087,0.8487539794462913
Gwh,2022,4,0.0,12.995,0.6,0.0,18.367,136.1075,0.0,51.546,13.595,206.0205,219.6155,0.0,0.05917159763313609,0.0027320476013760414,0.0,0.08363253049078959,0.6197536148404825,0.0,0.23471020943421572,0.06190364523451214,0.9380963547654879
