unit,year,month,coal,gas,oil,nuclear,hydro,wind,solar,other,fossil,low.carbon,total.prod,coal.perc,gas.perc,oil.perc,nuclear.perc,hydro.perc,wind.perc,solar.perc,other.perc,fossil.perc,low.carbon.perc
Gwh,2022,1,0.0,6.723,0.744,0.0,25.6055,189.1065,10.819,64.266,7.467,289.797,297.264,0.0,0.022616260293880187,0.00250282577103181,0.0,0.08613723827977823,0.6361567495559503,0.03639525808708757,0.21619166801227194,0.025119086064911995,0.974880913935088
Gwh,2022,2,0.0,6.531,0.672,0.0,31.223632000000002,192.515,23.698,58.6155,7.203,306.052132,313.255132,0.0,0.02084882044326731,0.00214521625139728,0.0,0.09967476606257165,0.6145629563061715,0.075650795722638,0.1871174452139542,0.022994036694664592,0.9770059633053353
Gwh,2022,3,0.0,31.123,0.744,0.0,29.932368,84.3365,55.063,63.2978,31.867,232.629668,264.496668,0.0,0.11766877910159534,0.0028128898773121785,0.0,0.11316727816019218,0.31885656873378837,0.2081803162828501,0.23931416784426185,0.12048166897890752,0.8795183310210926
Gwh,2022,4,0.0,13.065,0.72,0.0,22.8315,144.724,25.457,60.865252999999996,13.785,253.87775299999998,267.662753,0.0,0.048811423530415524,0.0026899521578185367,0.0,0.08529950373782488,0.5406953279001804,0.09510848900220345,0.22739530367155714,0.05150137568823406,0.9484986243117658
Gwh,2022,5,0.0,8.5035,0.744,0.0,23.924,122.094,33.745,53.078262,9.2475,232.841262,242.08876199999997,0.0,0.035125546224239856,0.0030732529418280065,0.0,0.09882325723157691,0.5043356783327266,0.13939102220697053,0.2192512430626582,0.038198799166067866,0.9618012008339323
Gwh,2022,6,0.0,4.9935,0.408,0.0,14.66,39.762,20.402,27.335685,5.4015,102.159685,107.561185,0.0,0.046424739556374356,0.0037931898946632096,0.0,0.13629451925432023,0.3696686681166631,0.1896780888012716,0.25414079437670756,0.05021792945103757,0.9497820705489625
