unit,year,month,coal,oil,gas,nuclear,hydro,wind,solar,other,fossil,low.carbon,total.prod,coal.perc,oil.perc,gas.perc,nuclear.perc,hydro.perc,wind.perc,solar.perc,other.perc,fossil.perc,low.carbon.perc
Gwh,2022,1,0.0,0.744,6.723,0.0,25.6055,189.1065,0.0,64.266,7.467,278.978,286.445,0.0,0.002597357258810592,0.023470474262074745,0.0,0.08939063345493899,0.6601843285796576,0.0,0.22435720644451818,0.026067831520885335,0.9739321684791147
Gwh,2022,2,0.0,0.672,6.531,0.0,31.223632000000002,192.4785,0.0,58.6155,7.203,282.317632,289.520632,0.0,0.0023210781054111545,0.022557977836964657,0.0,0.10784596518841533,0.6648179049291382,0.0,0.2024570739400707,0.024879055942375813,0.9751209440576243
Gwh,2022,3,0.0,0.744,30.9455,0.0,29.932368,84.0255,0.0,63.1975,31.6895,177.155368,208.84486800000002,0.0,0.0035624528729142624,0.1481745771220004,0.0,0.1433234548047405,0.4023345213347545,0.0,0.3026049938655902,0.15173702999491467,0.8482629700050853
Gwh,2022,4,0.0,0.408,12.954,0.0,12.412,100.2055,0.0,35.185,13.362,147.8025,161.1645,0.0,0.0025315748815651086,0.0803775024896922,0.0,0.07701447899506406,0.621759134300668,0.0,0.2183173093330107,0.08290907737125731,0.9170909226287427
