unit,year,month,coal,oil,gas,nuclear,hydro,wind,solar,other,fossil,low.carbon,total.prod,coal.perc,oil.perc,gas.perc,nuclear.perc,hydro.perc,wind.perc,solar.perc,other.perc,fossil.perc,low.carbon.perc
Gwh,2022,1,0.0,0.744,6.723,0.0,25.6055,189.154,0.0,64.266,7.467,279.0255,286.4925,0.0,0.002596926621115736,0.023466582894840177,0.0,0.08937581263034808,0.6602406694765133,0.0,0.22432000837718266,0.026063509515955912,0.9739364904840442
Gwh,2022,2,0.0,0.672,6.531,0.0,31.223632000000002,194.3465,0.0,58.6155,7.203,284.185632,291.388632,0.0,0.00230619841065042,0.022413365803508768,0.0,0.10715459894811546,0.6669666509158807,0.0,0.20115918592184476,0.02471956421415919,0.9752804357858409
Gwh,2022,3,0.0,0.744,30.9455,0.0,29.932368,84.7035,0.0,63.1975,31.6895,177.833368,209.52286800000002,0.0,0.0035509250474750086,0.1476950955062337,0.0,0.14285967105032182,0.404268521181182,0.0,0.30162578721478744,0.1512460205537087,0.8487539794462913
Gwh,2022,4,0.0,0.528,12.995,0.0,16.1895,127.2465,0.0,45.433,13.523,188.869,202.392,0.0,0.002608798766749674,0.06420708328392426,0.0,0.07999080991343531,0.6287130914265386,0.0,0.22448021660935216,0.06681588205067394,0.9331841179493261
