unit,year,month,coal,gas,oil,nuclear,hydro,wind,solar,other,fossil,low.carbon,total.prod,coal.perc,gas.perc,oil.perc,nuclear.perc,hydro.perc,wind.perc,solar.perc,other.perc,fossil.perc,low.carbon.perc
Gwh,2022,1,0.0,6.723,0.744,0.0,25.6055,189.1065,10.819,64.266,7.467,289.797,297.264,0.0,0.022616260293880187,0.00250282577103181,0.0,0.08613723827977823,0.6361567495559503,0.03639525808708757,0.21619166801227194,0.025119086064911995,0.974880913935088
Gwh,2022,2,0.0,6.531,0.672,0.0,31.223632000000002,193.4075,23.698,58.6155,7.203,306.94463199999996,314.147632,0.0,0.020789588507864352,0.002139121647111445,0.0,0.0993915879652405,0.6156579910174208,0.07543587022804617,0.1865858406343168,0.0229287101549758,0.9770712898450241
Gwh,2022,3,0.0,30.9455,0.744,0.0,29.932368,84.3365,55.063,63.2978,31.6895,232.629668,264.319168,0.0,0.11707626137806244,0.002814778835865585,0.0,0.11324327413137136,0.31907069259540044,0.20832011698826172,0.23947487607103848,0.11989104021392803,0.8801089597860721
Gwh,2022,4,0.0,13.065,0.72,0.0,22.8315,144.75,25.457,60.865252999999996,13.785,253.903753,267.688753,0.0,0.048806682587818694,0.0026896908888809383,0.0,0.08529121879095158,0.5407399391187719,0.09509925133089174,0.22737321728268498,0.05149637347669963,0.9485036265233002
Gwh,2022,5,0.0,5.477,0.216,0.0,6.694,24.928,10.519,15.228447000000001,5.693,57.369447,63.062447,0.0,0.08685041987032315,0.003425176317690305,0.0,0.10614875125286527,0.3952907187378885,0.16680291521196441,0.24148201860926838,0.09027559618801344,0.9097244038119866
