unit,year,month,coal,oil,gas,nuclear,hydro,wind,solar,other,fossil,low.carbon,total.prod,coal.perc,oil.perc,gas.perc,nuclear.perc,hydro.perc,wind.perc,solar.perc,other.perc,fossil.perc,low.carbon.perc,biomass
Gwh,2022,1,0.0,0.0,525.5505,0.0,26.773,0.0,0.0,1.779,525.5505,28.552,554.1025,0.0,0.0,0.9484716275418358,0.0,0.048317775140880974,0.0,0.0,0.0032105973172833545,0.9484716275418358,0.05152837245816433,1.779
Gwh,2022,2,0.0,0.0,473.1745,0.0,18.966,0.0,0.0,1.122,473.1745,20.088,493.2625,0.0,0.0,0.9592752337751198,0.0,0.0384501153037176,0.0,0.0,0.002274650921162667,0.9592752337751198,0.04072476622488026,1.122
Gwh,2022,3,0.0,0.0,509.106,0.0,22.043,0.0,0.0,0.736,509.106,22.779,531.885,0.0,0.0,0.9571730731267097,0.0,0.04144316910610376,0.0,0.0,0.001383757767186516,0.9571730731267097,0.04282692687329028,0.736
Gwh,2022,4,0.0,0.0,270.985,0.0,22.298,0.0,0.0,0.7555,270.985,23.0535,294.0385,0.0,0.0,0.9215970017531718,0.0,0.07583360682359623,0.0,0.0,0.0025693914232319914,0.9215970017531718,0.07840299824682823,0.7555
