unit,year,month,coal,gas,oil,nuclear,hydro,wind,solar,other,fossil,low.carbon,total.prod,coal.perc,gas.perc,oil.perc,nuclear.perc,hydro.perc,wind.perc,solar.perc,other.perc,fossil.perc,low.carbon.perc
Gwh,2022,1,0.0,525.5505,0.0,0.0,26.773,0.0,0.001,1.779,525.5505,28.553,554.1035,0.0,0.9484699158189761,0.0,0.0,0.04831768794097131,0.0,1.8047169887936098e-06,0.0032105915230638314,0.9484699158189761,0.051530084181023936
Gwh,2022,2,0.0,473.1745,0.0,0.0,18.966,0.0,0.03,1.122,473.1745,20.118,493.2925,0.0,0.9592168946416173,0.0,0.0,0.03844777692748218,0.0,6.081584455470131e-05,0.0022745125863458293,0.9592168946416173,0.0407831053583827
Gwh,2022,3,0.0,509.106,0.0,0.0,22.043,0.0,0.1055,0.736,509.106,22.8845,531.9905,0.0,0.9569832544002196,0.0,0.0,0.04143495043614501,0.0,0.00019831181195904813,0.0013834833516763927,0.9569832544002196,0.04301674559978044
Gwh,2022,4,0.0,411.973,0.0,0.0,32.2635,0.0,0.179,1.2935,411.973,33.736,445.709,0.0,0.9243093587968831,0.0,0.0,0.07238691612688997,0.0,0.00040160732675355445,0.002902117749473311,0.9243093587968831,0.07569064120311682
Gwh,2022,5,0.0,210.3235,0.0,0.0,19.382,0.0,0.156,1.101,210.3235,20.639,230.9625,0.0,0.9106391730259241,0.0,0.0,0.08391838501921307,0.0,0.0006754343237538561,0.004767007631108946,0.9106391730259241,0.08936082697407588
