unit,year,month,coal,oil,gas,nuclear,hydro,wind,solar,other,fossil,low.carbon,total.prod,coal.perc,oil.perc,gas.perc,nuclear.perc,hydro.perc,wind.perc,solar.perc,other.perc,fossil.perc,low.carbon.perc
Gwh,2022,1,0.0,0.0,525.5505,0.0,26.773,0.0,0.0,1.779,525.5505,28.552,554.1025,0.0,0.0,0.9484716275418358,0.0,0.048317775140880974,0.0,0.0,0.0032105973172833545,0.9484716275418358,0.05152837245816433
Gwh,2022,2,0.0,0.0,473.1745,0.0,18.966,0.0,0.0,1.122,473.1745,20.088,493.2625,0.0,0.0,0.9592752337751198,0.0,0.0384501153037176,0.0,0.0,0.002274650921162667,0.9592752337751198,0.04072476622488026
Gwh,2022,3,0.0,0.0,509.106,0.0,22.043,0.0,0.0,0.736,509.106,22.779,531.885,0.0,0.0,0.9571730731267097,0.0,0.04144316910610376,0.0,0.0,0.001383757767186516,0.9571730731267097,0.04282692687329028
Gwh,2022,4,0.0,0.0,318.3725,0.0,26.186,0.0,0.0,0.906,318.3725,27.092,345.4645,0.0,0.0,0.9215780492641068,0.0,0.0757993947279677,0.0,0.0,0.002622556007925561,0.9215780492641068,0.07842195073589327
