unit,year,month,coal,gas,oil,nuclear,hydro,wind,solar,other,fossil,low.carbon,total.prod,coal.perc,gas.perc,oil.perc,nuclear.perc,hydro.perc,wind.perc,solar.perc,other.perc,fossil.perc,low.carbon.perc
Gwh,2022,1,0.0,525.5505,0.0,0.0,26.773,0.0,0.0,1.779,525.5505,28.552,554.1025,0.0,0.9484716275418358,0.0,0.0,0.048317775140880974,0.0,0.0,0.0032105973172833545,0.9484716275418358,0.05152837245816433
Gwh,2022,2,0.0,473.1745,0.0,0.0,18.966,0.0,0.0,1.122,473.1745,20.088,493.2625,0.0,0.9592752337751198,0.0,0.0,0.0384501153037176,0.0,0.0,0.002274650921162667,0.9592752337751198,0.04072476622488026
Gwh,2022,3,0.0,509.106,0.0,0.0,22.043,0.0,0.0,0.736,509.106,22.779,531.885,0.0,0.9571730731267097,0.0,0.0,0.04144316910610376,0.0,0.0,0.001383757767186516,0.9571730731267097,0.04282692687329028
Gwh,2022,4,0.0,411.973,0.0,0.0,32.2635,0.0,0.0,1.2935,411.973,33.557,445.53,0.0,0.9246807173478779,0.0,0.0,0.07241599892263148,0.0,0.0,0.002903283729490719,0.9246807173478779,0.0753192826521222
Gwh,2022,5,0.0,10.6135,0.0,0.0,1.103,0.0,0.0,0.055,10.6135,1.158,11.7715,0.0,0.9016268105169265,0.0,0.0,0.09370088773733169,0.0,0.0,0.004672301745741834,0.9016268105169265,0.09837318948307353
