unit,year,month,coal,gas,oil,nuclear,hydro,wind,solar,other,fossil,low.carbon,total.prod,coal.perc,gas.perc,oil.perc,nuclear.perc,hydro.perc,wind.perc,solar.perc,other.perc,fossil.perc,low.carbon.perc
Gwh,2022,1,303.747,0.0,0.0,0.0,153.756,40.407,0.0,0.0,303.747,194.163,497.91,0.6100439838525035,0.0,0.0,0.0,0.3088027956859673,0.08115322046152917,0.0,0.0,0.6100439838525035,0.38995601614749653
Gwh,2022,2,274.5135,0.0,0.0,0.0,129.3895,34.678,0.0,0.0,274.5135,164.0675,438.581,0.6259128872431775,0.0,0.0,0.0,0.29501848005271547,0.0790686327041071,0.0,0.0,0.6259128872431775,0.37408711275682255
Gwh,2022,3,303.7655,0.0,0.0,0.0,131.0235,38.3495,0.0,0.0,303.7655,169.373,473.1385,0.6420223676576731,0.0,0.0,0.0,0.2769241987282794,0.08105343361404746,0.0,0.0,0.6420223676576731,0.35797763234232677
Gwh,2022,4,274.0225,0.0,0.0,0.0,113.428,28.68,0.0,0.0,274.0225,142.108,416.1305,0.6585013595494682,0.0,0.0,0.0,0.2725779533103197,0.06892068714021203,0.0,0.0,0.6585013595494682,0.34149864045053174
