unit,year,month,coal,gas,oil,nuclear,hydro,wind,solar,other,fossil,low.carbon,total.prod,coal.perc,gas.perc,oil.perc,nuclear.perc,hydro.perc,wind.perc,solar.perc,other.perc,fossil.perc,low.carbon.perc
Gwh,2022,1,303.747,0.0,0.0,0.0,153.756,40.378,0.0,0.0,303.747,194.134,497.881,0.6100795169930164,0.0,0.0,0.0,0.30882078247613387,0.08109970053084975,0.0,0.0,0.6100795169930164,0.38992048300698356
Gwh,2022,2,274.5135,0.0,0.0,0.0,129.3895,34.589,0.0,0.0,274.5135,163.9785,438.492,0.6260399277523877,0.0,0.0,0.0,0.29507835946835975,0.07888171277925252,0.0,0.0,0.6260399277523877,0.37396007224761224
Gwh,2022,3,303.7655,0.0,0.0,0.0,131.0235,38.225,0.0,0.0,303.7655,169.2485,473.014,0.6421913516301843,0.0,0.0,0.0,0.27699708676698787,0.08081156160282782,0.0,0.0,0.6421913516301843,0.3578086483698157
Gwh,2022,4,293.59391700000003,0.0,0.0,0.0,118.664,31.5715,0.0,0.0,293.59391700000003,150.2355,443.82941700000003,0.6615017070849092,0.0,0.0,0.0,0.2673639814190144,0.07113431149607642,0.0,0.0,0.6615017070849092,0.3384982929150908
Gwh,2022,5,302.990798,0.0,0.0,0.0,83.596,12.1855,0.0,0.0,302.990798,95.7815,398.77229800000003,0.7598090427033624,0.0,0.0,0.0,0.20963341841764543,0.030557538878992038,0.0,0.0,0.7598090427033624,0.24019095729663745
Gwh,2022,6,272.206082,0.0,0.0,0.0,73.256,16.042,0.0,0.0,272.206082,89.298,361.504082,0.7529820423991782,0.0,0.0,0.0,0.20264224844907838,0.044375709151743416,0.0,0.0,0.7529820423991782,0.2470179576008218
