unit,year,month,coal,oil,gas,nuclear,hydro,wind,solar,other,fossil,low.carbon,total.prod,coal.perc,oil.perc,gas.perc,nuclear.perc,hydro.perc,wind.perc,solar.perc,other.perc,fossil.perc,low.carbon.perc
Gwh,2022,1,303.747,0.0,0.0,0.0,152.383,40.407,0.0,0.0,303.747,192.79,496.537,0.6117308478522245,0.0,0.0,0.0,0.30689153074191855,0.08137762140585696,0.0,0.0,0.6117308478522245,0.3882691521477755
Gwh,2022,2,274.5135,0.0,0.0,0.0,128.3765,34.678,0.0,0.0,274.5135,163.0545,437.568,0.6273619186046512,0.0,0.0,0.0,0.2933863993710692,0.07925168202427965,0.0,0.0,0.6273619186046512,0.3726380813953488
Gwh,2022,3,303.7655,0.0,0.0,0.0,130.433,38.3495,0.0,0.0,303.7655,168.7825,472.548,0.6428246442689419,0.0,0.0,0.0,0.2760206370569762,0.08115471867408178,0.0,0.0,0.6428246442689419,0.357175355731058
Gwh,2022,4,19.524,0.0,0.0,0.0,13.192,3.935,0.0,0.0,19.524,17.127,36.651,0.5327003355979373,0.0,0.0,0.0,0.3599356088510545,0.10736405555100816,0.0,0.0,0.5327003355979373,0.4672996644020626
