unit,year,month,coal,gas,oil,nuclear,hydro,wind,solar,other,fossil,low.carbon,total.prod,coal.perc,gas.perc,oil.perc,nuclear.perc,hydro.perc,wind.perc,solar.perc,other.perc,fossil.perc,low.carbon.perc
Gwh,2022,1,303.747,0.0,0.0,0.0,153.756,40.407,0.0,0.0,303.747,194.163,497.91,0.6100439838525035,0.0,0.0,0.0,0.3088027956859673,0.08115322046152917,0.0,0.0,0.6100439838525035,0.38995601614749653
Gwh,2022,2,274.5135,0.0,0.0,0.0,129.3895,34.678,0.0,0.0,274.5135,164.0675,438.581,0.6259128872431775,0.0,0.0,0.0,0.29501848005271547,0.0790686327041071,0.0,0.0,0.6259128872431775,0.37408711275682255
Gwh,2022,3,303.7655,0.0,0.0,0.0,131.0235,38.3495,0.0,0.0,303.7655,169.373,473.1385,0.6420223676576731,0.0,0.0,0.0,0.2769241987282794,0.08105343361404746,0.0,0.0,0.6420223676576731,0.35797763234232677
Gwh,2022,4,293.6545,0.0,0.0,0.0,118.664,31.681,0.0,0.0,293.6545,150.345,443.9995,0.6613847538116596,0.0,0.0,0.0,0.267261562231489,0.07135368395685131,0.0,0.0,0.6613847538116596,0.33861524618834027
Gwh,2022,5,107.976,0.0,0.0,0.0,26.615,4.168,0.0,0.0,107.976,30.783,138.759,0.7781549304909953,0.0,0.0,0.0,0.1918073782601489,0.030037691248855934,0.0,0.0,0.7781549304909953,0.22184506950900484
