unit,year,month,coal,oil,gas,nuclear,hydro,wind,solar,other,fossil,low.carbon,total.prod,coal.perc,oil.perc,gas.perc,nuclear.perc,hydro.perc,wind.perc,solar.perc,other.perc,fossil.perc,low.carbon.perc
Gwh,2022,1,303.747,0.0,0.0,0.0,152.383,40.407,0.0,0.0,303.747,192.79,496.537,0.6117308478522245,0.0,0.0,0.0,0.30689153074191855,0.08137762140585696,0.0,0.0,0.6117308478522245,0.3882691521477755
Gwh,2022,2,274.5135,0.0,0.0,0.0,128.6365,34.678,0.0,0.0,274.5135,163.3145,437.828,0.6269893656869822,0.0,0.0,0.0,0.2938060151475009,0.07920461916551705,0.0,0.0,0.6269893656869822,0.37301063431301795
Gwh,2022,3,303.7655,0.0,0.0,0.0,130.788,38.3495,0.0,0.0,303.7655,169.1375,472.903,0.6423420870664808,0.0,0.0,0.0,0.2765641156854577,0.08109379724806144,0.0,0.0,0.6423420870664808,0.3576579129335191
Gwh,2022,4,195.5695,0.0,0.0,0.0,81.023,21.1215,0.0,0.0,195.5695,102.1445,297.714,0.6569039413665464,0.0,0.0,0.0,0.27215045311943675,0.07094560551401681,0.0,0.0,0.6569039413665464,0.34309605863345355
