unit,year,month,coal,gas,oil,nuclear,hydro,wind,solar,other,fossil,low.carbon,total.prod,coal.perc,gas.perc,oil.perc,nuclear.perc,hydro.perc,wind.perc,solar.perc,other.perc,fossil.perc,low.carbon.perc
Gwh,2022,1,303.747,0.0,0.0,0.0,153.756,40.043,0.0,0.0,303.747,193.799,497.546,0.6104902863252846,0.0,0.0,0.0,0.3090287129230262,0.08048100075168929,0.0,0.0,0.6104902863252846,0.38950971367471554
Gwh,2022,2,274.5135,0.0,0.0,0.0,129.3895,33.755,0.0,0.0,274.5135,163.1445,437.658,0.6272329078869803,0.0,0.0,0.0,0.2956406600587673,0.07712643205425242,0.0,0.0,0.6272329078869803,0.3727670921130197
Gwh,2022,3,303.7655,0.0,0.0,0.0,131.0235,37.5765,0.0,0.0,303.7655,168.6,472.3655,0.6430730017327684,0.0,0.0,0.0,0.2773773698544877,0.07954962841274395,0.0,0.0,0.6430730017327684,0.3569269982672316
Gwh,2022,4,293.59391700000003,0.0,0.0,0.0,118.664,30.574,0.0,0.0,293.59391700000003,149.238,442.83191700000003,0.6629917712096619,0.0,0.0,0.0,0.26796623153068705,0.069041997259651,0.0,0.0,0.6629917712096619,0.33700822879033804
Gwh,2022,5,302.990798,0.0,0.0,0.0,83.596,12.1625,0.0,0.0,302.990798,95.7585,398.749298,0.7598528687566491,0.0,0.0,0.0,0.20964551014707994,0.03050162109627087,0.0,0.0,0.7598528687566491,0.2401471312433508
Gwh,2022,6,291.600285,0.0,0.0,0.0,79.981,16.938,0.0,0.0,291.600285,96.919,388.51928499999997,0.7505426275043207,0.0,0.0,0.0,0.20586108100142314,0.0435962914942562,0.0,0.0,0.7505426275043207,0.24945737249567934
Gwh,2022,7,244.421,0.0,0.0,0.0,41.927,20.263,0.0,0.0,244.421,62.19,306.611,0.7971697036309852,0.0,0.0,0.0,0.13674330014252586,0.06608699622648895,0.0,0.0,0.7971697036309852,0.2028302963690148
