unit,year,month,coal,gas,oil,nuclear,hydro,wind,solar,other,fossil,low.carbon,total.prod,coal.perc,gas.perc,oil.perc,nuclear.perc,hydro.perc,wind.perc,solar.perc,other.perc,fossil.perc,low.carbon.perc
Gwh,2022,1,303.747,0.0,0.0,0.0,153.756,40.407,0.0,0.0,303.747,194.163,497.91,0.6100439838525035,0.0,0.0,0.0,0.3088027956859673,0.08115322046152917,0.0,0.0,0.6100439838525035,0.38995601614749653
Gwh,2022,2,274.5135,0.0,0.0,0.0,129.3895,34.678,0.0,0.0,274.5135,164.0675,438.581,0.6259128872431775,0.0,0.0,0.0,0.29501848005271547,0.0790686327041071,0.0,0.0,0.6259128872431775,0.37408711275682255
Gwh,2022,3,303.7655,0.0,0.0,0.0,131.0235,38.3495,0.0,0.0,303.7655,169.373,473.1385,0.6420223676576731,0.0,0.0,0.0,0.2769241987282794,0.08105343361404746,0.0,0.0,0.6420223676576731,0.35797763234232677
Gwh,2022,4,264.2065,0.0,0.0,0.0,110.411,27.605,0.0,0.0,264.2065,138.016,402.2225,0.6568665353131662,0.0,0.0,0.0,0.27450229661443604,0.06863116807239773,0.0,0.0,0.6568665353131662,0.34313346468683376
