unit,year,month,coal,gas,oil,nuclear,hydro,wind,solar,other,fossil,low.carbon,total.prod,coal.perc,gas.perc,oil.perc,nuclear.perc,hydro.perc,wind.perc,solar.perc,other.perc,fossil.perc,low.carbon.perc
Gwh,2022,1,2072.0315,3859.389,0.0,360.87875,0.0,1160.046746,5.6135,1831.65625,5931.4205,3358.195246,9289.615746,0.223048138551069,0.41545195253762873,0.0,0.038847543307201936,0.0,0.1248756436992028,0.0006042768779125345,0.19717244502698508,0.6385000910886977,0.3614999089113024
Gwh,2022,2,1165.44225,2269.9805,0.0,325.84975,0.0,1463.3176429999999,12.657,2086.10925,3435.42275,3887.9336430000003,7323.356393,0.15914045247258254,0.30996449963431405,0.0,0.044494591347686165,0.0,0.19981516185648238,0.0017283058915578847,0.284856988797377,0.4691049521068966,0.5308950478931035
Gwh,2022,3,1965.37,3290.5945,0.0,351.85025,0.0,833.480649,36.94425,2255.163,5255.9645,3477.438149,8733.402649,0.22504058028574242,0.37678263928169886,0.0,0.0402878768036978,0.0,0.09543595806789419,0.004230224058686934,0.2582227215022799,0.6018232195674412,0.3981767804325588
Gwh,2022,4,1183.22325,2321.6845,0.0,329.04175,0.0,1027.2434819999999,40.099,2172.048,3504.90775,3568.4322319999997,7073.3399819999995,0.16727928432834097,0.32823029939295234,0.0,0.04651858257023337,0.0,0.14522749996664872,0.00566903331411223,0.3070753004277124,0.4955095837212933,0.5044904162787067
Gwh,2022,5,610.7995,2742.41975,0.0,355.947125,0.0,671.074873,35.7115,983.19825,3353.21925,2045.9317480000002,5399.150998,0.11312880492252533,0.5079353681747132,0.0,0.06592649939441461,0.0,0.1242926662448569,0.00661428065509347,0.18210238060839654,0.6210641730972385,0.3789358269027615
Gwh,2022,6,464.02675,944.85125,0.0,125.42825,0.0,291.602625,7.68475,47.9155,1408.878,472.631125,1881.509125,0.24662476723305818,0.5021773412871436,0.0,0.06666364161268684,0.0,0.15498337006470803,0.004084354361023893,0.025466525441379402,0.7488021085202018,0.25119789147979815
