unit,year,month,coal,gas,oil,nuclear,hydro,wind,solar,other,fossil,low.carbon,total.prod,coal.perc,gas.perc,oil.perc,nuclear.perc,hydro.perc,wind.perc,solar.perc,other.perc,fossil.perc,low.carbon.perc
Gwh,2022,1,2072.0315,3859.389,0.0,360.87875,0.0,1159.0001240000001,5.6135,1831.65625,5931.4205,3357.148624,9288.569124,0.22307327127988333,0.4154987650388508,0.0,0.03885192058995975,0.0,0.12477703600281677,0.0006043449669223778,0.19719466212156705,0.6385720363187342,0.36142796368126595
Gwh,2022,2,1165.44225,2269.9805,0.0,325.84975,0.0,1462.448281,12.657,2086.10925,3435.42275,3887.064281,7322.487031,0.15915934641687454,0.31000130015798727,0.0,0.04449987396638654,0.0,0.1997201599413799,0.0017285110846104823,0.2848908084327613,0.46916064657486184,0.5308393534251382
Gwh,2022,3,1965.37,3290.5945,0.0,351.85025,0.0,831.752773,36.94425,2255.163,5255.9645,3475.710273,8731.674773,0.22508511266100953,0.37685719928267875,0.0,0.04029584920959126,0.0,0.09525695752800344,0.0042310611607109605,0.258273820158006,0.6019423119436883,0.39805768805631164
Gwh,2022,4,1092.708,2125.3735,0.0,328.88225,0.0,898.910605,20.7785,828.720125,3218.0815,2077.29148,5295.37298,0.20635147026036305,0.4013642680180009,0.0,0.062107475949692216,0.0,0.1697539735907328,0.003923897349342142,0.15649891483186895,0.6077157382783639,0.39228426172163605
Gwh,2022,5,172.76975,516.797,0.0,57.691999,0.0,14.14625,3.33625,31.26175,689.56675,106.436249,796.002999,0.2170466068809371,0.6492400162427027,0.0,0.07247711261449657,0.0,0.01777160389819084,0.00419125305330665,0.039273407310366173,0.8662866231236397,0.13371337687636023
