unit,year,month,coal,gas,oil,nuclear,hydro,wind,solar,other,fossil,low.carbon,total.prod,coal.perc,gas.perc,oil.perc,nuclear.perc,hydro.perc,wind.perc,solar.perc,other.perc,fossil.perc,low.carbon.perc
Gwh,2022,1,2072.0315,3859.389,0.0,360.87875,0.0,1159.0001240000001,0.0,1831.65625,5931.4205,3351.535124,9282.955624,0.22320816601158838,0.41575002147182516,0.0,0.03887541475120166,0.0,0.12485248997674193,0.0,0.19731390778864288,0.6389581874834135,0.36104181251658646
Gwh,2022,2,1165.44225,2269.9805,0.0,325.84975,0.0,1462.4849069999998,0.0,2086.10925,3435.42275,3874.443907,7309.866657,0.1594341326163537,0.31053651270454363,0.0,0.04457670232438003,0.0,0.20006998425881134,0.0,0.28538266809591134,0.46997064532089733,0.5300293546791027
Gwh,2022,3,1965.37,3290.5945,0.0,351.85025,0.0,831.752773,0.0,2255.163,5255.9645,3438.766023,8694.730523,0.22604150810666818,0.37845848025944623,0.0,0.04046706784865355,0.0,0.09566170806556692,0.0,0.2593712357196651,0.6044999883661144,0.3955000116338856
Gwh,2022,4,1093.963,2097.16975,0.0,328.88225,0.0,866.222978,0.0,459.625375,3191.13275,1654.7306030000002,4845.863353,0.22575192908044842,0.43277525535293404,0.0,0.06786865952305363,0.0,0.17875513915672728,0.0,0.09484901688683668,0.6585271844333825,0.3414728155666176
