unit,year,month,coal,gas,oil,nuclear,hydro,wind,solar,other,fossil,low.carbon,total.prod,coal.perc,gas.perc,oil.perc,nuclear.perc,hydro.perc,wind.perc,solar.perc,other.perc,fossil.perc,low.carbon.perc
Gwh,2022,1,2072.0315,3859.389,0.0,360.87875,0.0,1159.142498,5.6135,1831.65625,5931.4205,3357.2909979999995,9288.711498,0.2230698520937096,0.4154923964245186,0.0,0.03885132508181599,0.0,0.12479045110288771,0.0006043357037419744,0.19719163959332606,0.6385622485182282,0.3614377514817717
Gwh,2022,2,1165.44225,2269.9805,0.0,325.84975,0.0,1462.71503,12.657,2086.10925,3435.42275,3887.3310300000003,7322.75378,0.1591535486531134,0.30999000761159007,0.0,0.04449825295095474,0.0,0.1997493120682258,0.00172844811941772,0.28488043059669826,0.4691435562647035,0.5308564437352966
Gwh,2022,3,1965.37,3290.5945,0.0,351.85025,0.0,833.339025,36.94425,2255.163,5255.9645,3477.2965249999997,8733.261025,0.2250442296839513,0.3767887494236439,0.0,0.040288530137000005,0.0,0.09542128909401286,0.004230292658634923,0.2582269090027571,0.6018329791075951,0.39816702089240485
Gwh,2022,4,1183.22325,2321.6845,0.0,329.04175,0.0,1026.944731,40.099,2172.048,3504.90775,3568.1334810000003,7073.041231000001,0.1672863498680204,0.3282441631789774,0.0,0.04652054742136423,0.0,0.1451913960997522,0.005669272762648765,0.3070882706692367,0.49553051304699786,0.504469486953002
Gwh,2022,5,549.2985,2673.709,0.0,355.754625,0.0,615.789248,25.40275,416.273,3223.0075,1413.2196230000002,4636.227123,0.11847963558018294,0.5766993137018495,0.0,0.0767336490559589,0.0,0.13282119957952718,0.005479185839274079,0.08978701624320748,0.6951789492820325,0.30482105071796767
Gwh,2022,6,37.5675,134.76975,0.0,11.423,0.0,7.9095,0.5415,5.7585,172.33725,25.6325,197.96975,0.1897638401826542,0.6807593079245692,0.0,0.05770073458192476,0.0,0.03995307363877562,0.0027352663727665464,0.029087777299309614,0.8705231481072235,0.12947685189277655
