unit,year,month,coal,gas,oil,nuclear,hydro,wind,solar,other,fossil,low.carbon,total.prod,coal.perc,gas.perc,oil.perc,nuclear.perc,hydro.perc,wind.perc,solar.perc,other.perc,fossil.perc,low.carbon.perc
Gwh,2022,1,2072.0315,3859.389,0.0,360.87875,0.0,1159.038499,5.6135,1831.65625,5931.4205,3357.186999,9288.607499,0.22307234967384212,0.41549704844515145,0.0,0.03885176007693853,0.0,0.1247806519033968,0.000604342470128525,0.1971938474305426,0.6385693981189936,0.36143060188100645
Gwh,2022,2,1165.44225,2269.9805,0.0,325.84975,0.0,1462.71503,12.657,2086.10925,3435.42275,3887.3310300000003,7322.75378,0.1591535486531134,0.30999000761159007,0.0,0.04449825295095474,0.0,0.1997493120682258,0.00172844811941772,0.28488043059669826,0.4691435562647035,0.5308564437352966
Gwh,2022,3,1965.37,3290.5945,0.0,351.85025,0.0,832.4536489999999,36.94425,2255.163,5255.9645,3476.411149,8732.375649,0.22506704692955656,0.376826952053629,0.0,0.040292614993068084,0.0,0.09532957381366541,0.004230721568217318,0.2582530906418637,0.6018939989831855,0.3981060010168145
Gwh,2022,4,1091.8245,2232.95975,0.0,328.88225,0.0,973.500856,34.452,1680.592,3324.78425,3017.427106,6342.211356000001,0.17215202059879126,0.3520790501388014,0.0,0.05185608481635722,0.0,0.15349549255860528,0.005432174688944566,0.2649851771985001,0.5242310707375927,0.4757689292624072
Gwh,2022,5,330.6065,1602.796,0.0,218.51599900000002,0.0,314.303248,13.36225,91.521,1933.4025,637.702497,2571.104997,0.1285853749208049,0.6233879992727501,0.0,0.08498913862131942,0.0,0.12224442345479211,0.005197084528088605,0.03559597920224493,0.7519733741935549,0.24802662580644505
