unit,year,month,coal,oil,gas,nuclear,hydro,wind,solar,other,fossil,low.carbon,total.prod,coal.perc,oil.perc,gas.perc,nuclear.perc,hydro.perc,wind.perc,solar.perc,other.perc,fossil.perc,low.carbon.perc
Gwh,2022,1,2072.0315,0.0,3859.389,360.87875,0.0,1159.0001240000001,0.0,1831.65625,5931.4205,3351.535124,9282.955624,0.22320816601158838,0.0,0.41575002147182516,0.03887541475120166,0.0,0.12485248997674193,0.0,0.19731390778864288,0.6389581874834135,0.36104181251658646
Gwh,2022,2,1165.44225,0.0,2269.9805,325.84975,0.0,1462.448281,0.0,2086.10925,3435.42275,3874.407281,7309.8300309999995,0.15943493146318277,0.0,0.3105380686518455,0.044576925676536296,0.0,0.2000659761988931,0.0,0.28538409800954234,0.4699730001150283,0.5300269998849717
Gwh,2022,3,1965.94975,0.0,3267.5615,351.744,0.0,796.974642,0.0,1897.67675,5233.51125,3046.395392,8279.906642,0.2374362218080671,0.0,0.3946374809862258,0.042481638405893515,0.0,0.09625406136312328,0.0,0.2291905974366903,0.6320737027942929,0.3679262972057071
Gwh,2022,4,835.289,0.0,1375.35275,223.899,0.0,597.239359,0.0,196.34225,2210.64175,1017.4806090000001,3228.122359,0.25875382253439544,0.0,0.42605347537881233,0.06935889507898298,0.0,0.18501137583428262,0.0,0.060822431173526655,0.6848072979132077,0.3151927020867923
