unit,year,month,coal,gas,oil,nuclear,hydro,wind,solar,other,fossil,low.carbon,total.prod,coal.perc,gas.perc,oil.perc,nuclear.perc,hydro.perc,wind.perc,solar.perc,other.perc,fossil.perc,low.carbon.perc
Gwh,2022,1,2072.0315,3859.389,0.0,360.87875,0.0,1158.480939,5.6135,1831.65625,5931.4205,3356.6294390000003,9288.049938999999,0.22308574066765688,0.4155219906597017,0.0,0.0388540923412449,0.0,0.12472811264026519,0.0006043787487004382,0.1972056849424311,0.6386077313273586,0.3613922686726416
Gwh,2022,2,1165.44225,2269.9805,0.0,325.84975,0.0,1458.2463950000001,12.657,2086.10925,3435.42275,3882.862395,7318.285145,0.15925072976915278,0.3101792913263152,0.0,0.044525424131994513,0.0,0.19926066914682922,0.0017295035311171933,0.2850543820945911,0.469430021095468,0.5305699789045321
Gwh,2022,3,1965.37,3290.5945,0.0,351.85025,0.0,832.360149,36.94425,2255.163,5255.9645,3476.317649,8732.282149,0.22506945681147844,0.3768309868889006,0.0,0.040293046422039056,0.0,0.0953198871494687,0.0042307668682270835,0.25825585585988603,0.6019004437003791,0.39809955629962085
Gwh,2022,4,1092.245,2183.81425,0.0,328.88225,0.0,929.264355,25.9205,1203.592375,3276.05925,2487.65948,5763.7187300000005,0.1895035221470635,0.3788898022787451,0.0,0.05706077367866283,0.0,0.16122652727018133,0.004497183366198023,0.20882219125914908,0.5683933244258086,0.43160667557419125
Gwh,2022,5,251.77725,948.73475,0.0,126.78599899999999,0.0,142.185622,7.77225,57.54525,1200.512,334.28912099999997,1534.801121,0.1640455213089462,0.6181483301118855,0.0,0.08260744487689228,0.0,0.09264107254975089,0.005064011156661124,0.037493619995863946,0.7821938514208318,0.21780614857916825
