unit,year,month,coal,gas,oil,nuclear,hydro,wind,solar,other,fossil,low.carbon,total.prod,coal.perc,gas.perc,oil.perc,nuclear.perc,hydro.perc,wind.perc,solar.perc,other.perc,fossil.perc,low.carbon.perc
Gwh,2022,1,2072.0315,3859.389,0.0,360.87875,0.0,1159.286623,5.6135,1831.65625,5931.4205,3357.4351229999997,9288.855623,0.22306639096310993,0.41548594968403035,0.0,0.03885072226835278,0.0,0.12480403077097112,0.0006043263269266986,0.19718857998660919,0.6385523406471403,0.3614476593528598
Gwh,2022,2,1165.44225,2269.9805,0.0,325.84975,0.0,1462.904395,12.657,2086.10925,3435.42275,3887.520395,7322.943144999999,0.15914943307947807,0.3099819915370926,0.0,0.04449710226447484,0.0,0.19977000586148894,0.0017284034232386493,0.284873063834227,0.4691314246165707,0.5308685753834295
Gwh,2022,3,1965.37,3290.5945,0.0,351.85025,0.0,833.595195,36.94425,2255.163,5255.9645,3477.552695,8733.517195,0.22503762872593736,0.37677769752189744,0.0,0.04028734840087528,0.0,0.0954478220386672,0.004230168576429991,0.25821933473619274,0.6018153262478347,0.39818467375216515
Gwh,2022,4,1170.2685,2317.44775,0.0,329.03075,0.0,1023.9738120000001,39.628,2126.662,3487.71625,3519.294562,7007.0108119999995,0.16701394237837233,0.3307327207246787,0.0,0.04695736296517649,0.0,0.1461356118141523,0.005655478643208921,0.3035048834744113,0.49774666310305105,0.5022533368969491
Gwh,2022,5,406.77275,2169.7435,0.0,309.955999,0.0,530.197498,18.4455,130.366,2576.51625,988.9649969999999,3565.481247,0.11408635239415689,0.6085415543345305,0.0,0.08693244404546997,0.0,0.1487029271142875,0.005173354933648877,0.03656336717790624,0.7226279067286874,0.27737209327131257
