unit,year,month,coal,gas,oil,nuclear,hydro,wind,solar,other,fossil,low.carbon,total.prod,coal.perc,gas.perc,oil.perc,nuclear.perc,hydro.perc,wind.perc,solar.perc,other.perc,fossil.perc,low.carbon.perc
Gwh,2022,1,2072.0315,3859.389,0.0,360.87875,0.0,1159.0001240000001,0.0,1831.65625,5931.4205,3351.535124,9282.955624,0.22320816601158838,0.41575002147182516,0.0,0.03887541475120166,0.0,0.12485248997674193,0.0,0.19731390778864288,0.6389581874834135,0.36104181251658646
Gwh,2022,2,1165.44225,2269.9805,0.0,325.84975,0.0,1462.4849069999998,0.0,2086.10925,3435.42275,3874.443907,7309.866657,0.1594341326163537,0.31053651270454363,0.0,0.04457670232438003,0.0,0.20006998425881134,0.0,0.28538266809591134,0.46997064532089733,0.5300293546791027
Gwh,2022,3,1965.37,3290.5945,0.0,351.85025,0.0,831.752773,0.0,2255.163,5255.9645,3438.766023,8694.730523,0.22604150810666818,0.37845848025944623,0.0,0.04046706784865355,0.0,0.09566170806556692,0.0,0.2593712357196651,0.6044999883661144,0.3955000116338856
Gwh,2022,4,1092.98775,2101.74025,0.0,328.88225,0.0,872.723479,0.0,531.451125,3194.728,1733.0568540000002,4927.784854,0.22180102873460392,0.4265081192199305,0.0,0.06674038330489174,0.0,0.17710259373267678,0.0,0.10784787500789701,0.6483091479545344,0.3516908520454655
Gwh,2022,5,28.8315,50.81325,0.0,11.56375,0.0,0.79375,0.0,3.76875,79.64475,16.12625,95.771,0.30104624573200656,0.5305703187812594,0.0,0.12074375332825177,0.0,0.00828799949880444,0.0,0.03935168265967777,0.831616564513266,0.16838343548673396
