unit,year,month,coal,oil,gas,nuclear,hydro,wind,solar,other,fossil,low.carbon,total.prod,coal.perc,oil.perc,gas.perc,nuclear.perc,hydro.perc,wind.perc,solar.perc,other.perc,fossil.perc,low.carbon.perc
Gwh,2022,1,2072.0315,0.0,3859.389,360.87875,0.0,1154.097734,0.0,1831.65625,5931.4205,3346.6327340000003,9278.053234,0.22332610599893007,0.0,0.4159696978086987,0.03889595596170299,0.0,0.12439007460861912,0.0,0.19741816562204906,0.6392958038076287,0.3607041961923712
Gwh,2022,2,1165.44225,0.0,2269.9805,325.84975,0.0,1450.0506,0.0,2086.10925,3435.42275,3862.0096000000003,7297.43235,0.15970579706710128,0.0,0.31106564489083616,0.04465265786259738,0.0,0.19870696026390708,0.0,0.2858689399155581,0.47077144195793746,0.5292285580420626
Gwh,2022,3,1966.78075,0.0,3183.309,351.4295,0.0,683.840267,0.0,675.661625,5150.08975,1710.931392,6861.021142,0.2866600625904324,0.0,0.4639701487746852,0.05122116558550025,0.0,0.09967033373703603,0.0,0.09847828931234621,0.7506302113651175,0.2493697886348825
Gwh,2022,4,288.48425,0.0,277.93375,76.08975,0.0,330.104984,0.0,76.8825,566.418,483.077234,1049.495234,0.2748790472353874,0.0,0.26482611925801275,0.07250128207823762,0.0,0.314536906224769,0.0,0.07325664520359318,0.5397051664934002,0.4602948335065998
