unit,year,month,coal,oil,gas,nuclear,hydro,wind,solar,other,fossil,low.carbon,total.prod,coal.perc,oil.perc,gas.perc,nuclear.perc,hydro.perc,wind.perc,solar.perc,other.perc,fossil.perc,low.carbon.perc
Gwh,2022,1,2072.0315,0.0,3859.389,360.87875,0.0,1154.097734,0.0,1831.65625,5931.4205,3346.6327340000003,9278.053234,0.22332610599893007,0.0,0.4159696978086987,0.03889595596170299,0.0,0.12439007460861912,0.0,0.19741816562204906,0.6392958038076287,0.3607041961923712
Gwh,2022,2,1165.44225,0.0,2269.9805,325.84975,0.0,1450.0506,0.0,2086.10925,3435.42275,3862.0096000000003,7297.43235,0.15970579706710128,0.0,0.31106564489083616,0.04465265786259738,0.0,0.19870696026390708,0.0,0.2858689399155581,0.47077144195793746,0.5292285580420626
Gwh,2022,3,1966.92175,0.0,3178.329,351.412,0.0,675.919518,0.0,603.645125,5145.25075,1630.9766430000002,6776.227393,0.29026796710391917,0.0,0.46904107782499854,0.05185953475572805,0.0,0.09974864755840994,0.0,0.08908277275694429,0.7593090449289177,0.2406909550710823
Gwh,2022,4,106.3745,0.0,92.74975,21.72975,0.0,88.687484,0.0,21.35725,199.12425,131.774484,330.898734,0.3214714626257833,0.0,0.28029647886171727,0.06566888225084597,0.0,0.26802001605723885,0.0,0.06454316020441468,0.6017679414875005,0.3982320585124995
