unit,year,month,coal,gas,oil,nuclear,hydro,wind,solar,other,fossil,low.carbon,total.prod,coal.perc,gas.perc,oil.perc,nuclear.perc,hydro.perc,wind.perc,solar.perc,other.perc,fossil.perc,low.carbon.perc
Gwh,2022,1,2072.0315,3859.389,0.0,360.87875,0.0,1159.072063,5.6135,1831.65625,5931.4205,3357.220563,9288.641063000001,0.22307154361402196,0.41549554706913316,0.0,0.03885161968821359,0.0,0.12478381446097654,0.0006043402863698319,0.19719313488128482,0.6385670906831551,0.36143290931684474
Gwh,2022,2,1165.44225,2269.9805,0.0,325.84975,0.0,1459.776895,12.657,2086.10925,3435.42275,3884.392895,7319.815645,0.15921743203957428,0.3101144359490218,0.0,0.044516114312603015,0.0,0.19942809570581746,0.0017291419092837004,0.2849947800836998,0.4693318679885961,0.530668132011404
Gwh,2022,3,1965.37,3290.5945,0.0,351.85025,0.0,833.245525,36.94425,2255.163,5255.9645,3477.203025,8733.167525,0.2250466390772688,0.37679278344085126,0.0,0.0402889614784986,0.0,0.09541160439379066,0.004230337949460095,0.25822967366013055,0.6018394225181201,0.3981605774818799
Gwh,2022,4,1183.22325,2321.6845,0.0,329.04175,0.0,1026.86273,40.099,2172.048,3504.90775,3568.05148,7072.95923,0.16728828931762413,0.3282479687077172,0.0,0.04652108676158734,0.0,0.14518148579798898,0.00566933848988127,0.307091830925201,0.49553625802534135,0.5044637419746586
Gwh,2022,5,610.3995,2910.07275,0.0,356.263125,0.0,750.9011260000001,48.4105,1867.0025,3520.47225,3022.577251,6543.049501,0.09328975730761477,0.44475786856804944,0.0,0.05444909517275559,0.0,0.11476317363719117,0.007398767194501773,0.28534133811988716,0.5380476258756642,0.4619523741243357
Gwh,2022,6,1680.21925,2917.21275,0.0,340.32275,0.0,550.4271239999999,27.507,528.74175,4597.432,1446.9986239999998,6044.430624,0.2779780850372451,0.4826282128902139,0.0,0.056303524876059524,0.0,0.09106351916994058,0.00455080084644876,0.08747585718009228,0.7606062979274588,0.23939370207254113
Gwh,2022,7,157.357,175.660875,0.0,33.800625,0.0,66.417,2.223375,18.585875,333.017875,121.026875,454.04475,0.3465671610562615,0.38688009276618657,0.0,0.07444337810314951,0.0,0.1462785331181563,0.004896819091069767,0.04093401586517629,0.7334472538224481,0.26655274617755187
