unit,year,month,coal,gas,oil,nuclear,hydro,wind,solar,other,fossil,low.carbon,total.prod,coal.perc,gas.perc,oil.perc,nuclear.perc,hydro.perc,wind.perc,solar.perc,other.perc,fossil.perc,low.carbon.perc
Gwh,2022,1,2072.0315,3859.389,0.0,360.87875,0.0,1159.142498,0.0,1831.65625,5931.4205,3351.6774979999996,9283.097998,0.22320474268896112,0.41574364515288836,0.0,0.03887481852262571,0.0,0.1248659120317088,0.0,0.19731088160381607,0.6389483878418495,0.36105161215815057
Gwh,2022,2,1165.44225,2269.9805,0.0,325.84975,0.0,1462.71503,0.0,2086.10925,3435.42275,3874.67403,7310.09678,0.15942911360470388,0.31052673696612815,0.0,0.04457529904275768,0.0,0.2000951661819175,0.0,0.28537368420449283,0.469955850570832,0.530044149429168
Gwh,2022,3,1965.37,3290.5945,0.0,351.85025,0.0,833.287591,0.0,2255.163,5255.9645,3440.300841,8696.265341,0.22600161367362306,0.37839168550733393,0.0,0.04045992575009678,0.0,0.09582131620010788,0.0,0.25932545886883834,0.604393299180957,0.39560670081904303
Gwh,2022,4,1027.46325,1935.49,0.0,305.76625,0.0,817.585912,0.0,319.660875,2962.95325,1443.013037,4405.966287,0.23319816427819162,0.4392884270836909,0.0,0.06939822733146574,0.0,0.1855633608482942,0.0,0.07255182045835748,0.6724865913618825,0.3275134086381174
