unit,year,month,coal,oil,gas,nuclear,hydro,wind,solar,other,fossil,low.carbon,total.prod,coal.perc,oil.perc,gas.perc,nuclear.perc,hydro.perc,wind.perc,solar.perc,other.perc,fossil.perc,low.carbon.perc
Gwh,2022,1,2072.0315,0.0,3859.389,360.87875,0.0,1159.0001240000001,0.0,1831.65625,5931.4205,3351.535124,9282.955624,0.22320816601158838,0.0,0.41575002147182516,0.03887541475120166,0.0,0.12485248997674193,0.0,0.19731390778864288,0.6389581874834135,0.36104181251658646
Gwh,2022,2,1165.44225,0.0,2269.9805,325.84975,0.0,1462.448281,0.0,2086.10925,3435.42275,3874.407281,7309.8300309999995,0.15943493146318277,0.0,0.3105380686518455,0.044576925676536296,0.0,0.2000659761988931,0.0,0.28538409800954234,0.4699730001150283,0.5300269998849717
Gwh,2022,3,1966.08225,0.0,3258.05875,351.69675,0.0,789.299392,0.0,1690.77475,5224.141,2831.770892,8055.911892,0.2440545870359427,0.0,0.4044307824711249,0.043656975735950614,0.0,0.09797765946072738,0.0,0.20987999529625442,0.6484853695070676,0.3515146304929324
Gwh,2022,4,756.7825,0.0,1122.17775,195.68175,0.0,509.409734,0.0,173.87275,1878.96025,878.9642339999999,2757.924484,0.27440290856056665,0.0,0.40689212359159,0.07095254099060386,0.0,0.18470764408355714,0.0,0.06304478277368235,0.6812950321521566,0.3187049678478433
