unit,year,month,coal,gas,oil,nuclear,hydro,wind,solar,other,fossil,low.carbon,total.prod,coal.perc,gas.perc,oil.perc,nuclear.perc,hydro.perc,wind.perc,solar.perc,other.perc,fossil.perc,low.carbon.perc
Gwh,2022,1,2072.0315,3859.389,0.0,360.87875,0.0,1158.442564,5.6135,1831.65625,5931.4205,3356.591064,9288.011563999999,0.22308666238434932,0.41552370745950123,0.0,0.03885425287353788,0.0,0.12472449630554747,0.0006043812457940649,0.19720649973127016,0.6386103698438506,0.3613896301561496
Gwh,2022,2,1165.44225,2269.9805,0.0,325.84975,0.0,1458.0162719999998,12.657,2086.10925,3435.42275,3882.632272,7318.055022,0.15925573755545344,0.3101890452006498,0.0,0.04452682427508537,0.0,0.19923548915891165,0.001729557916953306,0.28506334589294646,0.46944478275610324,0.5305552172438968
Gwh,2022,3,1965.37,3290.5945,0.0,351.85025,0.0,831.6592730000001,36.94425,2255.163,5255.9645,3475.616773,8731.581273,0.22508752292982293,0.37686123476571803,0.0,0.04029628070782547,0.0,0.09524726930867337,0.00423110646799336,0.2582765858199669,0.601948757695541,0.3980512423044591
Gwh,2022,4,1092.8135,2112.6385,0.0,328.88225,0.0,885.0776040000001,19.425,644.582125,3205.452,1877.966979,5083.418979,0.2149760829305036,0.4155940143292289,0.0,0.06469705750374663,0.0,0.17411069354234318,0.003821247093785932,0.12680090460039178,0.6305700972597326,0.36942990274026755
Gwh,2022,5,99.17075,272.82475,0.0,34.603375,0.0,12.44325,1.86,15.068,371.9955,63.974625,435.970125,0.2274714351126697,0.6257877188259172,0.0,0.079370977541179,0.0,0.02854151990345669,0.004266347378733807,0.034562001238043545,0.853259153938587,0.14674084606141305
