unit,year,month,coal,gas,oil,nuclear,hydro,wind,solar,other,fossil,low.carbon,total.prod,coal.perc,gas.perc,oil.perc,nuclear.perc,hydro.perc,wind.perc,solar.perc,other.perc,fossil.perc,low.carbon.perc
Gwh,2022,1,2072.0315,3859.389,0.0,360.87875,0.0,1159.890871,5.6135,1831.65625,5931.4205,3358.0393710000003,9289.459871,0.2230518812475314,0.4154589237258357,0.0,0.03884819516004345,0.0,0.12486095931378831,0.0006042870175395584,0.19717575353526173,0.6385108049733671,0.36148919502663307
Gwh,2022,2,1165.44225,2269.9805,0.0,325.84975,0.0,1462.837894,12.657,2086.10925,3435.42275,3887.453894,7322.876644,0.15915087835801595,0.3099848065664071,0.0,0.0444975063545533,0.0,0.1997627387590335,0.0017284191193320886,0.2848756508426581,0.46913568492442304,0.5308643150755771
Gwh,2022,3,1965.37,3290.5945,0.0,351.85025,0.0,833.371899,36.94425,2255.163,5255.9645,3477.329399,8733.293899,0.22504338256898043,0.3767873311096043,0.0,0.04028837848229159,0.0,0.0954246941231904,0.004230276734901854,0.2582259369810314,0.6018307136785848,0.39816928632141524
Gwh,2022,4,1183.22325,2321.6845,0.0,329.04175,0.0,1027.2286060000001,40.099,2172.048,3504.90775,3568.417356,7073.325106,0.16727963613553154,0.3282309896982699,0.0,0.04651868040405606,0.0,0.14522570228373158,0.0056690452367282995,0.30707594624168255,0.4955106258338014,0.5044893741661985
Gwh,2022,5,593.8355,2722.01575,0.0,355.861875,0.0,644.367748,31.353,737.5635,3315.85125,1769.1461230000002,5084.997372999999,0.116781869574429,0.5353032755637572,0.0,0.06998270577080985,0.0,0.1267193866060627,0.0061657848962668495,0.14504697758867457,0.6520851451381863,0.347914854861814
Gwh,2022,6,261.25775,593.67,0.0,79.90525,0.0,184.113125,4.86175,32.716,854.92775,301.596125,1156.523875,0.22589914107912382,0.5133227362037813,0.0,0.06909087804175248,0.0,0.15919526520799235,0.0042037610334676396,0.02828821843388231,0.7392218772829051,0.2607781227170948
