unit,year,month,coal,gas,oil,nuclear,hydro,wind,solar,other,fossil,low.carbon,total.prod,coal.perc,gas.perc,oil.perc,nuclear.perc,hydro.perc,wind.perc,solar.perc,other.perc,fossil.perc,low.carbon.perc
Gwh,2022,1,2072.0315,3859.389,0.0,360.87875,0.0,1159.142498,5.6135,1831.65625,5931.4205,3357.2909979999995,9288.711498,0.2230698520937096,0.4154923964245186,0.0,0.03885132508181599,0.0,0.12479045110288771,0.0006043357037419744,0.19719163959332606,0.6385622485182282,0.3614377514817717
Gwh,2022,2,1165.44225,2269.9805,0.0,325.84975,0.0,1462.71503,12.657,2086.10925,3435.42275,3887.3310300000003,7322.75378,0.1591535486531134,0.30999000761159007,0.0,0.04449825295095474,0.0,0.1997493120682258,0.00172844811941772,0.28488043059669826,0.4691435562647035,0.5308564437352966
Gwh,2022,3,1965.37,3290.5945,0.0,351.85025,0.0,833.339025,36.94425,2255.163,5255.9645,3477.2965249999997,8733.261025,0.2250442296839513,0.3767887494236439,0.0,0.040288530137000005,0.0,0.09542128909401286,0.004230292658634923,0.2582269090027571,0.6018329791075951,0.39816702089240485
Gwh,2022,4,1142.26875,2292.53425,0.0,328.99475,0.0,1012.6746069999999,38.049,2014.60925,3434.803,3394.3276069999997,6829.130607,0.16726415348231163,0.33569928325138565,0.0,0.04817520251593572,0.0,0.14828748566647526,0.005571573043426492,0.2950023020404653,0.5029634367336973,0.4970365632663027
Gwh,2022,5,381.57175,2007.4495,0.0,275.67674900000003,0.0,410.55874800000004,16.6145,113.18875,2389.02125,816.038747,3205.059997,0.11905291955756173,0.6263375730498065,0.0,0.0860129761246401,0.0,0.1280970554012378,0.005183834316846331,0.03531564154990762,0.7453904926073681,0.25460950739263183
