unit,year,month,coal,gas,oil,nuclear,hydro,wind,solar,other,fossil,low.carbon,total.prod,coal.perc,gas.perc,oil.perc,nuclear.perc,hydro.perc,wind.perc,solar.perc,other.perc,fossil.perc,low.carbon.perc
Gwh,2022,1,2072.0315,3859.389,0.0,360.87875,0.0,1159.142498,5.6135,1831.65625,5931.4205,3357.2909979999995,9288.711498,0.2230698520937096,0.4154923964245186,0.0,0.03885132508181599,0.0,0.12479045110288771,0.0006043357037419744,0.19719163959332606,0.6385622485182282,0.3614377514817717
Gwh,2022,2,1165.44225,2269.9805,0.0,325.84975,0.0,1462.814519,12.657,2086.10925,3435.42275,3887.4305190000005,7322.853269,0.15915138637745113,0.3099857960570588,0.0,0.044497648393342394,0.0,0.1997601843522614,0.0017284246365526896,0.2848765601833336,0.46913718243450986,0.5308628175654901
Gwh,2022,3,1965.37,3290.5945,0.0,351.85025,0.0,833.339025,36.94425,2255.163,5255.9645,3477.2965249999997,8733.261025,0.2250442296839513,0.3767887494236439,0.0,0.040288530137000005,0.0,0.09542128909401286,0.004230292658634923,0.2582269090027571,0.6018329791075951,0.39816702089240485
Gwh,2022,4,1183.22325,2321.6845,0.0,329.04175,0.0,1026.944731,40.099,2172.048,3504.90775,3568.1334810000003,7073.041231000001,0.1672863498680204,0.3282441631789774,0.0,0.04652054742136423,0.0,0.1451913960997522,0.005669272762648765,0.3070882706692367,0.49553051304699786,0.504469486953002
Gwh,2022,5,610.3995,2910.07275,0.0,356.263125,0.0,751.12325,48.4105,1867.0025,3520.47225,3022.799375,6543.271625,0.09328659040652312,0.4447427704027188,0.0,0.0544472467929986,0.0,0.11479322471195745,0.007398516029051445,0.2853316516567505,0.5380293608092419,0.46197063919075804
Gwh,2022,6,1678.77375,3044.65475,0.0,340.6055,0.0,604.716125,40.225,1252.53025,4723.4285,2238.076875,6961.505375,0.2411509665752431,0.43735579964268867,0.0,0.04892698944443464,0.0,0.08686571257585218,0.0057782042580122265,0.17992232750376927,0.6785067662179317,0.32149323378206834
Gwh,2022,7,1055.206,1144.31075,0.0,190.912249,0.0,261.831872,10.6215,101.27675,2199.51675,564.642371,2764.159121,0.3817457511701621,0.41398150392514976,0.0,0.06906702568227438,0.0,0.09472387823508369,0.003842579075605973,0.03663926191172408,0.7957272550953117,0.20427274490468814
