unit,year,month,coal,gas,oil,nuclear,hydro,wind,solar,other,fossil,low.carbon,total.prod,coal.perc,gas.perc,oil.perc,nuclear.perc,hydro.perc,wind.perc,solar.perc,other.perc,fossil.perc,low.carbon.perc
Gwh,2022,1,2072.0315,3859.389,0.0,360.87875,0.0,1159.038499,5.6135,1831.65625,5931.4205,3357.186999,9288.607499,0.22307234967384212,0.41549704844515145,0.0,0.03885176007693853,0.0,0.1247806519033968,0.000604342470128525,0.1971938474305426,0.6385693981189936,0.36143060188100645
Gwh,2022,2,1165.44225,2269.9805,0.0,325.84975,0.0,1462.71503,12.657,2086.10925,3435.42275,3887.3310300000003,7322.75378,0.1591535486531134,0.30999000761159007,0.0,0.04449825295095474,0.0,0.1997493120682258,0.00172844811941772,0.28488043059669826,0.4691435562647035,0.5308564437352966
Gwh,2022,3,1965.37,3290.5945,0.0,351.85025,0.0,832.4536489999999,36.94425,2255.163,5255.9645,3476.411149,8732.375649,0.22506704692955656,0.376826952053629,0.0,0.040292614993068084,0.0,0.09532957381366541,0.004230721568217318,0.2582530906418637,0.6018939989831855,0.3981060010168145
Gwh,2022,4,1092.15425,2194.08375,0.0,328.88225,0.0,936.75248,27.59075,1297.971375,3286.238,2591.196855,5877.434855,0.18582158321514905,0.3733063494754804,0.0,0.05595676653399504,0.0,0.15938117616107544,0.0046943523289804286,0.22083977228531954,0.5591279326906294,0.44087206730937045
Gwh,2022,5,256.616,1069.22925,0.0,149.75299900000002,0.0,217.644997,9.11275,68.41425,1325.84525,444.924996,1770.770246,0.1449177275141543,0.603821558677805,0.0,0.08456941228726746,0.0,0.12290978882869709,0.005146206867087826,0.038635305824988427,0.7487392861919592,0.2512607138080408
