unit,year,month,coal,gas,oil,nuclear,hydro,wind,solar,other,fossil,low.carbon,total.prod,coal.perc,gas.perc,oil.perc,nuclear.perc,hydro.perc,wind.perc,solar.perc,other.perc,fossil.perc,low.carbon.perc
Gwh,2022,1,2072.0315,3859.389,0.0,360.87875,0.0,1158.480939,5.6135,1831.65625,5931.4205,3356.6294390000003,9288.049938999999,0.22308574066765688,0.4155219906597017,0.0,0.0388540923412449,0.0,0.12472811264026519,0.0006043787487004382,0.1972056849424311,0.6386077313273586,0.3613922686726416
Gwh,2022,2,1165.44225,2269.9805,0.0,325.84975,0.0,1458.2463950000001,12.657,2086.10925,3435.42275,3882.862395,7318.285145,0.15925072976915278,0.3101792913263152,0.0,0.044525424131994513,0.0,0.19926066914682922,0.0017295035311171933,0.2850543820945911,0.469430021095468,0.5305699789045321
Gwh,2022,3,1965.37,3290.5945,0.0,351.85025,0.0,832.360149,36.94425,2255.163,5255.9645,3476.317649,8732.282149,0.22506945681147844,0.3768309868889006,0.0,0.040293046422039056,0.0,0.0953198871494687,0.0042307668682270835,0.25825585585988603,0.6019004437003791,0.39809955629962085
Gwh,2022,4,1092.34625,2177.26175,0.0,328.88225,0.0,926.318355,24.96525,1156.210625,3269.608,2436.37648,5705.98448,0.19143869981223643,0.3815751265415289,0.0,0.057638125577236056,0.0,0.16234154828966516,0.004375274781679743,0.20263122499765368,0.5730138263537654,0.42698617364623465
Gwh,2022,5,251.74675,893.51875,0.0,115.29199899999999,0.0,100.12312200000001,7.061,52.29075,1145.2655,274.766871,1420.032371,0.17728240224743438,0.6292242122415672,0.0,0.08118969775231975,0.0,0.0705076335192925,0.004972421857557781,0.036823632381828286,0.8065066144890016,0.19349338551099832
