unit,year,month,coal,gas,oil,nuclear,hydro,wind,solar,other,fossil,low.carbon,total.prod,coal.perc,gas.perc,oil.perc,nuclear.perc,hydro.perc,wind.perc,solar.perc,other.perc,fossil.perc,low.carbon.perc
Gwh,2022,1,2072.0315,3859.389,0.0,360.87875,0.0,1158.442564,5.6135,1831.65625,5931.4205,3356.591064,9288.011563999999,0.22308666238434932,0.41552370745950123,0.0,0.03885425287353788,0.0,0.12472449630554747,0.0006043812457940649,0.19720649973127016,0.6386103698438506,0.3613896301561496
Gwh,2022,2,1165.44225,2269.9805,0.0,325.84975,0.0,1458.0162719999998,12.657,2086.10925,3435.42275,3882.632272,7318.055022,0.15925573755545344,0.3101890452006498,0.0,0.04452682427508537,0.0,0.19923548915891165,0.001729557916953306,0.28506334589294646,0.46944478275610324,0.5305552172438968
Gwh,2022,3,1965.37,3290.5945,0.0,351.85025,0.0,831.6592730000001,36.94425,2255.163,5255.9645,3475.616773,8731.581273,0.22508752292982293,0.37686123476571803,0.0,0.04029628070782547,0.0,0.09524726930867337,0.00423110646799336,0.2582765858199669,0.601948757695541,0.3980512423044591
Gwh,2022,4,1092.588,2141.33275,0.0,328.88225,0.0,914.1497290000001,23.04725,1014.851125,3233.92075,2280.930354,5514.851104,0.1981174068702472,0.38828478042623144,0.0,0.05963574424728475,0.0,0.16576145244192617,0.004179124615582731,0.1840214913987277,0.5864021872964786,0.41359781270352136
Gwh,2022,5,227.80875,709.969,0.0,92.277249,0.0,54.628,5.679,43.60975,937.77775,196.19399900000002,1133.971749,0.20089455509001397,0.626090553513428,0.0,0.08137526272711403,0.0,0.048174039651494,0.005008061272256616,0.03845752774569342,0.8269851086034419,0.17301489139655807
