unit,year,month,coal,gas,oil,nuclear,hydro,wind,solar,other,fossil,low.carbon,total.prod,coal.perc,gas.perc,oil.perc,nuclear.perc,hydro.perc,wind.perc,solar.perc,other.perc,fossil.perc,low.carbon.perc
Gwh,2022,1,2072.0315,3859.389,0.0,360.87875,0.0,1159.950246,5.6135,1831.65625,5931.4205,3358.098746,9289.519246,0.2230504555865151,0.41545626827371346,0.0,0.03884794685746432,0.0,0.12486655286272928,0.0006042831551715804,0.19717449326440634,0.6385067238602286,0.3614932761397715
Gwh,2022,2,1165.44225,2269.9805,0.0,325.84975,0.0,1463.3052679999998,12.657,2086.10925,3435.42275,3887.921268,7323.344018,0.15914072138840768,0.30996502341288756,0.0,0.0444946665347273,0.0,0.199813809702692,0.001728308812052314,0.2848574701492331,0.46910574480129524,0.5308942551987048
Gwh,2022,3,1965.37,3290.5945,0.0,351.85025,0.0,833.480649,36.94425,2255.163,5255.9645,3477.438149,8733.402649,0.22504058028574242,0.37678263928169886,0.0,0.0402878768036978,0.0,0.09543595806789419,0.004230224058686934,0.2582227215022799,0.6018232195674412,0.3981767804325588
Gwh,2022,4,1183.22325,2321.6845,0.0,329.04175,0.0,1027.2286060000001,40.099,2172.048,3504.90775,3568.417356,7073.325106,0.16727963613553154,0.3282309896982699,0.0,0.04651868040405606,0.0,0.14522570228373158,0.0056690452367282995,0.30707594624168255,0.4955106258338014,0.5044893741661985
Gwh,2022,5,610.80675,2738.81675,0.0,355.917625,0.0,665.687873,34.438,927.6595,3349.6235,1983.7029980000002,5333.326497999999,0.1145264124049133,0.5135287987763468,0.0,0.06673464021628327,0.0,0.12481663615562132,0.006457133275623436,0.17393637917121196,0.6280552111812602,0.37194478881874005
Gwh,2022,6,427.79175,902.5555,0.0,114.0595,0.0,262.040779,6.71675,44.0455,1330.34725,426.862529,1757.209779,0.2434494475915388,0.513629909636418,0.0,0.06490943845356326,0.0,0.14912321916915533,0.003822395072159452,0.02506559007716517,0.7570793572279568,0.2429206427720432
