unit,year,month,coal,gas,oil,nuclear,hydro,wind,solar,other,fossil,low.carbon,total.prod,coal.perc,gas.perc,oil.perc,nuclear.perc,hydro.perc,wind.perc,solar.perc,other.perc,fossil.perc,low.carbon.perc
Gwh,2022,1,2072.0315,3859.389,0.0,360.87875,0.0,1159.0001240000001,0.0,1831.65625,5931.4205,3351.535124,9282.955624,0.22320816601158838,0.41575002147182516,0.0,0.03887541475120166,0.0,0.12485248997674193,0.0,0.19731390778864288,0.6389581874834135,0.36104181251658646
Gwh,2022,2,1165.44225,2269.9805,0.0,325.84975,0.0,1462.4849069999998,0.0,2086.10925,3435.42275,3874.443907,7309.866657,0.1594341326163537,0.31053651270454363,0.0,0.04457670232438003,0.0,0.20006998425881134,0.0,0.28538266809591134,0.46997064532089733,0.5300293546791027
Gwh,2022,3,1965.647,3271.0685,0.0,351.8055,0.0,810.915391,0.0,2098.20425,5236.7155,3260.9251409999997,8497.640640999998,0.2313167952191355,0.3849384362310551,0.0,0.04140037392291982,0.0,0.09542829889598295,0.0,0.2469160957309068,0.6162552314501907,0.38374476854980955
Gwh,2022,4,928.07375,1555.87725,0.0,268.678625,0.0,761.669547,0.0,225.521375,2483.951,1255.869547,3739.8205470000003,0.24815996873017873,0.41602992187635573,0.0,0.07184265170571565,0.0,0.20366473134947455,0.0,0.060302726338275284,0.6641898906065344,0.3358101093934655
