unit,year,month,coal,gas,oil,nuclear,hydro,wind,solar,other,fossil,low.carbon,total.prod,coal.perc,gas.perc,oil.perc,nuclear.perc,hydro.perc,wind.perc,solar.perc,other.perc,fossil.perc,low.carbon.perc
Gwh,2022,1,2072.0315,3859.389,0.0,360.87875,0.0,1159.142498,5.6135,1831.65625,5931.4205,3357.2909979999995,9288.711498,0.2230698520937096,0.4154923964245186,0.0,0.03885132508181599,0.0,0.12479045110288771,0.0006043357037419744,0.19719163959332606,0.6385622485182282,0.3614377514817717
Gwh,2022,2,1165.44225,2269.9805,0.0,325.84975,0.0,1462.71503,12.657,2086.10925,3435.42275,3887.3310300000003,7322.75378,0.1591535486531134,0.30999000761159007,0.0,0.04449825295095474,0.0,0.1997493120682258,0.00172844811941772,0.28488043059669826,0.4691435562647035,0.5308564437352966
Gwh,2022,3,1965.37,3290.5945,0.0,351.85025,0.0,833.339025,36.94425,2255.163,5255.9645,3477.2965249999997,8733.261025,0.2250442296839513,0.3767887494236439,0.0,0.040288530137000005,0.0,0.09542128909401286,0.004230292658634923,0.2582269090027571,0.6018329791075951,0.39816702089240485
Gwh,2022,4,1129.03375,2276.45275,0.0,328.97775,0.0,1009.535857,37.44825,1955.151,3405.4865,3331.1128569999996,6736.599357,0.16759698627866612,0.3379231314438401,0.0,0.04883439441268824,0.0,0.14985837861219864,0.005558924913812416,0.29022818433879444,0.5055201177225063,0.4944798822774937
Gwh,2022,5,370.97225,1926.606,0.0,264.245749,0.0,374.934248,16.013,107.68425,2297.57825,762.877247,3060.455497,0.12121471799333274,0.6295160971589191,0.0,0.08634196748131966,0.0,0.12250929587688104,0.005232227691497781,0.0351856937980497,0.7507308151522518,0.24926918484774818
