unit,year,month,coal,gas,oil,nuclear,hydro,wind,solar,other,fossil,low.carbon,total.prod,coal.perc,gas.perc,oil.perc,nuclear.perc,hydro.perc,wind.perc,solar.perc,other.perc,fossil.perc,low.carbon.perc
Gwh,2022,1,2072.0315,3859.389,0.0,360.87875,0.0,1159.142498,0.0,1831.65625,5931.4205,3351.6774979999996,9283.097998,0.22320474268896112,0.41574364515288836,0.0,0.03887481852262571,0.0,0.1248659120317088,0.0,0.19731088160381607,0.6389483878418495,0.36105161215815057
Gwh,2022,2,1165.44225,2269.9805,0.0,325.84975,0.0,1462.71503,0.0,2086.10925,3435.42275,3874.67403,7310.09678,0.15942911360470388,0.31052673696612815,0.0,0.04457529904275768,0.0,0.2000951661819175,0.0,0.28537368420449283,0.469955850570832,0.530044149429168
Gwh,2022,3,1965.37,3290.5945,0.0,351.85025,0.0,833.339025,0.0,2255.163,5255.9645,3440.3522749999997,8696.316775000001,0.22600027699657935,0.3783894475256164,0.0,0.04045968645156673,0.0,0.09582666392692438,0.0,0.25932392509931307,0.6043897245221957,0.39561027547780414
Gwh,2022,4,1062.45525,2030.09025,0.0,317.31825,0.0,853.920604,0.0,396.112375,3092.5455,1567.351229,4659.896729,0.22799974157968084,0.4356513390878624,0.0,0.06809555414076644,0.0,0.1832488258131954,0.0,0.08500453937849488,0.6636510806675433,0.33634891933245675
