unit,year,month,coal,gas,oil,nuclear,hydro,wind,solar,other,fossil,low.carbon,total.prod,coal.perc,gas.perc,oil.perc,nuclear.perc,hydro.perc,wind.perc,solar.perc,other.perc,fossil.perc,low.carbon.perc
Gwh,2022,1,2072.0315,3859.389,0.0,360.87875,0.0,1159.142498,5.6135,1831.65625,5931.4205,3357.2909979999995,9288.711498,0.2230698520937096,0.4154923964245186,0.0,0.03885132508181599,0.0,0.12479045110288771,0.0006043357037419744,0.19719163959332606,0.6385622485182282,0.3614377514817717
Gwh,2022,2,1165.44225,2269.9805,0.0,325.84975,0.0,1462.814519,12.657,2086.10925,3435.42275,3887.4305190000005,7322.853269,0.15915138637745113,0.3099857960570588,0.0,0.044497648393342394,0.0,0.1997601843522614,0.0017284246365526896,0.2848765601833336,0.46913718243450986,0.5308628175654901
Gwh,2022,3,1965.37,3290.5945,0.0,351.85025,0.0,833.339025,36.94425,2255.163,5255.9645,3477.2965249999997,8733.261025,0.2250442296839513,0.3767887494236439,0.0,0.040288530137000005,0.0,0.09542128909401286,0.004230292658634923,0.2582269090027571,0.6018329791075951,0.39816702089240485
Gwh,2022,4,1183.22325,2321.6845,0.0,329.04175,0.0,1026.944731,40.099,2172.048,3504.90775,3568.1334810000003,7073.041231000001,0.1672863498680204,0.3282441631789774,0.0,0.04652054742136423,0.0,0.1451913960997522,0.005669272762648765,0.3070882706692367,0.49553051304699786,0.504469486953002
Gwh,2022,5,610.3995,2910.07275,0.0,356.263125,0.0,751.12325,48.4105,1867.0025,3520.47225,3022.799375,6543.271625,0.09328659040652312,0.4447427704027188,0.0,0.0544472467929986,0.0,0.11479322471195745,0.007398516029051445,0.2853316516567505,0.5380293608092419,0.46197063919075804
Gwh,2022,6,1679.436,2982.7005,0.0,340.45525,0.0,583.598125,34.00575,934.2455,4662.1365,1892.304625,6554.441125,0.2562287108803651,0.45506557204753284,0.0,0.051942681840780124,0.0,0.08903857916642739,0.005188199779580749,0.14253625628531372,0.7112942829278979,0.288705717072102
Gwh,2022,7,688.34075,636.7675,0.0,123.727749,0.0,200.510372,6.486,79.082,1325.10825,409.80612099999996,1734.914371,0.3967577659773734,0.36703108271157436,0.0,0.07131634337012475,0.0,0.11557364176102036,0.003738513040422558,0.045582653139484536,0.7637888486889477,0.2362111513110522
