unit,year,month,coal,gas,oil,nuclear,hydro,wind,solar,other,fossil,low.carbon,total.prod,coal.perc,gas.perc,oil.perc,nuclear.perc,hydro.perc,wind.perc,solar.perc,other.perc,fossil.perc,low.carbon.perc
Gwh,2022,1,2072.0315,3859.389,0.0,360.87875,0.0,1158.442564,5.6135,1831.65625,5931.4205,3356.591064,9288.011563999999,0.22308666238434932,0.41552370745950123,0.0,0.03885425287353788,0.0,0.12472449630554747,0.0006043812457940649,0.19720649973127016,0.6386103698438506,0.3613896301561496
Gwh,2022,2,1165.44225,2269.9805,0.0,325.84975,0.0,1458.0162719999998,12.657,2086.10925,3435.42275,3882.632272,7318.055022,0.15925573755545344,0.3101890452006498,0.0,0.04452682427508537,0.0,0.19923548915891165,0.001729557916953306,0.28506334589294646,0.46944478275610324,0.5305552172438968
Gwh,2022,3,1965.37,3290.5945,0.0,351.85025,0.0,831.6592730000001,36.94425,2255.163,5255.9645,3475.616773,8731.581273,0.22508752292982293,0.37686123476571803,0.0,0.04029628070782547,0.0,0.09524726930867337,0.00423110646799336,0.2582765858199669,0.601948757695541,0.3980512423044591
Gwh,2022,4,1092.51675,2152.70225,0.0,328.88225,0.0,920.9514790000001,23.51575,1065.481875,3245.219,2338.8313540000004,5584.050354,0.19564951616480356,0.38550910423971435,0.0,0.05889671997037296,0.0,0.16492535357248322,0.004211235305776758,0.19080807074684913,0.5811586204045179,0.4188413795954821
Gwh,2022,5,244.91525,821.2565,0.0,103.788249,0.0,58.358,6.60375,46.976,1066.17175,215.725999,1281.897749,0.19105677515313274,0.6406567923538806,0.0,0.08096453019046529,0.0,0.045524691844981154,0.005151541926921661,0.03664566853061851,0.8317135675070134,0.1682864324929866
