unit,year,month,coal,gas,oil,nuclear,hydro,wind,solar,other,fossil,low.carbon,total.prod,coal.perc,gas.perc,oil.perc,nuclear.perc,hydro.perc,wind.perc,solar.perc,other.perc,fossil.perc,low.carbon.perc
Gwh,2022,1,2072.0315,3859.389,0.0,360.87875,0.0,1159.0001240000001,0.0,1831.65625,5931.4205,3351.535124,9282.955624,0.22320816601158838,0.41575002147182516,0.0,0.03887541475120166,0.0,0.12485248997674193,0.0,0.19731390778864288,0.6389581874834135,0.36104181251658646
Gwh,2022,2,1165.44225,2269.9805,0.0,325.84975,0.0,1462.4849069999998,0.0,2086.10925,3435.42275,3874.443907,7309.866657,0.1594341326163537,0.31053651270454363,0.0,0.04457670232438003,0.0,0.20006998425881134,0.0,0.28538266809591134,0.46997064532089733,0.5300293546791027
Gwh,2022,3,1965.57825,3277.9075,0.0,351.81775,0.0,814.632891,0.0,2146.851,5243.48575,3313.301641,8556.787390999998,0.2297098385390981,0.3830768897504328,0.0,0.04111563533412561,0.0,0.09520312399684353,0.0,0.25089451237950017,0.612786728289531,0.3872132717104693
Gwh,2022,4,928.07375,1555.87725,0.0,268.678625,0.0,761.669547,0.0,225.521375,2483.951,1255.869547,3739.8205470000003,0.24815996873017873,0.41602992187635573,0.0,0.07184265170571565,0.0,0.20366473134947455,0.0,0.060302726338275284,0.6641898906065344,0.3358101093934655
