unit,year,month,coal,gas,oil,nuclear,hydro,wind,solar,other,fossil,low.carbon,total.prod,coal.perc,gas.perc,oil.perc,nuclear.perc,hydro.perc,wind.perc,solar.perc,other.perc,fossil.perc,low.carbon.perc
Gwh,2022,1,2072.0315,3859.389,0.0,360.87875,0.0,1159.987371,5.6135,1831.65625,5931.4205,3358.1358710000004,9289.556370999999,0.223049564182466,0.4154546079345817,0.0,0.03884779160462237,0.0,0.12487005026647252,0.0006042807402002686,0.19717370527165728,0.6385041721170477,0.3614958278829525
Gwh,2022,2,1165.44225,2269.9805,0.0,325.84975,0.0,1462.850269,12.657,2086.10925,3435.42275,3887.4662690000005,7322.889019,0.15915060940786327,0.3099842827209724,0.0,0.04449743115791442,0.0,0.19976409108542847,0.0017284161984648535,0.2848751694293566,0.46913489212883563,0.5308651078711644
Gwh,2022,3,1965.37,3290.5945,0.0,351.85025,0.0,833.371899,36.94425,2255.163,5255.9645,3477.329399,8733.293899,0.22504338256898043,0.3767873311096043,0.0,0.04028837848229159,0.0,0.0954246941231904,0.004230276734901854,0.2582259369810314,0.6018307136785848,0.39816928632141524
Gwh,2022,4,1183.22325,2321.6845,0.0,329.04175,0.0,1027.2434819999999,40.099,2172.048,3504.90775,3568.4322319999997,7073.3399819999995,0.16727928432834097,0.32823029939295234,0.0,0.04651858257023337,0.0,0.14522749996664872,0.00566903331411223,0.3070753004277124,0.4955095837212933,0.5044904162787067
Gwh,2022,5,610.5945,2791.00825,0.0,356.027625,0.0,690.862248,39.1875,1196.13825,3401.60275,2282.215623,5683.818373,0.10742681414672292,0.49104458778243226,0.0,0.06263881103084643,0.0,0.12154896632197505,0.00689457287835823,0.2104462478396651,0.5984714019291552,0.4015285980708448
Gwh,2022,6,669.51475,1323.5775,0.0,170.848,0.0,336.267875,10.9015,69.2155,1993.09225,587.232875,2580.325125,0.2594691434475724,0.512949894250245,0.0,0.06621181119569187,0.0,0.13031996307054525,0.0042248551914557675,0.0268243328444899,0.7724190376978173,0.22758096230218278
