unit,year,month,coal,gas,oil,nuclear,hydro,wind,solar,other,fossil,low.carbon,total.prod,coal.perc,gas.perc,oil.perc,nuclear.perc,hydro.perc,wind.perc,solar.perc,other.perc,fossil.perc,low.carbon.perc
Gwh,2022,1,2072.0315,3859.389,0.0,360.87875,0.0,1160.046746,5.6135,1831.65625,5931.4205,3358.195246,9289.615746,0.223048138551069,0.41545195253762873,0.0,0.038847543307201936,0.0,0.1248756436992028,0.0006042768779125345,0.19717244502698508,0.6385000910886977,0.3614999089113024
Gwh,2022,2,1165.44225,2269.9805,0.0,325.84975,0.0,1463.3176429999999,12.657,2086.10925,3435.42275,3887.9336430000003,7323.356393,0.15914045247258254,0.30996449963431405,0.0,0.044494591347686165,0.0,0.19981516185648238,0.0017283058915578847,0.284856988797377,0.4691049521068966,0.5308950478931035
Gwh,2022,3,1965.37,3290.5945,0.0,351.85025,0.0,833.480649,36.94425,2255.163,5255.9645,3477.438149,8733.402649,0.22504058028574242,0.37678263928169886,0.0,0.0402878768036978,0.0,0.09543595806789419,0.004230224058686934,0.2582227215022799,0.6018232195674412,0.3981767804325588
Gwh,2022,4,1183.22325,2321.6845,0.0,329.04175,0.0,1027.2434819999999,40.099,2172.048,3504.90775,3568.4322319999997,7073.3399819999995,0.16727928432834097,0.32823029939295234,0.0,0.04651858257023337,0.0,0.14522749996664872,0.00566903331411223,0.3070753004277124,0.4955095837212933,0.5044904162787067
Gwh,2022,5,610.63775,2774.867,0.0,355.988125,0.0,682.671373,37.462,1097.65725,3385.50475,2173.778748,5559.283498,0.10984108837401119,0.49914112151292206,0.0,0.06403489318867617,0.0,0.12279844574316041,0.006738638174051977,0.19744581300717828,0.6089822098869332,0.39101779011306687
Gwh,2022,6,549.1095,1083.967,0.0,148.14875,0.0,323.273375,9.238,55.88575,1633.0765,536.545875,2169.622375,0.2530898954247741,0.4996109057918432,0.0,0.06828319605618006,0.0,0.14899983459103108,0.004257883817224184,0.02575828431894744,0.7527008012166172,0.24729919878338277
