unit,year,month,coal,gas,oil,nuclear,hydro,wind,solar,other,fossil,low.carbon,total.prod,coal.perc,gas.perc,oil.perc,nuclear.perc,hydro.perc,wind.perc,solar.perc,other.perc,fossil.perc,low.carbon.perc
Gwh,2022,1,2072.0315,3859.389,0.0,360.87875,0.0,1159.950246,5.6135,1831.65625,5931.4205,3358.098746,9289.519246,0.2230504555865151,0.41545626827371346,0.0,0.03884794685746432,0.0,0.12486655286272928,0.0006042831551715804,0.19717449326440634,0.6385067238602286,0.3614932761397715
Gwh,2022,2,1165.44225,2269.9805,0.0,325.84975,0.0,1463.3052679999998,12.657,2086.10925,3435.42275,3887.921268,7323.344018,0.15914072138840768,0.30996502341288756,0.0,0.0444946665347273,0.0,0.199813809702692,0.001728308812052314,0.2848574701492331,0.46910574480129524,0.5308942551987048
Gwh,2022,3,1965.37,3290.5945,0.0,351.85025,0.0,833.480649,36.94425,2255.163,5255.9645,3477.438149,8733.402649,0.22504058028574242,0.37678263928169886,0.0,0.0402878768036978,0.0,0.09543595806789419,0.004230224058686934,0.2582227215022799,0.6018232195674412,0.3981767804325588
Gwh,2022,4,1183.22325,2321.6845,0.0,329.04175,0.0,1027.2286060000001,40.099,2172.048,3504.90775,3568.417356,7073.325106,0.16727963613553154,0.3282309896982699,0.0,0.04651868040405606,0.0,0.14522570228373158,0.0056690452367282995,0.30707594624168255,0.4955106258338014,0.5044893741661985
Gwh,2022,5,610.3995,2910.07275,0.0,356.263125,0.0,751.949499,48.4105,1867.0025,3520.47225,3023.625624,6544.097874,0.09327481216702842,0.4446866177784186,0.0,0.05444037235681479,0.0,0.1149049897293758,0.007397581902363827,0.28529562606599856,0.537961429945447,0.4620385700545529
Gwh,2022,6,1679.73275,2964.82325,0.0,340.38525,0.0,570.636499,30.76975,764.72875,4644.556,1706.520249,6351.076249,0.2644800163223485,0.4668221784405158,0.0,0.053594892685093314,0.0,0.08984878729646,0.004844808784156041,0.12040931647142629,0.7313021947628643,0.26869780523713566
Gwh,2022,7,503.02975,437.57525,0.0,90.036,0.0,164.753372,5.31625,54.4915,940.605,314.59712199999996,1255.202122,0.40075597482140013,0.34860939312529304,0.0,0.07173028026477477,0.0,0.13125644795555885,0.004235373655622294,0.04341253017735099,0.7493653679466932,0.2506346320533068
