unit,year,month,coal,gas,oil,nuclear,hydro,wind,solar,other,fossil,low.carbon,total.prod,coal.perc,gas.perc,oil.perc,nuclear.perc,hydro.perc,wind.perc,solar.perc,other.perc,fossil.perc,low.carbon.perc
Gwh,2022,1,2072.0315,3859.389,0.0,360.87875,0.0,1159.879811,5.6135,1831.65625,5931.4205,3358.0283109999996,9289.448811,0.22305214681267488,0.4154594183704362,0.0,0.03884824141263035,0.0,0.12485991737491905,0.0006042877370025264,0.197175988292337,0.638511565183111,0.3614884348168889
Gwh,2022,2,1165.44225,2269.9805,0.0,325.84975,0.0,1462.052143,12.657,2086.10925,3435.42275,3886.6681430000003,7322.0908930000005,0.159167957217545,0.3100180717737506,0.0,0.04450228148786242,0.0,0.19967686339399826,0.0017286046001013496,0.2849062215267422,0.4691860289912957,0.5308139710087043
Gwh,2022,3,1965.37,3290.5945,0.0,351.85025,0.0,833.387149,36.94425,2255.163,5255.9645,3477.344649,8733.309149,0.22504298960091693,0.37678667316807246,0.0,0.04028830813120687,0.0,0.0954262736817723,0.004230269348043205,0.2582254860699882,0.6018296627689894,0.3981703372310106
Gwh,2022,4,1183.22325,2321.6845,0.0,329.04175,0.0,1027.173356,40.099,2172.048,3504.90775,3568.362106,7073.269856000001,0.16728094277306757,0.3282335535425102,0.0,0.04651904376600105,0.0,0.14521902555841068,0.005669089518192983,0.30707834484181734,0.4955144963155778,0.5044855036844221
Gwh,2022,5,610.3995,2910.07275,0.0,356.263125,0.0,751.727375,48.4105,1867.0025,3520.47225,3023.4035,6543.87575,0.09327797826845963,0.44470171213137716,0.0,0.05444222026984544,0.0,0.11487494624267584,0.007397833004393459,0.28530531008324844,0.5379796903998367,0.46202030960016316
Gwh,2022,6,1677.92125,3136.228,0.0,340.7845,0.0,629.8075,46.9525,1625.457125,4814.14925,2643.001625,7457.150875,0.22500835481620854,0.42056652099049824,0.0,0.04569902174602307,0.0,0.0844568536371473,0.006296305490801807,0.217972943319321,0.6455748758067068,0.35442512419329314
Gwh,2022,7,1407.906,1956.32675,0.0,268.898499,0.0,374.17024699999996,15.967,141.949875,3364.23275,800.985621,4165.218371,0.3380149309343378,0.46968167710503933,0.0,0.06455807956485171,0.0,0.08983208410035123,0.0038334124595168794,0.03407981583590302,0.8076966080393772,0.19230339196062285
