unit,year,month,coal,oil,gas,nuclear,hydro,wind,solar,other,fossil,low.carbon,total.prod,coal.perc,oil.perc,gas.perc,nuclear.perc,hydro.perc,wind.perc,solar.perc,other.perc,fossil.perc,low.carbon.perc
Gwh,2022,1,2072.0315,0.0,3859.389,360.87875,0.0,1159.0001240000001,0.0,1831.65625,5931.4205,3351.535124,9282.955624,0.22320816601158838,0.0,0.41575002147182516,0.03887541475120166,0.0,0.12485248997674193,0.0,0.19731390778864288,0.6389581874834135,0.36104181251658646
Gwh,2022,2,1165.44225,0.0,2269.9805,325.84975,0.0,1462.448281,0.0,2086.10925,3435.42275,3874.407281,7309.8300309999995,0.15943493146318277,0.0,0.3105380686518455,0.044576925676536296,0.0,0.2000659761988931,0.0,0.28538409800954234,0.4699730001150283,0.5300269998849717
Gwh,2022,3,1966.1425,0.0,3253.36475,351.6765,0.0,785.353642,0.0,1613.8895,5219.50725,2750.919642,7970.426892,0.24667969816942145,0.0,0.40817948575194085,0.044122668053449096,0.0,0.09853344778662577,0.0,0.20248470023856283,0.6548591839213622,0.34514081607863767
Gwh,2022,4,737.598,0.0,1074.59625,184.80975,0.0,494.268461,0.0,168.22375,1812.19425,847.301961,2659.496211,0.2773450087836955,0.0,0.40406007933207017,0.06949051073492957,0.0,0.18585040992186622,0.0,0.06325399122743852,0.6814050881157657,0.3185949118842343
