unit,year,month,coal,gas,oil,nuclear,hydro,wind,solar,other,fossil,low.carbon,total.prod,coal.perc,gas.perc,oil.perc,nuclear.perc,hydro.perc,wind.perc,solar.perc,other.perc,fossil.perc,low.carbon.perc
Gwh,2022,1,2072.0315,3859.389,0.0,360.87875,0.0,1159.038499,5.6135,1831.65625,5931.4205,3357.186999,9288.607499,0.22307234967384212,0.41549704844515145,0.0,0.03885176007693853,0.0,0.1247806519033968,0.000604342470128525,0.1971938474305426,0.6385693981189936,0.36143060188100645
Gwh,2022,2,1165.44225,2269.9805,0.0,325.84975,0.0,1462.71503,12.657,2086.10925,3435.42275,3887.3310300000003,7322.75378,0.1591535486531134,0.30999000761159007,0.0,0.04449825295095474,0.0,0.1997493120682258,0.00172844811941772,0.28488043059669826,0.4691435562647035,0.5308564437352966
Gwh,2022,3,1965.37,3290.5945,0.0,351.85025,0.0,832.4536489999999,36.94425,2255.163,5255.9645,3476.411149,8732.375649,0.22506704692955656,0.376826952053629,0.0,0.040292614993068084,0.0,0.09532957381366541,0.004230721568217318,0.2582530906418637,0.6018939989831855,0.3981060010168145
Gwh,2022,4,1091.908,2221.704,0.0,328.88225,0.0,957.77823,32.318,1544.644375,3313.612,2863.622855,6177.234855000001,0.17676323235730362,0.35965995338540513,0.0,0.05324101442149231,0.0,0.15504967068311343,0.00523179072167558,0.2500543384310098,0.5364231857427088,0.46357681425729114
Gwh,2022,5,303.165,1409.15425,0.0,195.630749,0.0,289.199998,12.09375,84.896,1712.31925,581.8204969999999,2294.139747,0.13214757313561334,0.6142408071882816,0.0,0.08527412039995487,0.0,0.12606032321186228,0.00527158383259553,0.03700559223169241,0.7463883803238949,0.25361161967610507
