unit,year,month,coal,gas,oil,nuclear,hydro,wind,solar,other,fossil,low.carbon,total.prod,coal.perc,gas.perc,oil.perc,nuclear.perc,hydro.perc,wind.perc,solar.perc,other.perc,fossil.perc,low.carbon.perc
Gwh,2022,1,2072.0315,3859.389,0.0,360.87875,0.0,1159.142498,5.6135,1831.65625,5931.4205,3357.2909979999995,9288.711498,0.2230698520937096,0.4154923964245186,0.0,0.03885132508181599,0.0,0.12479045110288771,0.0006043357037419744,0.19719163959332606,0.6385622485182282,0.3614377514817717
Gwh,2022,2,1165.44225,2269.9805,0.0,325.84975,0.0,1462.71503,12.657,2086.10925,3435.42275,3887.3310300000003,7322.75378,0.1591535486531134,0.30999000761159007,0.0,0.04449825295095474,0.0,0.1997493120682258,0.00172844811941772,0.28488043059669826,0.4691435562647035,0.5308564437352966
Gwh,2022,3,1965.37,3290.5945,0.0,351.85025,0.0,833.339025,36.94425,2255.163,5255.9645,3477.2965249999997,8733.261025,0.2250442296839513,0.3767887494236439,0.0,0.040288530137000005,0.0,0.09542128909401286,0.004230292658634923,0.2582269090027571,0.6018329791075951,0.39816702089240485
Gwh,2022,4,1092.0,2203.92225,0.0,328.88225,0.0,947.2934799999999,29.88375,1421.089625,3295.92225,2727.149105,6023.071355,0.18130284959906473,0.3659133555126212,0.0,0.05460374460398535,0.0,0.15727747924048957,0.004961546732331548,0.2359410243115076,0.5472162051116859,0.45278379488831405
Gwh,2022,5,291.6515,1276.387,0.0,184.168999,0.0,283.200998,11.27225,81.37075,1568.0385,560.0129969999999,2128.051497,0.1370509597212064,0.599791406269714,0.0,0.08654348790883608,0.0,0.1330799552544851,0.005296981776940523,0.038237209068817946,0.7368423659909205,0.2631576340090796
