unit,year,month,coal,oil,gas,nuclear,hydro,wind,solar,other,fossil,low.carbon,total.prod,coal.perc,oil.perc,gas.perc,nuclear.perc,hydro.perc,wind.perc,solar.perc,other.perc,fossil.perc,low.carbon.perc
Gwh,2022,1,2072.0315,0.0,3859.389,360.87875,0.0,1159.0001240000001,0.0,1831.65625,5931.4205,3351.535124,9282.955624,0.22320816601158838,0.0,0.41575002147182516,0.03887541475120166,0.0,0.12485248997674193,0.0,0.19731390778864288,0.6389581874834135,0.36104181251658646
Gwh,2022,2,1165.44225,0.0,2269.9805,325.84975,0.0,1462.4849069999998,0.0,2086.10925,3435.42275,3874.443907,7309.866657,0.1594341326163537,0.0,0.31053651270454363,0.04457670232438003,0.0,0.20006998425881134,0.0,0.28538266809591134,0.46997064532089733,0.5300293546791027
Gwh,2022,3,1965.867,0.0,3273.457,351.772,0.0,804.4713909999999,0.0,1995.27425,5239.324,3151.517641,8390.841640999999,0.23428722458474535,0.0,0.3901226051037566,0.04192332724778688,0.0,0.09587493429373374,0.0,0.2377919087699775,0.6244098296885019,0.3755901703114981
Gwh,2022,4,861.546,0.0,1414.62125,234.80988399999998,0.0,643.3943909999999,0.0,202.952875,2276.16725,1081.15715,3357.3244,0.2566168464387892,0.0,0.4213537571763991,0.06993958760732207,0.0,0.1916390298774822,0.0,0.0604507789000074,0.6779706036151883,0.32202939638481165
