unit,year,month,coal,gas,oil,nuclear,hydro,wind,solar,other,fossil,low.carbon,total.prod,coal.perc,gas.perc,oil.perc,nuclear.perc,hydro.perc,wind.perc,solar.perc,other.perc,fossil.perc,low.carbon.perc
Gwh,2022,1,2072.0315,3859.389,0.0,360.87875,0.0,1159.038499,5.6135,1831.65625,5931.4205,3357.186999,9288.607499,0.22307234967384212,0.41549704844515145,0.0,0.03885176007693853,0.0,0.1247806519033968,0.000604342470128525,0.1971938474305426,0.6385693981189936,0.36143060188100645
Gwh,2022,2,1165.44225,2269.9805,0.0,325.84975,0.0,1462.678404,12.657,2086.10925,3435.42275,3887.294404,7322.717154,0.15915434469067027,0.3099915580871554,0.0,0.04449847551765755,0.0,0.1997453094581181,0.0017284567645885617,0.2848818554818101,0.46914590277782564,0.5308540972221744
Gwh,2022,3,1965.37,3290.5945,0.0,351.85025,0.0,832.4536489999999,36.94425,2255.163,5255.9645,3476.411149,8732.375649,0.22506704692955656,0.376826952053629,0.0,0.040292614993068084,0.0,0.09532957381366541,0.004230721568217318,0.2582530906418637,0.6018939989831855,0.3981060010168145
Gwh,2022,4,1103.6935,2241.14525,0.0,328.93825,0.0,996.756233,36.057,1836.9455,3344.83875,3198.696983,6543.535733,0.16866928599990885,0.34249759479383285,0.0,0.050269191370212386,0.0,0.152326857171913,0.005510323695209506,0.28072674696892347,0.5111668807937416,0.4888331192062583
Gwh,2022,5,350.11425,1753.51225,0.0,241.397749,0.0,355.425498,14.5615,100.24125,2103.6265,711.625997,2815.252497,0.12436335652773245,0.6228614491483746,0.0,0.08574639370970781,0.0,0.12624995391310367,0.0051723602112127,0.03560648648986883,0.7472248056761069,0.252775194323893
