unit,year,month,coal,gas,oil,nuclear,hydro,wind,solar,other,fossil,low.carbon,total.prod,coal.perc,gas.perc,oil.perc,nuclear.perc,hydro.perc,wind.perc,solar.perc,other.perc,fossil.perc,low.carbon.perc
Gwh,2022,1,2072.0315,3859.389,0.0,360.87875,0.0,1159.038499,5.6135,1831.65625,5931.4205,3357.186999,9288.607499,0.22307234967384212,0.41549704844515145,0.0,0.03885176007693853,0.0,0.1247806519033968,0.000604342470128525,0.1971938474305426,0.6385693981189936,0.36143060188100645
Gwh,2022,2,1165.44225,2269.9805,0.0,325.84975,0.0,1462.71503,12.657,2086.10925,3435.42275,3887.3310300000003,7322.75378,0.1591535486531134,0.30999000761159007,0.0,0.04449825295095474,0.0,0.1997493120682258,0.00172844811941772,0.28488043059669826,0.4691435562647035,0.5308564437352966
Gwh,2022,3,1965.37,3290.5945,0.0,351.85025,0.0,832.4536489999999,36.94425,2255.163,5255.9645,3476.411149,8732.375649,0.22506704692955656,0.376826952053629,0.0,0.040292614993068084,0.0,0.09532957381366541,0.004230721568217318,0.2582530906418637,0.6018939989831855,0.3981060010168145
Gwh,2022,4,1091.96025,2213.9195,0.0,328.88225,0.0,950.9843549999999,31.0865,1472.883875,3305.87975,2783.83698,6089.71673,0.17931215825206373,0.3635504898107141,0.0,0.05400616557085735,0.0,0.15616233023042436,0.0051047530416082265,0.24186410309433226,0.5428626480627778,0.4571373519372222
Gwh,2022,5,291.6515,1276.387,0.0,184.168999,0.0,283.15524800000003,11.27225,81.37075,1568.0385,559.9672469999999,2128.005747,0.13705390618007574,0.5998043011864103,0.0,0.08654534850746341,0.0,0.13306131733863216,0.00529709565676281,0.03823803113065559,0.736858207366486,0.2631417926335139
