unit,year,month,coal,gas,oil,nuclear,hydro,wind,solar,other,fossil,low.carbon,total.prod,coal.perc,gas.perc,oil.perc,nuclear.perc,hydro.perc,wind.perc,solar.perc,other.perc,fossil.perc,low.carbon.perc
Gwh,2022,1,2072.0315,3859.389,0.0,360.87875,0.0,1158.442564,5.6135,1831.65625,5931.4205,3356.591064,9288.011563999999,0.22308666238434932,0.41552370745950123,0.0,0.03885425287353788,0.0,0.12472449630554747,0.0006043812457940649,0.19720649973127016,0.6386103698438506,0.3613896301561496
Gwh,2022,2,1165.44225,2269.9805,0.0,325.84975,0.0,1458.0162719999998,12.657,2086.10925,3435.42275,3882.632272,7318.055022,0.15925573755545344,0.3101890452006498,0.0,0.04452682427508537,0.0,0.19923548915891165,0.001729557916953306,0.28506334589294646,0.46944478275610324,0.5305552172438968
Gwh,2022,3,1965.37,3290.5945,0.0,351.85025,0.0,831.6592730000001,36.94425,2255.163,5255.9645,3475.616773,8731.581273,0.22508752292982293,0.37686123476571803,0.0,0.04029628070782547,0.0,0.09524726930867337,0.00423110646799336,0.2582765858199669,0.601948757695541,0.3980512423044591
Gwh,2022,4,1092.78975,2118.225,0.0,328.88225,0.0,889.423978,20.02425,756.303375,3211.01475,1994.633853,5205.648603000001,0.20992384106953133,0.4069089486330815,0.0,0.06317795822992472,0.0,0.17085747537538887,0.0038466388200809557,0.14528513787199246,0.6168327897026129,0.383167210297387
Gwh,2022,5,135.81425,400.48725,0.0,46.150687,0.0,13.00125,2.73,23.64625,536.3015,85.528187,621.829687,0.2184106883915949,0.644046526521015,0.0,0.07421756787240683,0.0,0.020908056131453242,0.004390269646293037,0.03802689143723689,0.86245721491261,0.13754278508739
