unit,year,month,coal,gas,oil,nuclear,hydro,wind,solar,other,fossil,low.carbon,total.prod,coal.perc,gas.perc,oil.perc,nuclear.perc,hydro.perc,wind.perc,solar.perc,other.perc,fossil.perc,low.carbon.perc
Gwh,2022,1,2072.0315,3859.389,0.0,360.87875,0.0,1160.046746,5.6135,1831.65625,5931.4205,3358.195246,9289.615746,0.223048138551069,0.41545195253762873,0.0,0.038847543307201936,0.0,0.1248756436992028,0.0006042768779125345,0.19717244502698508,0.6385000910886977,0.3614999089113024
Gwh,2022,2,1165.44225,2269.9805,0.0,325.84975,0.0,1463.3176429999999,12.657,2086.10925,3435.42275,3887.9336430000003,7323.356393,0.15914045247258254,0.30996449963431405,0.0,0.044494591347686165,0.0,0.19981516185648238,0.0017283058915578847,0.284856988797377,0.4691049521068966,0.5308950478931035
Gwh,2022,3,1965.37,3290.5945,0.0,351.85025,0.0,833.480649,36.94425,2255.163,5255.9645,3477.438149,8733.402649,0.22504058028574242,0.37678263928169886,0.0,0.0402878768036978,0.0,0.09543595806789419,0.004230224058686934,0.2582227215022799,0.6018232195674412,0.3981767804325588
Gwh,2022,4,1183.22325,2321.6845,0.0,329.04175,0.0,1027.2434819999999,40.099,2172.048,3504.90775,3568.4322319999997,7073.3399819999995,0.16727928432834097,0.32823029939295234,0.0,0.04651858257023337,0.0,0.14522749996664872,0.00566903331411223,0.3070753004277124,0.4955095837212933,0.5044904162787067
Gwh,2022,5,610.6465,2753.567,0.0,355.971375,0.0,679.305623,36.475,1040.966,3364.2135,2112.717998,5476.931498,0.1114942737960094,0.5027572466454099,0.0,0.06499467359231886,0.0,0.12403033034976987,0.006659750996213756,0.19006372462027823,0.6142515204414193,0.38574847955858077
Gwh,2022,6,494.69875,998.6045,0.0,136.78825,0.0,306.724875,8.532,51.19925,1493.30325,503.244375,1996.547625,0.24777708470640666,0.5001656296578451,0.0,0.06851239023161294,0.0,0.15362762759040122,0.004273376649354908,0.025643891164379314,0.7479427143642516,0.25205728563574836
