unit,year,month,coal,gas,oil,nuclear,hydro,wind,solar,other,fossil,low.carbon,total.prod,coal.perc,gas.perc,oil.perc,nuclear.perc,hydro.perc,wind.perc,solar.perc,other.perc,fossil.perc,low.carbon.perc
Gwh,2022,1,2072.0315,3859.389,0.0,360.87875,0.0,1159.890871,5.6135,1831.65625,5931.4205,3358.0393710000003,9289.459871,0.2230518812475314,0.4154589237258357,0.0,0.03884819516004345,0.0,0.12486095931378831,0.0006042870175395584,0.19717575353526173,0.6385108049733671,0.36148919502663307
Gwh,2022,2,1165.44225,2269.9805,0.0,325.84975,0.0,1462.837894,12.657,2086.10925,3435.42275,3887.453894,7322.876644,0.15915087835801595,0.3099848065664071,0.0,0.0444975063545533,0.0,0.1997627387590335,0.0017284191193320886,0.2848756508426581,0.46913568492442304,0.5308643150755771
Gwh,2022,3,1965.37,3290.5945,0.0,351.85025,0.0,833.371899,36.94425,2255.163,5255.9645,3477.329399,8733.293899,0.22504338256898043,0.3767873311096043,0.0,0.04028837848229159,0.0,0.0954246941231904,0.004230276734901854,0.2582259369810314,0.6018307136785848,0.39816928632141524
Gwh,2022,4,1183.22325,2321.6845,0.0,329.04175,0.0,1027.2286060000001,40.099,2172.048,3504.90775,3568.417356,7073.325106,0.16727963613553154,0.3282309896982699,0.0,0.04651868040405606,0.0,0.14522570228373158,0.0056690452367282995,0.30707594624168255,0.4955106258338014,0.5044893741661985
Gwh,2022,5,610.3995,2910.07275,0.0,356.263125,0.0,751.675124,48.4105,1867.0025,3520.47225,3023.351249,6543.823499,0.09327872307272327,0.4447052629773259,0.0,0.05444265497907189,0.0,0.11486787871263152,0.007397892074472652,0.2853075881837748,0.5379839860500492,0.4620160139499508
Gwh,2022,6,1680.31275,2905.1425,0.0,340.293,0.0,539.963252,26.56075,428.0215,4585.45525,1334.8385019999998,5920.2937520000005,0.283822529825037,0.49070918128320595,0.0,0.05747907354851131,0.0,0.0912054831430601,0.004486390559763562,0.07229734164042202,0.7745317111082429,0.22546828889175696
Gwh,2022,7,55.155,79.99825,0.0,11.26975,0.0,38.97775,0.69775,8.476,135.15325,59.42125,194.5745,0.2834646883327466,0.4111445744432081,0.0,0.05791997409732519,0.0,0.20032301252219586,0.003586030029628754,0.043561720574895484,0.6946092627759548,0.3053907372240453
