unit,year,month,coal,gas,oil,nuclear,hydro,wind,solar,other,fossil,low.carbon,total.prod,coal.perc,gas.perc,oil.perc,nuclear.perc,hydro.perc,wind.perc,solar.perc,other.perc,fossil.perc,low.carbon.perc
Gwh,2022,1,2072.0315,3859.389,0.0,360.87875,0.0,1159.142498,5.6135,1831.65625,5931.4205,3357.2909979999995,9288.711498,0.2230698520937096,0.4154923964245186,0.0,0.03885132508181599,0.0,0.12479045110288771,0.0006043357037419744,0.19719163959332606,0.6385622485182282,0.3614377514817717
Gwh,2022,2,1165.44225,2269.9805,0.0,325.84975,0.0,1462.814519,12.657,2086.10925,3435.42275,3887.4305190000005,7322.853269,0.15915138637745113,0.3099857960570588,0.0,0.044497648393342394,0.0,0.1997601843522614,0.0017284246365526896,0.2848765601833336,0.46913718243450986,0.5308628175654901
Gwh,2022,3,1965.37,3290.5945,0.0,351.85025,0.0,833.339025,36.94425,2255.163,5255.9645,3477.2965249999997,8733.261025,0.2250442296839513,0.3767887494236439,0.0,0.040288530137000005,0.0,0.09542128909401286,0.004230292658634923,0.2582269090027571,0.6018329791075951,0.39816702089240485
Gwh,2022,4,1183.22325,2321.6845,0.0,329.04175,0.0,1026.944731,40.099,2172.048,3504.90775,3568.1334810000003,7073.041231000001,0.1672863498680204,0.3282441631789774,0.0,0.04652054742136423,0.0,0.1451913960997522,0.005669272762648765,0.3070882706692367,0.49553051304699786,0.504469486953002
Gwh,2022,5,610.3995,2910.07275,0.0,356.263125,0.0,751.12325,48.4105,1867.0025,3520.47225,3022.799375,6543.271625,0.09328659040652312,0.4447427704027188,0.0,0.0544472467929986,0.0,0.11479322471195745,0.007398516029051445,0.2853316516567505,0.5380293608092419,0.46197063919075804
Gwh,2022,6,1678.64175,3057.8025,0.0,340.63325,0.0,609.843625,41.34575,1305.319875,4736.44425,2297.1425,7033.58675,0.23866084398546727,0.43474298514907767,0.0,0.04842952281778567,0.0,0.08670450037457773,0.005878330853031705,0.1855838168200598,0.673403829134545,0.32659617086545495
Gwh,2022,7,1102.90125,1271.81675,0.0,202.06649900000002,0.0,270.30187199999995,11.61525,107.3795,2374.718,591.3631210000001,2966.081121,0.37183785776842204,0.42878690707259315,0.0,0.06812574934965847,0.0,0.09113097753336866,0.003916025734348079,0.03620248254160948,0.8006247648410152,0.19937523515898473
