unit,year,month,coal,gas,oil,nuclear,hydro,wind,solar,other,fossil,low.carbon,total.prod,coal.perc,gas.perc,oil.perc,nuclear.perc,hydro.perc,wind.perc,solar.perc,other.perc,fossil.perc,low.carbon.perc
Gwh,2022,1,2072.0315,3859.389,0.0,360.87875,0.0,1159.879811,5.6135,1831.65625,5931.4205,3358.0283109999996,9289.448811,0.22305214681267488,0.4154594183704362,0.0,0.03884824141263035,0.0,0.12485991737491905,0.0006042877370025264,0.197175988292337,0.638511565183111,0.3614884348168889
Gwh,2022,2,1165.44225,2269.9805,0.0,325.84975,0.0,1460.267644,12.657,2086.10925,3435.42275,3884.8836440000005,7320.306394,0.15920675819734,0.31009364606112144,0.0,0.0445131299786958,0.0,0.19948176557157368,0.001729025988635415,0.28497567420263364,0.4693004042584614,0.5306995957415386
Gwh,2022,3,1965.37,3290.5945,0.0,351.85025,0.0,833.387149,36.94425,2255.163,5255.9645,3477.344649,8733.309149,0.22504298960091693,0.37678667316807246,0.0,0.04028830813120687,0.0,0.0954262736817723,0.004230269348043205,0.2582254860699882,0.6018296627689894,0.3981703372310106
Gwh,2022,4,1183.22325,2321.6845,0.0,329.04175,0.0,1027.146605,40.099,2172.048,3504.90775,3568.335355,7073.2431050000005,0.1672815754294649,0.3282347949215581,0.0,0.046519219700988906,0.0,0.14521579277742072,0.005669110958685194,0.30707950621188207,0.49551637035102297,0.504483629648977
Gwh,2022,5,610.3995,2910.07275,0.0,356.263125,0.0,751.727375,48.4105,1867.0025,3520.47225,3023.4035,6543.87575,0.09327797826845963,0.44470171213137716,0.0,0.05444222026984544,0.0,0.11487494624267584,0.007397833004393459,0.28530531008324844,0.5379796903998367,0.46202030960016316
Gwh,2022,6,1677.5015,3199.4995,0.0,340.86575,0.0,642.746,50.48775,1849.723375,4877.001,2883.822875,7760.823875,0.2161499251907711,0.41226286687249425,0.0,0.04392133560691067,0.0,0.0828192999032593,0.006505462669064887,0.2383411097574998,0.6284127920632654,0.37158720793673466
Gwh,2022,7,1892.535,2540.9565,0.0,347.122249,0.0,529.351247,24.496,380.320875,4433.4915,1281.290371,5714.781871,0.3311648708070174,0.444628781527819,0.0,0.06074111957999525,0.0,0.09262842553732878,0.004286427820509897,0.06655037472732964,0.7757936523348364,0.2242063476651636
