unit,year,month,coal,oil,gas,nuclear,hydro,wind,solar,other,fossil,low.carbon,total.prod,coal.perc,oil.perc,gas.perc,nuclear.perc,hydro.perc,wind.perc,solar.perc,other.perc,fossil.perc,low.carbon.perc
Gwh,2022,1,2072.0315,0.0,3859.389,360.87875,0.0,1159.0001240000001,0.0,1831.65625,5931.4205,3351.535124,9282.955624,0.22320816601158838,0.0,0.41575002147182516,0.03887541475120166,0.0,0.12485248997674193,0.0,0.19731390778864288,0.6389581874834135,0.36104181251658646
Gwh,2022,2,1165.44225,0.0,2269.9805,325.84975,0.0,1462.4849069999998,0.0,2086.10925,3435.42275,3874.443907,7309.866657,0.1594341326163537,0.0,0.31053651270454363,0.04457670232438003,0.0,0.20006998425881134,0.0,0.28538266809591134,0.46997064532089733,0.5300293546791027
Gwh,2022,3,1965.90575,0.0,3269.188,351.75,0.0,798.581142,0.0,1935.21,5235.09375,3085.541142,8320.634892,0.23626871933656765,0.0,0.39290126804424624,0.042274418306491895,0.0,0.09597598649206539,0.0,0.2325796078206288,0.6291699873808139,0.3708300126191861
Gwh,2022,4,835.289,0.0,1375.35275,223.899,0.0,597.239359,0.0,196.34225,2210.64175,1017.4806090000001,3228.122359,0.25875382253439544,0.0,0.42605347537881233,0.06935889507898298,0.0,0.18501137583428262,0.0,0.060822431173526655,0.6848072979132077,0.3151927020867923
