unit,year,month,coal,gas,oil,nuclear,hydro,wind,solar,other,fossil,low.carbon,total.prod,coal.perc,gas.perc,oil.perc,nuclear.perc,hydro.perc,wind.perc,solar.perc,other.perc,fossil.perc,low.carbon.perc
Gwh,2022,1,2072.0315,3859.389,0.0,360.87875,0.0,1159.950246,5.6135,1831.65625,5931.4205,3358.098746,9289.519246,0.2230504555865151,0.41545626827371346,0.0,0.03884794685746432,0.0,0.12486655286272928,0.0006042831551715804,0.19717449326440634,0.6385067238602286,0.3614932761397715
Gwh,2022,2,1165.44225,2269.9805,0.0,325.84975,0.0,1463.3052679999998,12.657,2086.10925,3435.42275,3887.921268,7323.344018,0.15914072138840768,0.30996502341288756,0.0,0.0444946665347273,0.0,0.199813809702692,0.001728308812052314,0.2848574701492331,0.46910574480129524,0.5308942551987048
Gwh,2022,3,1965.37,3290.5945,0.0,351.85025,0.0,833.480649,36.94425,2255.163,5255.9645,3477.438149,8733.402649,0.22504058028574242,0.37678263928169886,0.0,0.0402878768036978,0.0,0.09543595806789419,0.004230224058686934,0.2582227215022799,0.6018232195674412,0.3981767804325588
Gwh,2022,4,1183.22325,2321.6845,0.0,329.04175,0.0,1027.2286060000001,40.099,2172.048,3504.90775,3568.417356,7073.325106,0.16727963613553154,0.3282309896982699,0.0,0.04651868040405606,0.0,0.14522570228373158,0.0056690452367282995,0.30707594624168255,0.4955106258338014,0.5044893741661985
Gwh,2022,5,610.3995,2910.07275,0.0,356.263125,0.0,751.949499,48.4105,1867.0025,3520.47225,3023.625624,6544.097874,0.09327481216702842,0.4446866177784186,0.0,0.05444037235681479,0.0,0.1149049897293758,0.007397581902363827,0.28529562606599856,0.537961429945447,0.4620385700545529
Gwh,2022,6,1678.24675,3100.807,0.0,340.702,0.0,620.328375,44.84725,1493.522875,4779.05375,2499.4005,7278.45425,0.23057735782291963,0.42602548473805407,0.0,0.04680966429101344,0.0,0.08522803794500736,0.006161644830013187,0.20519781037299234,0.6566028425609738,0.3433971574390263
Gwh,2022,7,1235.20225,1669.65875,0.0,235.440999,0.0,340.628747,14.13825,128.736625,2904.861,718.9446210000001,3623.8056210000004,0.3408577554055292,0.4607473260498041,0.0,0.06497064788343403,0.0,0.09399752156298119,0.003901492375327379,0.03552525672292399,0.8016050814553333,0.19839491854466662
