unit,year,month,coal,gas,oil,nuclear,hydro,wind,solar,other,fossil,low.carbon,total.prod,coal.perc,gas.perc,oil.perc,nuclear.perc,hydro.perc,wind.perc,solar.perc,other.perc,fossil.perc,low.carbon.perc
Gwh,2022,1,2072.0315,3859.389,0.0,360.87875,0.0,1158.480939,5.6135,1831.65625,5931.4205,3356.6294390000003,9288.049938999999,0.22308574066765688,0.4155219906597017,0.0,0.0388540923412449,0.0,0.12472811264026519,0.0006043787487004382,0.1972056849424311,0.6386077313273586,0.3613922686726416
Gwh,2022,2,1165.44225,2269.9805,0.0,325.84975,0.0,1458.2463950000001,12.657,2086.10925,3435.42275,3882.862395,7318.285145,0.15925072976915278,0.3101792913263152,0.0,0.044525424131994513,0.0,0.19926066914682922,0.0017295035311171933,0.2850543820945911,0.469430021095468,0.5305699789045321
Gwh,2022,3,1965.37,3290.5945,0.0,351.85025,0.0,832.360149,36.94425,2255.163,5255.9645,3476.317649,8732.282149,0.22506945681147844,0.3768309868889006,0.0,0.040293046422039056,0.0,0.0953198871494687,0.0042307668682270835,0.25825585585988603,0.6019004437003791,0.39809955629962085
Gwh,2022,4,1091.86375,2231.0225,0.0,328.88225,0.0,969.793855,34.23075,1655.88975,3322.88625,2988.796605,6311.682855,0.17299090830190325,0.353475063822737,0.0,0.05210690358744269,0.0,0.15365059957531724,0.005423395120824714,0.2623531295917751,0.5264659721246403,0.4735340278753597
Gwh,2022,5,330.6065,1602.796,0.0,218.51599900000002,0.0,314.303248,13.36225,91.521,1933.4025,637.702497,2571.104997,0.1285853749208049,0.6233879992727501,0.0,0.08498913862131942,0.0,0.12224442345479211,0.005197084528088605,0.03559597920224493,0.7519733741935549,0.24802662580644505
