unit,year,month,coal,gas,oil,nuclear,hydro,wind,solar,other,fossil,low.carbon,total.prod,coal.perc,gas.perc,oil.perc,nuclear.perc,hydro.perc,wind.perc,solar.perc,other.perc,fossil.perc,low.carbon.perc
Gwh,2022,1,2072.0315,3859.389,0.0,360.87875,0.0,1159.0001240000001,5.6135,1831.65625,5931.4205,3357.148624,9288.569124,0.22307327127988333,0.4154987650388508,0.0,0.03885192058995975,0.0,0.12477703600281677,0.0006043449669223778,0.19719466212156705,0.6385720363187342,0.36142796368126595
Gwh,2022,2,1165.44225,2269.9805,0.0,325.84975,0.0,1462.448281,12.657,2086.10925,3435.42275,3887.064281,7322.487031,0.15915934641687454,0.31000130015798727,0.0,0.04449987396638654,0.0,0.1997201599413799,0.0017285110846104823,0.2848908084327613,0.46916064657486184,0.5308393534251382
Gwh,2022,3,1965.37,3290.5945,0.0,351.85025,0.0,831.752773,36.94425,2255.163,5255.9645,3475.710273,8731.674773,0.22508511266100953,0.37685719928267875,0.0,0.04029584920959126,0.0,0.09525695752800344,0.0042310611607109605,0.258273820158006,0.6019423119436883,0.39805768805631164
Gwh,2022,4,1092.673,2129.7235,0.0,328.88225,0.0,908.0553540000001,21.4325,911.440125,3222.3965,2169.810229,5392.206729,0.2026393005526773,0.39496325104637875,0.0,0.06099214413112684,0.0,0.16840143556002005,0.00397471778756797,0.16902915092222903,0.5976025515990561,0.4023974484009439
Gwh,2022,5,196.52575,599.385,0.0,69.225999,0.0,21.944,4.1555,35.4375,795.91075,130.762999,926.6737489999999,0.21207652662231613,0.6468134018545507,0.0,0.07470374452141733,0.0,0.02368039455491255,0.0044843182452123185,0.03824161420159103,0.8588899284768668,0.14111007152313323
