unit,year,month,coal,gas,oil,nuclear,hydro,wind,solar,other,fossil,low.carbon,total.prod,coal.perc,gas.perc,oil.perc,nuclear.perc,hydro.perc,wind.perc,solar.perc,other.perc,fossil.perc,low.carbon.perc
Gwh,2022,1,2072.0315,3859.389,0.0,360.87875,0.0,1159.038499,5.6135,1831.65625,5931.4205,3357.186999,9288.607499,0.22307234967384212,0.41549704844515145,0.0,0.03885176007693853,0.0,0.1247806519033968,0.000604342470128525,0.1971938474305426,0.6385693981189936,0.36143060188100645
Gwh,2022,2,1165.44225,2269.9805,0.0,325.84975,0.0,1462.71503,12.657,2086.10925,3435.42275,3887.3310300000003,7322.75378,0.1591535486531134,0.30999000761159007,0.0,0.04449825295095474,0.0,0.1997493120682258,0.00172844811941772,0.28488043059669826,0.4691435562647035,0.5308564437352966
Gwh,2022,3,1965.37,3290.5945,0.0,351.85025,0.0,832.4536489999999,36.94425,2255.163,5255.9645,3476.411149,8732.375649,0.22506704692955656,0.376826952053629,0.0,0.040292614993068084,0.0,0.09532957381366541,0.004230721568217318,0.2582530906418637,0.6018939989831855,0.3981060010168145
Gwh,2022,4,1091.9015,2222.17375,0.0,328.88225,0.0,958.77723,32.318,1548.504625,3314.07525,2868.482105,6182.557355000001,0.1766100073648245,0.35942630571843676,0.0,0.05319517978009926,0.0,0.15507777363757266,0.005227286726885528,0.2504634467721812,0.5360363130832613,0.4639636869167386
Gwh,2022,5,315.47575,1499.1255,0.0,207.07974900000002,0.0,300.08249800000004,12.8595,87.812,1814.60125,607.833747,2422.434997,0.13023084226849949,0.6188506613620395,0.0,0.08548413033020594,0.0,0.12387638816795052,0.005308501576275733,0.03624947629502894,0.7490815036305389,0.2509184963694611
