unit,year,month,coal,oil,gas,nuclear,hydro,wind,solar,other,fossil,low.carbon,total.prod,coal.perc,oil.perc,gas.perc,nuclear.perc,hydro.perc,wind.perc,solar.perc,other.perc,fossil.perc,low.carbon.perc
Gwh,2022,1,2072.0315,0.0,3859.389,360.87875,0.0,1159.0001240000001,0.0,1831.65625,5931.4205,3351.535124,9282.955624,0.22320816601158838,0.0,0.41575002147182516,0.03887541475120166,0.0,0.12485248997674193,0.0,0.19731390778864288,0.6389581874834135,0.36104181251658646
Gwh,2022,2,1165.44225,0.0,2269.9805,325.84975,0.0,1462.448281,0.0,2086.10925,3435.42275,3874.407281,7309.8300309999995,0.15943493146318277,0.0,0.3105380686518455,0.044576925676536296,0.0,0.2000659761988931,0.0,0.28538409800954234,0.4699730001150283,0.5300269998849717
Gwh,2022,3,1966.003,0.0,3264.51025,351.72975,0.0,794.284892,0.0,1845.195,5230.51325,2991.209642,8221.722892,0.23912299475733778,0.0,0.3970591435496413,0.04278054060204879,0.0,0.09660808354084333,0.0,0.2244292375501288,0.6361821383069791,0.3638178616930209
Gwh,2022,4,806.617,0.0,1317.18725,213.243,0.0,563.745359,0.0,191.12875,2123.80425,968.117109,3091.9213590000004,0.26087888608553705,0.0,0.42600929877013727,0.0689677955033655,0.0,0.1823284920746912,0.0,0.06181552756626886,0.6868881848556744,0.31311181514432557
