unit,year,month,coal,gas,oil,nuclear,hydro,wind,solar,other,fossil,low.carbon,total.prod,coal.perc,gas.perc,oil.perc,nuclear.perc,hydro.perc,wind.perc,solar.perc,other.perc,fossil.perc,low.carbon.perc
Gwh,2022,1,2072.0315,3859.389,0.0,360.87875,0.0,1159.0001240000001,0.0,1831.65625,5931.4205,3351.535124,9282.955624,0.22320816601158838,0.41575002147182516,0.0,0.03887541475120166,0.0,0.12485248997674193,0.0,0.19731390778864288,0.6389581874834135,0.36104181251658646
Gwh,2022,2,1165.44225,2269.9805,0.0,325.84975,0.0,1462.4849069999998,0.0,2086.10925,3435.42275,3874.443907,7309.866657,0.1594341326163537,0.31053651270454363,0.0,0.04457670232438003,0.0,0.20006998425881134,0.0,0.28538266809591134,0.46997064532089733,0.5300293546791027
Gwh,2022,3,1965.35675,3290.47725,0.0,351.84975,0.0,830.333877,0.0,2253.00125,5255.834,3435.1848769999997,8691.018877,0.22613651837774046,0.3786066163897022,0.0,0.04048429246093788,0.0,0.09553930197958768,0.0,0.2592332707920316,0.6047431347674427,0.3952568652325572
Gwh,2022,4,995.0915,1838.56975,0.0,291.625125,0.0,792.7567489999999,0.0,242.480625,2833.66125,1326.8624989999998,4160.523749,0.23917457513352125,0.44190824543229884,0.0,0.07009336867025297,0.0,0.19054253666753915,0.0,0.05828127409638781,0.6810828205658201,0.3189171794341799
