unit,year,month,coal,gas,oil,nuclear,hydro,wind,solar,other,fossil,low.carbon,total.prod,coal.perc,gas.perc,oil.perc,nuclear.perc,hydro.perc,wind.perc,solar.perc,other.perc,fossil.perc,low.carbon.perc
Gwh,2022,1,321.7022448979592,0.0,0.0,0.0,100.83483673469388,7.837125193877552,0.0,0.0,321.7022448979592,108.67196192857143,430.3742068265306,0.7474942498764257,0.0,0.0,0.0,0.23429572482566785,0.018210025297906465,0.0,0.0,0.7474942498764257,0.25250575012357435
Gwh,2022,2,259.57,0.0,0.0,0.0,25.461,4.543,0.0,0.0,259.57,30.004,289.574,0.8963857252377629,0.0,0.0,0.0,0.08792571156250215,0.015688563199734783,0.0,0.0,0.8963857252377629,0.10361427476223695
Gwh,2022,3,400.1385,0.0,0.0,0.0,61.5345,7.548504,0.0,0.0,400.1385,69.083004,469.22150400000004,0.8527710187809295,0.0,0.0,0.0,0.13114168782852714,0.01608729339054333,0.0,0.0,0.8527710187809295,0.14722898121907046
Gwh,2022,4,241.81485950413224,0.0,0.0,0.0,136.39180991735537,6.840780991735537,0.0,0.0,241.81485950413224,143.2325909090909,385.04745041322315,0.6280131429116663,0.0,0.0,0.0,0.3542207844019825,0.017766072686351213,0.0,0.0,0.6280131429116663,0.37198685708833373
Gwh,2022,5,264.79914049586773,0.0,0.0,0.0,62.38419008264463,2.447219008264463,0.0,0.0,264.79914049586773,64.83140909090909,329.63054958677685,0.8033209932386988,0.0,0.0,0.0,0.18925487992799553,0.007424126833305602,0.0,0.0,0.8033209932386988,0.19667900676130112
Gwh,2022,6,37.043,0.0,0.0,0.0,12.706,1.014,0.0,0.0,37.043,13.72,50.763,0.7297244055709867,0.0,0.0,0.0,0.25030041565707306,0.019975178771940192,0.0,0.0,0.7297244055709867,0.2702755944290133
