unit,year,month,coal,gas,oil,nuclear,hydro,wind,solar,other,fossil,low.carbon,total.prod,coal.perc,gas.perc,oil.perc,nuclear.perc,hydro.perc,wind.perc,solar.perc,other.perc,fossil.perc,low.carbon.perc
Gwh,2022,1,307.526,0.0,0.0,0.0,96.177,7.8105,0.0,0.0,307.526,103.9875,411.5135,0.7473047664292909,0.0,0.0,0.0,0.23371529731102383,0.018979936259685283,0.0,0.0,0.7473047664292909,0.25269523357070905
Gwh,2022,2,259.57,0.0,0.0,0.0,25.461,4.543,0.0,0.0,259.57,30.004,289.574,0.8963857252377629,0.0,0.0,0.0,0.08792571156250215,0.015688563199734783,0.0,0.0,0.8963857252377629,0.10361427476223695
Gwh,2022,3,358.14,0.0,0.0,0.0,53.546,6.857,0.0,0.0,358.14,60.403,418.543,0.8556826897116903,0.0,0.0,0.0,0.1279342863218355,0.016383023966474175,0.0,0.0,0.8556826897116903,0.14431731028830969
Gwh,2022,4,154.858,0.0,0.0,0.0,69.541,3.2385,0.0,0.0,154.858,72.7795,227.6375,0.6802833452309045,0.0,0.0,0.0,0.305490088408105,0.014226566360990612,0.0,0.0,0.6802833452309045,0.3197166547690956
Gwh,2022,5,77.037,0.0,0.0,0.0,19.422,1.141,0.0,0.0,77.037,20.563,97.6,0.789313524590164,0.0,0.0,0.0,0.19899590163934427,0.011690573770491803,0.0,0.0,0.789313524590164,0.21068647540983607
