unit,year,month,coal,gas,oil,nuclear,hydro,wind,solar,other,fossil,low.carbon,total.prod,coal.perc,gas.perc,oil.perc,nuclear.perc,hydro.perc,wind.perc,solar.perc,other.perc,fossil.perc,low.carbon.perc
Gwh,2022,1,321.702245,0.0,0.0,0.0,100.834836,7.8371260000000005,0.0,0.0,321.702245,108.671962,430.374207,0.7474942498122338,0.0,0.0,0.0,0.2342957230241263,0.018210027163639946,0.0,0.0,0.7474942498122338,0.2525057501877662
Gwh,2022,2,259.57,0.0,0.0,0.0,25.461,4.543,0.0,0.0,259.57,30.004,289.574,0.8963857252377629,0.0,0.0,0.0,0.08792571156250215,0.015688563199734783,0.0,0.0,0.8963857252377629,0.10361427476223695
Gwh,2022,3,400.1385,0.0,0.0,0.0,61.5345,7.5485,0.0,0.0,400.1385,69.083,469.2215,0.8527710260505966,0.0,0.0,0.0,0.13114168894647837,0.01608728500292506,0.0,0.0,0.8527710260505966,0.14722897394940343
Gwh,2022,4,241.81485899999998,0.0,0.0,0.0,136.39181,6.840781,0.0,0.0,241.81485899999998,143.23259099999999,385.04744999999997,0.628013142276361,0.0,0.0,0.0,0.3542207849967582,0.017766072726880806,0.0,0.0,0.628013142276361,0.371986857723639
Gwh,2022,5,264.799141,0.0,0.0,0.0,62.384190000000004,2.447219,0.0,0.0,264.799141,64.831409,329.63054999999997,0.8033209937610456,0.0,0.0,0.0,0.18925487944002767,0.00742412679892686,0.0,0.0,0.8033209937610456,0.19667900623895448
Gwh,2022,6,243.823,0.0,0.0,0.0,62.308,5.4148000000000005,0.0,0.0,243.823,67.7228,311.5458,0.7826232932685981,0.0,0.0,0.0,0.1999962766309159,0.01738043010048603,0.0,0.0,0.7826232932685981,0.21737670673140197
