unit,year,month,coal,oil,gas,nuclear,hydro,wind,solar,other,fossil,low.carbon,total.prod,coal.perc,oil.perc,gas.perc,nuclear.perc,hydro.perc,wind.perc,solar.perc,other.perc,fossil.perc,low.carbon.perc,biomass
Gwh,2022,1,307.526,0.0,0.0,0.0,96.177,7.8105,0.0,0.0,307.526,103.9875,411.5135,0.7473047664292909,0.0,0.0,0.0,0.23371529731102383,0.018979936259685283,0.0,0.0,0.7473047664292909,0.25269523357070905,0.0
Gwh,2022,2,259.57,0.0,0.0,0.0,25.461,4.543,0.0,0.0,259.57,30.004,289.574,0.8963857252377629,0.0,0.0,0.0,0.08792571156250215,0.015688563199734783,0.0,0.0,0.8963857252377629,0.10361427476223695,0.0
Gwh,2022,3,358.14,0.0,0.0,0.0,53.546,6.857,0.0,0.0,358.14,60.403,418.543,0.8556826897116903,0.0,0.0,0.0,0.1279342863218355,0.016383023966474175,0.0,0.0,0.8556826897116903,0.14431731028830969,0.0
Gwh,2022,4,100.165,0.0,0.0,0.0,47.419,2.3325,0.0,0.0,100.165,49.7515,149.9165,0.6681385971524149,0.0,0.0,0.0,0.31630274185963514,0.015558660987949958,0.0,0.0,0.6681385971524149,0.33186140284758514,0.0
