unit,year,month,coal,oil,gas,nuclear,hydro,wind,solar,other,fossil,low.carbon,total.prod,coal.perc,oil.perc,gas.perc,nuclear.perc,hydro.perc,wind.perc,solar.perc,other.perc,fossil.perc,low.carbon.perc
Gwh,2022,1,0.0,0.0,199.392,0.0,12809.507521,1001.45725,0.0,59.623,199.392,13870.587771,14069.979771,0.0,0.0,0.014171448946285766,0.0,0.9104140680715126,0.07117687916397218,0.0,0.004237603818229399,0.014171448946285766,0.9858285510537143
Gwh,2022,2,0.0,0.0,180.096,0.0,11192.285979,876.288014,0.0,54.46,180.096,12123.033993000001,12303.129993,0.0,0.0,0.014638226215805862,0.0,0.9097104546052893,0.07122480332229063,0.0,0.0044265158566141796,0.014638226215805862,0.9853617737841942
Gwh,2022,3,0.0,0.0,199.392,0.0,13012.8225,923.619486,0.0,59.0855,199.392,13995.527485999999,14194.919485999999,0.0,0.0,0.014046715812418242,0.0,0.9167239386481999,0.06506690558625125,0.0,0.004162439953130708,0.014046715812418242,0.9859532841875818
Gwh,2022,4,0.0,0.0,141.504,0.0,7389.971,529.2255,0.0,46.106,141.504,7965.3025,8106.8065,0.0,0.0,0.01745496207415337,0.0,0.9115760934962491,0.06528162476802672,0.0,0.005687319661570805,0.01745496207415337,0.9825450379258467
