unit,year,month,coal,gas,oil,nuclear,hydro,wind,solar,other,fossil,low.carbon,total.prod,coal.perc,gas.perc,oil.perc,nuclear.perc,hydro.perc,wind.perc,solar.perc,other.perc,fossil.perc,low.carbon.perc
Gwh,2022,1,0.0,146.37688200000002,0.0,0.0,12849.265424000001,1034.38775,0.0,59.623,146.37688200000002,13943.276174,14089.653056,0.0,0.010388962838064083,0.0,0.0,0.911964643340044,0.07341470694053122,0.0,0.004231686881360779,0.010388962838064083,0.989611037161936
Gwh,2022,2,0.0,132.242399,0.0,0.0,11210.552076,939.766727,0.0,54.46,132.242399,12204.778803,12337.021202,0.0,0.010719151473822684,0.0,0.0,0.9086919680564881,0.07617452475867115,0.0,0.004414355711018093,0.010719151473822684,0.9892808485261773
Gwh,2022,3,0.0,146.445579,0.0,0.0,13025.0785,972.413773,0.0,59.0855,146.445579,14056.577773,14203.023352,0.0,0.01031087363377307,0.0,0.0,0.9170637953056574,0.06846526608456709,0.0,0.004160064976002442,0.01031087363377307,0.989689126366227
Gwh,2022,4,0.0,141.75589000000002,0.0,0.0,10036.002,747.2145,0.0,62.902,141.75589000000002,10846.1185,10987.87439,0.0,0.01290112035945835,0.0,0.0,0.9133706523923959,0.0680035531421833,0.0,0.005724674105962363,0.01290112035945835,0.9870988796405417
Gwh,2022,5,0.0,146.5166,0.0,0.0,8784.516,887.297,0.0,63.101,146.5166,9734.914,9881.4306,0.0,0.014827468403208744,0.0,0.0,0.8889923287018784,0.089794386654904,0.0,0.0063858162400088105,0.014827468403208744,0.9851725315967914
Gwh,2022,6,0.0,141.820095,0.0,0.0,9292.394,667.3935,0.0,50.4055,141.820095,10010.193,10152.013095,0.0,0.013969652488908654,0.0,0.0,0.9153252574680608,0.06574001567518664,0.0,0.004965074367843888,0.013969652488908654,0.9860303475110912
Gwh,2022,7,0.0,134.230267,0.0,0.0,7905.207,766.535,0.0,50.207,134.230267,8721.949,8856.179267000001,0.0,0.015156679077191943,0.0,0.0,0.8926204813238678,0.08655369058034672,0.0,0.005669149018593369,0.015156679077191943,0.984843320922808
