unit,year,month,coal,gas,oil,nuclear,hydro,wind,solar,other,fossil,low.carbon,total.prod,coal.perc,gas.perc,oil.perc,nuclear.perc,hydro.perc,wind.perc,solar.perc,other.perc,fossil.perc,low.carbon.perc
Gwh,2022,1,0.0,199.392,0.0,0.0,12824.868583000001,1006.22225,0.0,59.623,199.392,13890.713833,14090.105833000001,0.0,0.01415120669519814,0.0,0.0,0.9102038504894174,0.0714133919167135,0.0,0.004231550898670953,0.01415120669519814,0.9858487933048018
Gwh,2022,2,0.0,180.096,0.0,0.0,11201.655417,930.692727,0.0,54.46,180.096,12186.808143999999,12366.904144,0.0,0.01456273921936853,0.0,0.0,0.9057768449215854,0.07525672683826375,0.0,0.004403689020782306,0.01456273921936853,0.9854372607806313
Gwh,2022,3,0.0,199.392,0.0,0.0,13021.708,949.716273,0.0,59.0855,199.392,14030.509773,14229.901773,0.0,0.014012183863301782,0.0,0.0,0.9150947215045123,0.06674088747414997,0.0,0.004152207158036016,0.014012183863301782,0.9859878161366983
Gwh,2022,4,0.0,192.96,0.0,0.0,10028.046,744.055,0.0,62.902,192.96,10835.003,11027.963,0.0,0.017497338357047445,0.0,0.0,0.9093289486009338,0.06746984914621132,0.0,0.005703863895807413,0.017497338357047445,0.9825026616429526
Gwh,2022,5,0.0,199.392,0.0,0.0,8784.158,867.4625,0.0,63.101,199.392,9714.7215,9914.1135,0.0,0.020111934365084686,0.0,0.0,0.8860255634555727,0.08749773744268714,0.0,0.006364764736655476,0.020111934365084686,0.9798880656349154
Gwh,2022,6,0.0,147.936,0.0,0.0,6996.873,513.96,0.0,38.4725,147.936,7549.3055,7697.2415,0.0,0.019219352803208786,0.0,0.0,0.9090104552390619,0.06677197279051203,0.0,0.004998219167217243,0.019219352803208786,0.9807806471967913
