unit,year,month,coal,gas,oil,nuclear,hydro,wind,solar,other,fossil,low.carbon,total.prod,coal.perc,gas.perc,oil.perc,nuclear.perc,hydro.perc,wind.perc,solar.perc,other.perc,fossil.perc,low.carbon.perc
Gwh,2022,1,0.0,146.37688200000002,0.0,0.0,12846.712717,1033.24575,0.0,59.623,146.37688200000002,13939.581467,14085.958348999999,0.0,0.010391687833607128,0.0,0.0,0.9120226255611514,0.07335288976439101,0.0,0.004232796840850576,0.010391687833607128,0.989608312166393
Gwh,2022,2,0.0,132.242399,0.0,0.0,11209.358783,939.4027269999999,0.0,54.46,132.242399,12203.22151,12335.463909,0.0,0.010720504715150231,0.0,0.0,0.9087099492724883,0.07615463301016252,0.0,0.0044149130021989514,0.010720504715150231,0.9892794952848497
Gwh,2022,3,0.0,146.445579,0.0,0.0,13024.1045,972.413773,0.0,59.0855,146.445579,14055.603773,14202.049352,0.0,0.01031158077051583,0.0,0.0,0.9170581074037659,0.0684699615455892,0.0,0.004160350280129065,0.01031158077051583,0.9896884192294843
Gwh,2022,4,0.0,141.75589000000002,0.0,0.0,10033.1315,746.9785,0.0,62.902,141.75589000000002,10843.012,10984.767890000001,0.0,0.012904768805269676,0.0,0.0,0.9133676378481947,0.06800130029875397,0.0,0.005726293047781458,0.012904768805269676,0.9870952311947303
Gwh,2022,5,0.0,146.5166,0.0,0.0,8784.516,884.417,0.0,63.101,146.5166,9732.034,9878.5506,0.0,0.01483179121439131,0.0,0.0,0.8892515061875574,0.08952902463241925,0.0,0.006387677965631921,0.01483179121439131,0.9851682087856086
Gwh,2022,6,0.0,141.820095,0.0,0.0,9292.394,667.207,0.0,50.4055,141.820095,10010.0065,10151.826595,0.0,0.013969909126486612,0.0,0.0,0.9153420729799217,0.06572285231197844,0.0,0.004965165581613247,0.013969909126486612,0.9860300908735133
Gwh,2022,7,0.0,124.3265,0.0,0.0,7300.025,718.1895,0.0,46.497,124.3265,8064.7115,8189.038,0.0,0.01518206412035211,0.0,0.0,0.891438652501063,0.08770132706674459,0.0,0.005677956311840292,0.01518206412035211,0.9848179358796479
