unit,year,month,coal,gas,oil,nuclear,hydro,wind,solar,other,fossil,low.carbon,total.prod,coal.perc,gas.perc,oil.perc,nuclear.perc,hydro.perc,wind.perc,solar.perc,other.perc,fossil.perc,low.carbon.perc
Gwh,2022,1,0.0,199.392,0.0,0.0,12809.834021,1001.45725,0.0,59.623,199.392,13870.914271,14070.306271,0.0,0.014171120099280461,0.0,0.0,0.9104161469037862,0.07117522751186176,0.0,0.004237505485071612,0.014171120099280461,0.9858288799007195
Gwh,2022,2,0.0,180.096,0.0,0.0,11192.285979,876.288014,0.0,54.46,180.096,12123.033993000001,12303.129993,0.0,0.014638226215805862,0.0,0.0,0.9097104546052893,0.07122480332229063,0.0,0.0044265158566141796,0.014638226215805862,0.9853617737841942
Gwh,2022,3,0.0,199.392,0.0,0.0,13012.8225,923.619486,0.0,59.0855,199.392,13995.527485999999,14194.919485999999,0.0,0.014046715812418242,0.0,0.0,0.9167239386481999,0.06506690558625125,0.0,0.004162439953130708,0.014046715812418242,0.9859532841875818
Gwh,2022,4,0.0,180.096,0.0,0.0,9304.16,671.883,0.0,58.373,180.096,10034.416,10214.512,0.0,0.0176313856207717,0.0,0.0,0.9108766037966375,0.06577729802461439,0.0,0.005714712557976337,0.0176313856207717,0.9823686143792282
