unit,year,month,coal,gas,oil,nuclear,hydro,wind,solar,other,fossil,low.carbon,total.prod,coal.perc,gas.perc,oil.perc,nuclear.perc,hydro.perc,wind.perc,solar.perc,other.perc,fossil.perc,low.carbon.perc
Gwh,2022,1,0.0,199.392,0.0,0.0,12821.817083,1006.22225,0.0,59.623,199.392,13887.662333,14087.054333,0.0,0.014154272091711112,0.0,0.0,0.9101843990878856,0.0714288612945041,0.0,0.0042324675258991916,0.014154272091711112,0.985845727908289
Gwh,2022,2,0.0,180.096,0.0,0.0,11200.988916999999,930.692727,0.0,54.46,180.096,12186.141644,12366.237643999999,0.0,0.014563524103661485,0.0,0.0,0.9057717665998947,0.07526078293114194,0.0,0.004403926365301864,0.014563524103661485,0.9854364758963385
Gwh,2022,3,0.0,199.392,0.0,0.0,13020.4255,949.716273,0.0,59.0855,199.392,14029.227273,14228.619273,0.0,0.014013446854844382,0.0,0.0,0.9150870685469356,0.06674690317999908,0.0,0.00415258141822093,0.014013446854844382,0.9859865531451556
Gwh,2022,4,0.0,192.96,0.0,0.0,10024.016,744.055,0.0,62.902,192.96,10830.973,11023.933,0.0,0.01750373482857706,0.0,0.0,0.9092958021424838,0.06749451398153453,0.0,0.005705949047404406,0.01750373482857706,0.9824962651714229
Gwh,2022,5,0.0,199.392,0.0,0.0,8783.971,867.4625,0.0,63.101,199.392,9714.5345,9913.9265,0.0,0.02011231372352821,0.0,0.0,0.8860234136293021,0.08749938785606289,0.0,0.0063648847911067325,0.02011231372352821,0.9798876862764718
Gwh,2022,6,0.0,96.48,0.0,0.0,4413.233,342.757,0.0,24.0945,96.48,4780.0845,4876.5645,0.0,0.019784419953842506,0.0,0.0,0.9049881325264948,0.0702865716222968,0.0,0.00494087589736586,0.019784419953842506,0.9802155800461574
