unit,year,month,coal,gas,oil,nuclear,hydro,wind,solar,other,fossil,low.carbon,total.prod,coal.perc,gas.perc,oil.perc,nuclear.perc,hydro.perc,wind.perc,solar.perc,other.perc,fossil.perc,low.carbon.perc
Gwh,2022,1,0.0,161.24478200000001,0.0,0.0,12829.705583,1021.42875,0.0,59.623,161.24478200000001,13910.757333000001,14072.002115,0.0,0.011458552996387183,0.0,0.0,0.9117185655710087,0.07258588661745664,0.0,0.004236994815147525,0.011458552996387183,0.988541447003613
Gwh,2022,2,0.0,143.50009599999998,0.0,0.0,11201.930917,935.664227,0.0,54.46,143.50009599999998,12192.055144,12335.55524,0.0,0.011633047172021743,0.0,0.0,0.9081010703657633,0.07585100214751257,0.0,0.004414880314702397,0.011633047172021743,0.9883669528279783
Gwh,2022,3,0.0,156.505458,0.0,0.0,13022.101,949.826273,0.0,59.0855,156.505458,14031.012773,14187.518231,0.0,0.011031207534100826,0.0,0.0,0.9178561597578397,0.0669480213195153,0.0,0.004164611388544125,0.011031207534100826,0.9889687924658992
Gwh,2022,4,0.0,149.08593,0.0,0.0,10032.3785,745.325,0.0,62.902,149.08593,10840.6055,10989.691429999999,0.0,0.01356597962277818,0.0,0.0,0.9128899172376491,0.06782037555352909,0.0,0.005723727586043789,0.01356597962277818,0.9864340203772218
Gwh,2022,5,0.0,151.60547599999998,0.0,0.0,8784.173,877.5555,0.0,63.101,151.60547599999998,9724.8295,9876.434976,0.0,0.015350222663178092,0.0,0.0,0.8894072629795847,0.0888534680917237,0.0,0.0063890462655135285,0.015350222663178092,0.9846497773368218
Gwh,2022,6,0.0,144.45823800000002,0.0,0.0,9292.394,660.9385,0.0,50.4055,144.45823800000002,10003.738,10148.196238,0.0,0.014234868405389622,0.0,0.0,0.9156695221565146,0.06512866764687802,0.0,0.004966941791217656,0.014234868405389622,0.9857651315946103
