unit,year,month,coal,gas,oil,nuclear,hydro,wind,solar,other,fossil,low.carbon,total.prod,coal.perc,gas.perc,oil.perc,nuclear.perc,hydro.perc,wind.perc,solar.perc,other.perc,fossil.perc,low.carbon.perc
Gwh,2022,1,0.0,199.392,0.0,0.0,12812.780555,1002.58175,0.0,59.623,199.392,13874.985305,14074.377305,0.0,0.014167021082287234,0.0,0.0,0.910362162200113,0.071234536937121,0.0,0.0042362797804787146,0.014167021082287234,0.9858329789177128
Gwh,2022,2,0.0,180.096,0.0,0.0,11194.163945,919.3597269999999,0.0,54.46,180.096,12167.983672,12348.079672,0.0,0.014584939908379302,0.0,0.0,0.9065509975922352,0.07445366011726523,0.0,0.004410402382120296,0.014584939908379302,0.9854150600916207
Gwh,2022,3,0.0,199.392,0.0,0.0,13013.6595,949.4157730000001,0.0,59.0855,199.392,14022.160773,14221.552773,0.0,0.014020409949787696,0.0,0.0,0.9150660063440318,0.06675893892560673,0.0,0.004154644780573849,0.014020409949787696,0.9859795900502123
Gwh,2022,4,0.0,192.96,0.0,0.0,10020.3465,734.3425,0.0,62.902,192.96,10817.591,11010.551,0.0,0.017525008512289712,0.0,0.0,0.910067670546188,0.06669443699956523,0.0,0.005712883941957129,0.017525008512289712,0.9824749914877103
Gwh,2022,5,0.0,38.592,0.0,0.0,1939.1995,171.887,0.0,12.529,38.592,2123.6155,2162.2075,0.0,0.017848425740822748,0.0,0.0,0.8968609626966885,0.0794960705667703,0.0,0.005794540995718496,0.017848425740822748,0.9821515742591772
