unit,year,month,coal,gas,oil,nuclear,hydro,wind,solar,other,fossil,low.carbon,total.prod,coal.perc,gas.perc,oil.perc,nuclear.perc,hydro.perc,wind.perc,solar.perc,other.perc,fossil.perc,low.carbon.perc
Gwh,2022,1,0.0,199.392,0.0,0.0,12824.868583000001,1021.42875,0.0,59.623,199.392,13905.920333,14105.312333,0.0,0.014135950717908857,0.0,0.0,0.9092225879320415,0.07241447235523615,0.0,0.004226988994813632,0.014135950717908857,0.9858640492820911
Gwh,2022,2,0.0,180.096,0.0,0.0,11201.655417,935.664227,0.0,54.46,180.096,12191.779644,12371.875644,0.0,0.014556887345318681,0.0,0.0,0.9054128686164477,0.07562832459068322,0.0,0.0044019194475505025,0.014556887345318681,0.9854431126546813
Gwh,2022,3,0.0,199.392,0.0,0.0,13021.708,949.826273,0.0,59.0855,199.392,14030.619773,14230.011773,0.0,0.014012075547142275,0.0,0.0,0.9150876476931219,0.06674810169884741,0.0,0.004152175060888476,0.014012075547142275,0.9859879244528578
Gwh,2022,4,0.0,192.96,0.0,0.0,10028.046,745.325,0.0,62.902,192.96,10836.273,11029.233,0.0,0.01749532356420433,0.0,0.0,0.9092242407064934,0.06757722862505489,0.0,0.005703207104247412,0.01749532356420433,0.9825046764357955
Gwh,2022,5,0.0,199.392,0.0,0.0,8784.158,877.5555,0.0,63.101,199.392,9724.8145,9924.2065,0.0,0.020091480361679293,0.0,0.0,0.8851244681375785,0.08842575978240678,0.0,0.006358291718335365,0.020091480361679293,0.9799085196383207
Gwh,2022,6,0.0,180.096,0.0,0.0,8556.272,631.1745,0.0,47.6815,180.096,9235.128,9415.224,0.0,0.01912816944132184,0.0,0.0,0.9087698816300069,0.06703765093639832,0.0,0.00506429799227294,0.01912816944132184,0.9808718305586782
