unit,year,month,coal,gas,oil,nuclear,hydro,wind,solar,other,fossil,low.carbon,total.prod,coal.perc,gas.perc,oil.perc,nuclear.perc,hydro.perc,wind.perc,solar.perc,other.perc,fossil.perc,low.carbon.perc
Gwh,2022,1,0.0,199.392,0.0,0.0,12821.336583,1006.22225,0.0,59.623,199.392,13887.181833,14086.573833,0.0,0.014154754900932197,0.0,0.0,0.9101813354333199,0.07143129776828822,0.0,0.004232611897459679,0.014154754900932197,0.9858452450990678
Gwh,2022,2,0.0,180.096,0.0,0.0,11198.673417,923.350727,0.0,54.46,180.096,12176.484144,12356.580144,0.0,0.014574906479075398,0.0,0.0,0.9062922982325133,0.07472542695790733,0.0,0.004407368330503988,0.014574906479075398,0.9854250935209247
Gwh,2022,3,0.0,199.392,0.0,0.0,13018.1265,949.639773,0.0,59.0855,199.392,14026.851773,14226.243773,0.0,0.014015786821987841,0.0,0.0,0.9150782671605215,0.06675267120069474,0.0,0.004153274816795873,0.014015786821987841,0.9859842131780122
Gwh,2022,4,0.0,192.96,0.0,0.0,10023.87,741.9585,0.0,62.902,192.96,10828.7305,11021.6905,0.0,0.017507296181107607,0.0,0.0,0.9094675630748296,0.06731803075036447,0.0,0.005707109993698335,0.017507296181107607,0.9824927038188923
Gwh,2022,5,0.0,192.96,0.0,0.0,8425.941,849.7035,0.0,61.336,192.96,9336.9805,9529.9405,0.0,0.020247765450371907,0.0,0.0,0.884154628247679,0.08916146958105352,0.0,0.006436136720895581,0.020247765450371907,0.979752234549628
