unit,year,month,coal,gas,oil,nuclear,hydro,wind,solar,other,fossil,low.carbon,total.prod,coal.perc,gas.perc,oil.perc,nuclear.perc,hydro.perc,wind.perc,solar.perc,other.perc,fossil.perc,low.carbon.perc
Gwh,2022,1,0.0,199.392,0.0,0.0,12809.834021,1002.50725,0.0,59.623,199.392,13871.964270999999,14071.356271,0.0,0.014170062654936241,0.0,0.0,0.9103482119488437,0.07124453611242092,0.0,0.004237189283799066,0.014170062654936241,0.9858299373450636
Gwh,2022,2,0.0,180.096,0.0,0.0,11192.285979,893.279727,0.0,54.46,180.096,12140.025706,12320.121706,0.0,0.014618037410482055,0.0,0.0,0.908455796629774,0.07250575508235162,0.0,0.00442041087739235,0.014618037410482055,0.9853819625895179
Gwh,2022,3,0.0,199.392,0.0,0.0,13012.8225,927.836773,0.0,59.0855,199.392,13999.744773,14199.136773,0.0,0.014042543795982632,0.0,0.0,0.9164516623816312,0.06534459015595258,0.0,0.004161203666433617,0.014042543795982632,0.9859574562040174
Gwh,2022,4,0.0,186.528,0.0,0.0,9699.830566,704.0665,0.0,60.577,186.528,10464.474065999999,10651.002066,0.0,0.017512718413174703,0.0,0.0,0.9106965246926093,0.06610331080936625,0.0,0.00568744608484991,0.017512718413174703,0.9824872815868253
