unit,year,month,coal,gas,oil,nuclear,hydro,wind,solar,other,fossil,low.carbon,total.prod,coal.perc,gas.perc,oil.perc,nuclear.perc,hydro.perc,wind.perc,solar.perc,other.perc,fossil.perc,low.carbon.perc
Gwh,2022,1,0.0,146.37688200000002,0.0,0.0,12846.712717,1025.85075,0.0,59.623,146.37688200000002,13932.186467,14078.563349,0.0,0.010397146240805684,0.0,0.0,0.9125016806428976,0.07286615292837151,0.0,0.004235020187925284,0.010397146240805684,0.9896028537591943
Gwh,2022,2,0.0,132.242399,0.0,0.0,11209.358783,936.136727,0.0,54.46,132.242399,12199.95551,12332.197909,0.0,0.010723343882073926,0.0,0.0,0.9089506076463015,0.07590996624509327,0.0,0.00441608222653119,0.010723343882073926,0.989276656117926
Gwh,2022,3,0.0,146.445579,0.0,0.0,13024.1045,960.398273,0.0,59.0855,146.445579,14043.588273,14190.033852,0.0,0.01032031216608827,0.0,0.0,0.9178346320973949,0.06768118265374241,0.0,0.004163873082774376,0.01032031216608827,0.9896796878339117
Gwh,2022,4,0.0,141.75589000000002,0.0,0.0,10033.1315,746.9785,0.0,62.902,141.75589000000002,10843.012,10984.767890000001,0.0,0.012904768805269676,0.0,0.0,0.9133676378481947,0.06800130029875397,0.0,0.005726293047781458,0.012904768805269676,0.9870952311947303
Gwh,2022,5,0.0,146.5166,0.0,0.0,8784.516,884.3405,0.0,63.101,146.5166,9731.9575,9878.4741,0.0,0.014831906073428894,0.0,0.0,0.8892583926499337,0.0895219738441183,0.0,0.006387727432519159,0.014831906073428894,0.9851680939265712
Gwh,2022,6,0.0,141.820095,0.0,0.0,9292.394,665.982,0.0,50.4055,141.820095,10008.7815,10150.601595,0.0,0.01397159505007644,0.0,0.0,0.9154525387517192,0.06561010140798458,0.0,0.004965764790219806,0.01397159505007644,0.9860284049499235
Gwh,2022,7,0.0,100.837,0.0,0.0,5839.532,582.072,0.0,38.121,100.837,6459.725,6560.562,0.0,0.015370177128117989,0.0,0.0,0.8900963057738042,0.0887228868502424,0.0,0.005810630247835476,0.015370177128117989,0.984629822871882
