unit,year,month,coal,gas,oil,nuclear,hydro,wind,solar,other,fossil,low.carbon,total.prod,coal.perc,gas.perc,oil.perc,nuclear.perc,hydro.perc,wind.perc,solar.perc,other.perc,fossil.perc,low.carbon.perc
Gwh,2022,1,0.0,161.24478200000001,0.0,0.0,12829.122583,1021.42875,0.0,59.623,161.24478200000001,13910.174333,14071.419115,0.0,0.011459027741424786,0.0,0.0,0.9117149079387648,0.07258889395961254,0.0,0.004237170360197888,0.011459027741424786,0.9885409722585752
Gwh,2022,2,0.0,143.50009599999998,0.0,0.0,11201.681417,935.664227,0.0,54.46,143.50009599999998,12191.805644,12335.30574,0.0,0.011633282467792322,0.0,0.0,0.9080992115725216,0.07585253634742903,0.0,0.004414969612257053,0.011633282467792322,0.9883667175322077
Gwh,2022,3,0.0,156.505458,0.0,0.0,13022.101,949.826273,0.0,59.0855,156.505458,14031.012773,14187.518231,0.0,0.011031207534100826,0.0,0.0,0.9178561597578397,0.0669480213195153,0.0,0.004164611388544125,0.011031207534100826,0.9889687924658992
Gwh,2022,4,0.0,149.08593,0.0,0.0,10028.046,745.325,0.0,62.902,149.08593,10836.273,10985.35893,0.0,0.013571329890083072,0.0,0.0,0.9128555620166705,0.06784712313446457,0.0,0.005725984958781861,0.013571329890083072,0.9864286701099169
Gwh,2022,5,0.0,151.60547599999998,0.0,0.0,8784.158,877.5555,0.0,63.101,151.60547599999998,9724.8145,9876.419976,0.0,0.015350245976619655,0.0,0.0,0.8894070950147696,0.08885360303961219,0.0,0.0063890559689986194,0.015350245976619655,0.9846497540233805
Gwh,2022,6,0.0,144.45823800000002,0.0,0.0,9292.394,660.9385,0.0,50.4055,144.45823800000002,10003.738,10148.196238,0.0,0.014234868405389622,0.0,0.0,0.9156695221565146,0.06512866764687802,0.0,0.004966941791217656,0.014234868405389622,0.9857651315946103
Gwh,2022,7,0.0,4.8325,0.0,0.0,333.486,22.997,0.0,1.312,4.8325,357.795,362.6275,0.0,0.013326347284748121,0.0,0.0,0.9196379204555639,0.06341769446608435,0.0,0.003618037793603629,0.013326347284748121,0.986673652715252
