unit,year,month,coal,gas,oil,nuclear,hydro,wind,solar,other,fossil,low.carbon,total.prod,coal.perc,gas.perc,oil.perc,nuclear.perc,hydro.perc,wind.perc,solar.perc,other.perc,fossil.perc,low.carbon.perc
Gwh,2022,1,0.0,161.24478200000001,0.0,0.0,12829.726083000001,1021.42875,0.0,59.623,161.24478200000001,13910.777833,14072.022615,0.0,0.011458536303666963,0.0,0.0,0.9117186941786336,0.07258578087496913,0.0,0.0042369886427303756,0.011458536303666963,0.988541463696333
Gwh,2022,2,0.0,143.50009599999998,0.0,0.0,11201.930917,935.664227,0.0,54.46,143.50009599999998,12192.055144,12335.55524,0.0,0.011633047172021743,0.0,0.0,0.9081010703657633,0.07585100214751257,0.0,0.004414880314702397,0.011633047172021743,0.9883669528279783
Gwh,2022,3,0.0,156.505458,0.0,0.0,13022.231,949.826273,0.0,59.0855,156.505458,14031.142773,14187.648231000001,0.0,0.011031106456250847,0.0,0.0,0.917856912433622,0.06694740788150007,0.0,0.004164573228627013,0.011031106456250847,0.9889688935437491
Gwh,2022,4,0.0,149.08593,0.0,0.0,10032.3785,745.325,0.0,62.902,149.08593,10840.6055,10989.691429999999,0.0,0.01356597962277818,0.0,0.0,0.9128899172376491,0.06782037555352909,0.0,0.005723727586043789,0.01356597962277818,0.9864340203772218
Gwh,2022,5,0.0,151.60547599999998,0.0,0.0,8784.173,877.5555,0.0,63.101,151.60547599999998,9724.8295,9876.434976,0.0,0.015350222663178092,0.0,0.0,0.8894072629795847,0.0888534680917237,0.0,0.0063890462655135285,0.015350222663178092,0.9846497773368218
Gwh,2022,6,0.0,144.45823800000002,0.0,0.0,9292.394,660.9385,0.0,50.4055,144.45823800000002,10003.738,10148.196238,0.0,0.014234868405389622,0.0,0.0,0.9156695221565146,0.06512866764687802,0.0,0.004966941791217656,0.014234868405389622,0.9857651315946103
Gwh,2022,7,0.0,14.431,0.0,0.0,815.57,82.996,0.0,4.52,14.431,903.086,917.517,0.0,0.015728318930330443,0.0,0.0,0.888888162290181,0.09045717953999761,0.0,0.00492633923949093,0.015728318930330443,0.9842716810696696
