unit,year,month,coal,gas,oil,nuclear,hydro,wind,solar,other,fossil,low.carbon,total.prod,coal.perc,gas.perc,oil.perc,nuclear.perc,hydro.perc,wind.perc,solar.perc,other.perc,fossil.perc,low.carbon.perc
Gwh,2022,1,0.0,199.392,0.0,0.0,12821.817083,1006.22225,0.0,59.623,199.392,13887.662333,14087.054333,0.0,0.014154272091711112,0.0,0.0,0.9101843990878856,0.0714288612945041,0.0,0.0042324675258991916,0.014154272091711112,0.985845727908289
Gwh,2022,2,0.0,180.096,0.0,0.0,11200.988916999999,930.692727,0.0,54.46,180.096,12186.141644,12366.237643999999,0.0,0.014563524103661485,0.0,0.0,0.9057717665998947,0.07526078293114194,0.0,0.004403926365301864,0.014563524103661485,0.9854364758963385
Gwh,2022,3,0.0,199.392,0.0,0.0,13021.565,949.716273,0.0,59.0855,199.392,14030.366773,14229.758773,0.0,0.014012324676812706,0.0,0.0,0.9150938682606156,0.06674155817750207,0.0,0.004152248885069698,0.014012324676812706,0.9859876753231873
Gwh,2022,4,0.0,192.96,0.0,0.0,10024.016,744.055,0.0,62.902,192.96,10830.973,11023.933,0.0,0.01750373482857706,0.0,0.0,0.9092958021424838,0.06749451398153453,0.0,0.005705949047404406,0.01750373482857706,0.9824962651714229
Gwh,2022,5,0.0,199.392,0.0,0.0,8784.147,867.4625,0.0,63.101,199.392,9714.7105,9914.1025,0.0,0.02011195667989109,0.0,0.0,0.8860254369974488,0.08749783452410341,0.0,0.006364771798556651,0.02011195667989109,0.9798880433201087
Gwh,2022,6,0.0,109.344,0.0,0.0,5087.026,375.3755,0.0,27.2915,109.344,5489.693,5599.037,0.0,0.01952907258873267,0.0,0.0,0.9085537387947248,0.06704286826466765,0.0,0.0048743203518747955,0.01952907258873267,0.9804709274112673
