unit,year,month,coal,gas,oil,nuclear,hydro,wind,solar,other,fossil,low.carbon,total.prod,coal.perc,gas.perc,oil.perc,nuclear.perc,hydro.perc,wind.perc,solar.perc,other.perc,fossil.perc,low.carbon.perc
Gwh,2022,1,0.0,199.392,0.0,0.0,12812.780555,1002.50725,0.0,59.623,199.392,13874.910805,14074.302805,0.0,0.01416709607307614,0.0,0.0,0.9103669810520323,0.07122962067036472,0.0,0.0042363022045268555,0.01416709607307614,0.9858329039269239
Gwh,2022,2,0.0,180.096,0.0,0.0,11194.163945,893.279727,0.0,54.46,180.096,12141.903672,12321.999672,0.0,0.01461580951095484,0.0,0.0,0.9084697486591525,0.07249470465657061,0.0,0.004419737173322009,0.01461580951095484,0.9853841904890452
Gwh,2022,3,0.0,199.392,0.0,0.0,13013.463,927.836773,0.0,59.0855,199.392,14000.385273,14199.777273,0.0,0.01404191038820951,0.0,0.0,0.9164554309414625,0.06534164270056717,0.0,0.004161015969760838,0.01404191038820951,0.9859580896117905
Gwh,2022,4,0.0,192.96,0.0,0.0,10020.7545,733.8475,0.0,62.905,192.96,10817.507,11010.467,0.0,0.017525142212405705,0.0,0.0,0.9101116691962292,0.0666499885972139,0.0,0.00571319999415102,0.017525142212405705,0.9824748577875942
