unit,year,month,coal,gas,oil,nuclear,hydro,wind,solar,other,fossil,low.carbon,total.prod,coal.perc,gas.perc,oil.perc,nuclear.perc,hydro.perc,wind.perc,solar.perc,other.perc,fossil.perc,low.carbon.perc
Gwh,2022,1,0.0,199.392,0.0,0.0,12821.336583,1006.22225,0.0,59.623,199.392,13887.181833,14086.573833,0.0,0.014154754900932197,0.0,0.0,0.9101813354333199,0.07143129776828822,0.0,0.004232611897459679,0.014154754900932197,0.9858452450990678
Gwh,2022,2,0.0,180.096,0.0,0.0,11198.691917,923.350727,0.0,54.46,180.096,12176.502644,12356.598644,0.0,0.014574884657878673,0.0,0.0,0.9062924385294132,0.07472531508080922,0.0,0.004407361731898945,0.014574884657878673,0.9854251153421214
Gwh,2022,3,0.0,199.392,0.0,0.0,13018.1265,949.639773,0.0,59.0855,199.392,14026.851773,14226.243773,0.0,0.014015786821987841,0.0,0.0,0.9150782671605215,0.06675267120069474,0.0,0.004153274816795873,0.014015786821987841,0.9859842131780122
Gwh,2022,4,0.0,192.96,0.0,0.0,10023.87,741.9585,0.0,62.902,192.96,10828.7305,11021.6905,0.0,0.017507296181107607,0.0,0.0,0.9094675630748296,0.06731803075036447,0.0,0.005707109993698335,0.017507296181107607,0.9824927038188923
Gwh,2022,5,0.0,199.392,0.0,0.0,8775.155,864.8355,0.0,63.101,199.392,9703.0915,9902.4835,0.0,0.020135554883782436,0.0,0.0,0.8861569928392207,0.08733521242423681,0.0,0.006372239852760168,0.020135554883782436,0.9798644451162176
