unit,year,month,coal,gas,oil,nuclear,hydro,wind,solar,other,fossil,low.carbon,total.prod,coal.perc,gas.perc,oil.perc,nuclear.perc,hydro.perc,wind.perc,solar.perc,other.perc,fossil.perc,low.carbon.perc
Gwh,2022,1,0.0,161.24478200000001,0.0,0.0,12829.726083000001,1021.42875,0.0,59.623,161.24478200000001,13910.777833,14072.022615,0.0,0.011458536303666963,0.0,0.0,0.9117186941786336,0.07258578087496913,0.0,0.0042369886427303756,0.011458536303666963,0.988541463696333
Gwh,2022,2,0.0,143.50009599999998,0.0,0.0,11201.930917,935.664227,0.0,54.46,143.50009599999998,12192.055144,12335.55524,0.0,0.011633047172021743,0.0,0.0,0.9081010703657633,0.07585100214751257,0.0,0.004414880314702397,0.011633047172021743,0.9883669528279783
Gwh,2022,3,0.0,156.505458,0.0,0.0,13022.231,949.826273,0.0,59.0855,156.505458,14031.142773,14187.648231000001,0.0,0.011031106456250847,0.0,0.0,0.917856912433622,0.06694740788150007,0.0,0.004164573228627013,0.011031106456250847,0.9889688935437491
Gwh,2022,4,0.0,149.08593,0.0,0.0,10032.3785,745.8985,0.0,62.902,149.08593,10841.179,10990.26493,0.0,0.013565271715428975,0.0,0.0,0.912842280317987,0.06786901905921572,0.0,0.005723428907368478,0.013565271715428975,0.9864347282845711
Gwh,2022,5,0.0,151.60547599999998,0.0,0.0,8784.173,883.8675,0.0,63.101,151.60547599999998,9731.1415,9882.746976,0.0,0.015340418647585537,0.0,0.0,0.8888392085046942,0.08943540719462409,0.0,0.006384965653096166,0.015340418647585537,0.9846595813524144
Gwh,2022,6,0.0,144.45823800000002,0.0,0.0,9292.394,662.2925,0.0,50.4055,144.45823800000002,10005.092,10149.550238,0.0,0.014232969403821185,0.0,0.0,0.9155473673315296,0.06525338408793441,0.0,0.0049662791767147866,0.014232969403821185,0.9857670305961789
Gwh,2022,7,0.0,19.499,0.0,0.0,1110.005,101.639,0.0,6.522,19.499,1218.166,1237.665,0.0,0.015754667054493743,0.0,0.0,0.8968541568194949,0.08212157570909737,0.0,0.005269600416914108,0.015754667054493743,0.9842453329455062
