unit,year,month,coal,gas,oil,nuclear,hydro,wind,solar,other,fossil,low.carbon,total.prod,coal.perc,gas.perc,oil.perc,nuclear.perc,hydro.perc,wind.perc,solar.perc,other.perc,fossil.perc,low.carbon.perc
Gwh,2022,1,0.0,146.37688200000002,0.0,0.0,12836.427455000001,1021.42875,0.0,59.623,146.37688200000002,13917.479205,14063.856087,0.0,0.010408019045025942,0.0,0.0,0.9127246023845068,0.07262792961484889,0.0,0.004239448955618426,0.010408019045025942,0.989591980954974
Gwh,2022,2,0.0,132.242399,0.0,0.0,11206.647045,935.853227,0.0,54.46,132.242399,12196.960272,12329.202671000001,0.0,0.010725948995148933,0.0,0.0,0.9089514824311868,0.07590541351074201,0.0,0.004417155062922073,0.010725948995148933,0.989274051004851
Gwh,2022,3,0.0,146.445579,0.0,0.0,13022.967,959.118773,0.0,59.0855,146.445579,14041.171273,14187.616852,0.0,0.010322070332718062,0.0,0.0,0.9179108186985032,0.06760252852929244,0.0,0.004164582439486364,0.010322070332718062,0.989677929667282
Gwh,2022,4,0.0,141.75589000000002,0.0,0.0,10033.0875,746.668,0.0,62.902,141.75589000000002,10842.6575,10984.41339,0.0,0.012905185280904657,0.0,0.0,0.9133931092882877,0.06797522757835683,0.0,0.00572647785245089,0.012905185280904657,0.9870948147190953
Gwh,2022,5,0.0,146.5166,0.0,0.0,8784.259,884.0305,0.0,63.101,146.5166,9731.3905,9877.9071,0.0,0.014832757437048583,0.0,0.0,0.8892834191566754,0.08949572931294322,0.0,0.006388094093332786,0.014832757437048583,0.9851672425629513
Gwh,2022,6,0.0,141.824595,0.0,0.0,9292.394,665.2725,0.0,50.4055,141.824595,10008.072,10149.896595,0.0,0.013973008855071984,0.0,0.0,0.9155161250192028,0.06554475641926479,0.0,0.004966109706460512,0.013973008855071984,0.986026991144928
Gwh,2022,7,0.0,53.4155,0.0,0.0,2985.567,300.9945,0.0,19.337,53.4155,3305.8985,3359.314,0.0,0.015900716634408098,0.0,0.0,0.8887430588507059,0.08959998975981406,0.0,0.005756234755072018,0.015900716634408098,0.9840992833655919
