unit,year,month,coal,oil,gas,nuclear,hydro,wind,solar,other,fossil,low.carbon,total.prod,coal.perc,oil.perc,gas.perc,nuclear.perc,hydro.perc,wind.perc,solar.perc,other.perc,fossil.perc,low.carbon.perc
Gwh,2022,1,0.0,0.0,199.392,0.0,12807.518375,1001.45725,0.0,59.539,199.392,13868.514625,14067.906625,0.0,0.0,0.014173537351012948,0.0,0.9104068370940015,0.07118736829119379,0.0,0.004232257263791727,0.014173537351012948,0.9858264626489871
Gwh,2022,2,0.0,0.0,180.096,0.0,11192.145125,876.162014,0.0,54.4055,180.096,12122.712639000001,12302.808639,0.0,0.0,0.014638608571793457,0.0,0.9097227676549248,0.07121642217717339,0.0,0.004422201596108236,0.014638608571793457,0.9853613914282066
Gwh,2022,3,0.0,0.0,199.392,0.0,13012.8015,923.619486,0.0,59.0645,199.392,13995.485486,14194.877486,0.0,0.0,0.01404675737403543,0.0,0.916725171656758,0.0650670981071122,0.0,0.004160972862094345,0.01404675737403543,0.9859532426259646
Gwh,2022,4,0.0,0.0,135.072,0.0,7130.029,506.201,0.0,44.199,135.072,7680.429,7815.501,0.0,0.0,0.017282577278155298,0.0,0.912293274609011,0.06476884847177423,0.0,0.005655299641059479,0.017282577278155298,0.9827174227218447
