unit,year,month,coal,gas,oil,nuclear,hydro,wind,solar,other,fossil,low.carbon,total.prod,coal.perc,gas.perc,oil.perc,nuclear.perc,hydro.perc,wind.perc,solar.perc,other.perc,fossil.perc,low.carbon.perc
Gwh,2022,1,0.0,199.392,0.0,0.0,12817.419083,1006.22225,0.0,59.623,199.392,13883.264333000001,14082.656333,0.0,0.014158692457243533,0.0,0.0,0.9101563497622845,0.07145116845904359,0.0,0.004233789321428298,0.014158692457243533,0.9858413075427565
Gwh,2022,2,0.0,180.096,0.0,0.0,11197.779917,920.8407269999999,0.0,54.46,180.096,12173.080644,12353.176644,0.0,0.014578922101585389,0.0,0.0,0.906469666847905,0.07454282841873365,0.0,0.0044085826317760545,0.014578922101585389,0.9854210778984146
Gwh,2022,3,0.0,199.392,0.0,0.0,13017.14,949.4157730000001,0.0,59.0855,199.392,14025.641273,14225.033273000001,0.0,0.014016979515855224,0.0,0.0,0.915086787509126,0.06674260472923113,0.0,0.004153628245787513,0.014016979515855224,0.9859830204841447
Gwh,2022,4,0.0,192.96,0.0,0.0,10023.609,734.795,0.0,62.902,192.96,10821.306,11014.266,0.0,0.017519097504999425,0.0,0.0,0.9100569207244497,0.06671302472629588,0.0,0.005710957044255151,0.017519097504999425,0.9824809024950006
Gwh,2022,5,0.0,122.208,0.0,0.0,5509.255,561.591,0.0,39.978,122.208,6110.824,6233.032,0.0,0.019606509320022742,0.0,0.0,0.8838804292998977,0.09009916843038829,0.0,0.006413892949691258,0.019606509320022742,0.9803934906799772
