unit,year,month,coal,gas,oil,nuclear,hydro,wind,solar,other,fossil,low.carbon,total.prod,coal.perc,gas.perc,oil.perc,nuclear.perc,hydro.perc,wind.perc,solar.perc,other.perc,fossil.perc,low.carbon.perc
Gwh,2022,1,0.0,199.392,0.0,0.0,12821.379583,1006.22225,0.0,59.623,199.392,13887.224833,14086.616833,0.0,0.014154711692937832,0.0,0.0,0.9101816096086327,0.07143107972119853,0.0,0.0042325989772309435,0.014154711692937832,0.9858452883070622
Gwh,2022,2,0.0,180.096,0.0,0.0,11199.138417,923.4887269999999,0.0,54.46,180.096,12177.087144,12357.183143999999,0.0,0.014574195259657148,0.0,0.0,0.9062857033431373,0.07473294813538453,0.0,0.004407153261821075,0.014574195259657148,0.9854258047403429
Gwh,2022,3,0.0,199.392,0.0,0.0,13018.5195,949.716273,0.0,59.0855,199.392,14027.321273,14226.713273,0.0,0.014015324282834444,0.0,0.0,0.9150756924796569,0.06675584548417152,0.0,0.0041531377533372184,0.014015324282834444,0.9859846757171655
Gwh,2022,4,0.0,192.96,0.0,0.0,10023.87,743.948,0.0,62.902,192.96,10830.72,11023.68,0.0,0.01750413654968214,0.0,0.0,0.909303426804842,0.06748635664315364,0.0,0.005706080002322273,0.01750413654968214,0.9824958634503178
Gwh,2022,5,0.0,199.392,0.0,0.0,8783.943,866.5935,0.0,63.101,199.392,9713.6375,9913.0295,0.0,0.020114133625850704,0.0,0.0,0.8861007626376981,0.08741964300620712,0.0,0.006365460730243968,0.020114133625850704,0.9798858663741493
Gwh,2022,6,0.0,45.024,0.0,0.0,2036.912,159.128,0.0,12.6425,45.024,2208.6825,2253.7065,0.0,0.01997775664222471,0.0,0.0,0.9038053535364965,0.07060724189241145,0.0,0.005609647928867402,0.01997775664222471,0.9800222433577753
