unit,year,month,coal,gas,oil,nuclear,hydro,wind,solar,other,fossil,low.carbon,total.prod,coal.perc,gas.perc,oil.perc,nuclear.perc,hydro.perc,wind.perc,solar.perc,other.perc,fossil.perc,low.carbon.perc
Gwh,2022,1,0.0,141.95332399999998,0.0,0.0,12849.265424000001,1034.38775,0.0,59.623,141.95332399999998,13943.276174,14085.229497999999,0.0,0.010078169050788724,0.0,0.0,0.9122510517719646,0.07343776330707823,0.0,0.004233015870168536,0.010078169050788724,0.9899218309492114
Gwh,2022,2,0.0,127.998712,0.0,0.0,11210.552076,939.766727,0.0,54.46,127.998712,12204.778803,12332.777514999998,0.0,0.010378741677964992,0.0,0.0,0.909004647360656,0.07620073627834355,0.0,0.0044158746830356655,0.010378741677964992,0.9896212583220351
Gwh,2022,3,0.0,141.472393,0.0,0.0,13025.0785,972.413773,0.0,59.0855,141.472393,14056.577773,14198.050165999999,0.0,0.009964212785976997,0.0,0.0,0.9173850174998741,0.06848924758194153,0.0,0.004161522132207404,0.009964212785976997,0.9900357872140231
Gwh,2022,4,0.0,136.668178,0.0,0.0,10036.002,747.2145,0.0,62.902,136.668178,10846.1185,10982.786677999999,0.0,0.012443852549168126,0.0,0.0,0.9137937660305708,0.06803505539234149,0.0,0.00572732602791978,0.012443852549168126,0.9875561474508321
Gwh,2022,5,0.0,140.975167,0.0,0.0,8787.973267000001,887.297,0.0,63.101,140.975167,9738.371267,9879.346434000001,0.0,0.014269685544666262,0.0,0.0,0.8895298211991014,0.089813329852099,0.0,0.006387163404133338,0.014269685544666262,0.9857303144553337
Gwh,2022,6,0.0,136.378254,0.0,0.0,9305.128364,667.3935,0.0,50.4055,136.378254,10022.927364,10159.305618,0.0,0.01342397395333481,0.0,0.0,0.9159216893242594,0.06569282636970081,0.0,0.004961510352704895,0.01342397395333481,0.9865760260466651
Gwh,2022,7,0.0,146.908,0.0,0.0,8914.749369000001,814.125,0.0,55.788,146.908,9784.662369000001,9931.570369000001,0.0,0.014792021255626666,0.0,0.0,0.8976172989546685,0.08197344123354114,0.0,0.0056172385561637245,0.014792021255626666,0.9852079787443734
