unit,year,month,coal,gas,oil,nuclear,hydro,wind,solar,other,fossil,low.carbon,total.prod,coal.perc,gas.perc,oil.perc,nuclear.perc,hydro.perc,wind.perc,solar.perc,other.perc,fossil.perc,low.carbon.perc
Gwh,2022,1,0.0,199.392,0.0,0.0,12820.327083,1006.22225,0.0,59.623,199.392,13886.172333,14085.564333,0.0,0.014155769359759311,0.0,0.0,0.9101748982086737,0.07143641718653744,0.0,0.004232915245029537,0.014155769359759311,0.9858442306402407
Gwh,2022,2,0.0,180.096,0.0,0.0,11198.298417,920.9592269999999,0.0,54.46,180.096,12173.717644,12353.813644,0.0,0.01457817036826268,0.0,0.0,0.9064648973751348,0.0745485769446823,0.0,0.004408355311920229,0.01457817036826268,0.9854218296317374
Gwh,2022,3,0.0,199.392,0.0,0.0,13017.6695,949.639773,0.0,59.0855,199.392,14026.394773,14225.786773,0.0,0.014016237075789608,0.0,0.0,0.915075539070151,0.06675481561430262,0.0,0.004153408239756695,0.014016237075789608,0.9859837629242104
Gwh,2022,4,0.0,192.96,0.0,0.0,10023.7355,741.9585,0.0,62.902,192.96,10828.596,11021.556,0.0,0.017507509828920707,0.0,0.0,0.9094664582750385,0.06731885225643275,0.0,0.0057071796396080555,0.017507509828920707,0.9824924901710792
Gwh,2022,5,0.0,180.096,0.0,0.0,7764.5215,795.149046,0.0,57.77,180.096,8617.440546,8797.536546,0.0,0.020471185207168563,0.0,0.0,0.8825790560120284,0.09038314780988692,0.0,0.006566610970916222,0.020471185207168563,0.9795288147928315
