unit,year,month,coal,oil,gas,nuclear,hydro,wind,solar,other,fossil,low.carbon,total.prod,coal.perc,oil.perc,gas.perc,nuclear.perc,hydro.perc,wind.perc,solar.perc,other.perc,fossil.perc,low.carbon.perc,biomass
Gwh,2022,1,0.0,0.0,199.392,0.0,12807.518375,1001.45725,0.0,59.539,199.392,13868.514625,14067.906625,0.0,0.0,0.014173537351012948,0.0,0.9104068370940015,0.07118736829119379,0.0,0.004232257263791727,0.014173537351012948,0.9858264626489871,0.0
Gwh,2022,2,0.0,0.0,180.096,0.0,11192.145125,876.051014,0.0,54.4055,180.096,12122.601639,12302.697639,0.0,0.0,0.014638740647342996,0.0,0.9097309755480368,0.07120804230958959,0.0,0.004422241495030536,0.014638740647342996,0.9853612593526571,0.0
Gwh,2022,3,0.0,0.0,199.392,0.0,13012.8015,919.905986,0.0,59.0645,199.392,13991.771986,14191.163986,0.0,0.0,0.014050433086158828,0.0,0.9169650574707974,0.06482244775041104,0.0,0.0041620616926327444,0.014050433086158828,0.9859495669138412,0.0
Gwh,2022,4,0.0,0.0,128.64,0.0,6796.727,490.186,0.0,42.37,128.64,7329.283,7457.923,0.0,0.0,0.017248770200496838,0.0,0.91134314473346,0.06572687864972593,0.0,0.005681206416317251,0.017248770200496838,0.9827512297995032,0.0
