unit,year,month,coal,gas,oil,nuclear,hydro,wind,solar,other,fossil,low.carbon,total.prod,coal.perc,gas.perc,oil.perc,nuclear.perc,hydro.perc,wind.perc,solar.perc,other.perc,fossil.perc,low.carbon.perc
Gwh,2022,1,0.0,199.392,0.0,0.0,12815.247019999999,1006.22225,0.0,59.623,199.392,13881.09227,14080.484269999999,0.0,0.014160876584680139,0.0,0.0,0.9101424904329658,0.07146219055433099,0.0,0.00423444242802311,0.014160876584680139,0.9858391234153199
Gwh,2022,2,0.0,180.096,0.0,0.0,11196.04398,920.8407269999999,0.0,54.46,180.096,12171.344707,12351.440707,0.0,0.014580971100637127,0.0,0.0,0.9064565215987156,0.07455330506328114,0.0,0.004409202237366171,0.014580971100637127,0.985419028899363
Gwh,2022,3,0.0,199.392,0.0,0.0,13014.153,949.4157730000001,0.0,59.0855,199.392,14022.654273,14222.046273,0.0,0.014019923446497141,0.0,0.0,0.9150689535237178,0.06675662241392287,0.0,0.004154500615862256,0.014019923446497141,0.9859800765535028
Gwh,2022,4,0.0,192.96,0.0,0.0,10023.5965,734.795,0.0,62.902,192.96,10821.2935,11014.2535,0.0,0.017519117387301827,0.0,0.0,0.9100568186486718,0.0667131004384455,0.0,0.005710963525580739,0.017519117387301827,0.9824808826126981
Gwh,2022,5,0.0,83.616,0.0,0.0,3772.5965,397.729,0.0,28.171,83.616,4198.4965,4282.1125,0.0,0.01952681065712309,0.0,0.0,0.8810129346204706,0.09288149248764482,0.0,0.006578762234761464,0.01952681065712309,0.9804731893428769
