unit,year,month,coal,gas,oil,nuclear,hydro,wind,solar,other,fossil,low.carbon,total.prod,coal.perc,gas.perc,oil.perc,nuclear.perc,hydro.perc,wind.perc,solar.perc,other.perc,fossil.perc,low.carbon.perc
Gwh,2022,1,0.0,199.392,0.0,0.0,12820.327083,1006.22225,0.0,59.623,199.392,13886.172333,14085.564333,0.0,0.014155769359759311,0.0,0.0,0.9101748982086737,0.07143641718653744,0.0,0.004232915245029537,0.014155769359759311,0.9858442306402407
Gwh,2022,2,0.0,180.096,0.0,0.0,11198.298417,920.8407269999999,0.0,54.46,180.096,12173.599144,12353.695144,0.0,0.014578310206033365,0.0,0.0,0.9064735924326934,0.07453969976321119,0.0,0.004408397598062017,0.014578310206033365,0.9854216897939667
Gwh,2022,3,0.0,199.392,0.0,0.0,13017.6695,949.576773,0.0,59.0855,199.392,14026.331773,14225.723773,0.0,0.014016299148057415,0.0,0.0,0.9150795915710911,0.06675068264732291,0.0,0.004153426633528659,0.014016299148057415,0.9859837008519426
Gwh,2022,4,0.0,192.96,0.0,0.0,10023.7355,741.9585,0.0,62.902,192.96,10828.596,11021.556,0.0,0.017507509828920707,0.0,0.0,0.9094664582750385,0.06731885225643275,0.0,0.0057071796396080555,0.017507509828920707,0.9824924901710792
Gwh,2022,5,0.0,160.8,0.0,0.0,7161.3305,697.036,0.0,51.81,160.8,7910.1765,8070.9765,0.0,0.019923239771544376,0.0,0.0,0.8872941830520755,0.08636327958580972,0.0,0.006419297590570361,0.019923239771544376,0.9800767602284556
