unit,year,month,coal,gas,oil,nuclear,hydro,wind,solar,other,fossil,low.carbon,total.prod,coal.perc,gas.perc,oil.perc,nuclear.perc,hydro.perc,wind.perc,solar.perc,other.perc,fossil.perc,low.carbon.perc
Gwh,2022,1,0.0,199.392,0.0,0.0,12821.336583,1006.22225,0.0,59.623,199.392,13887.181833,14086.573833,0.0,0.014154754900932197,0.0,0.0,0.9101813354333199,0.07143129776828822,0.0,0.004232611897459679,0.014154754900932197,0.9858452450990678
Gwh,2022,2,0.0,180.096,0.0,0.0,11198.691917,923.4887269999999,0.0,54.46,180.096,12176.640644,12356.736643999999,0.0,0.014574721885607909,0.0,0.0,0.9062823170580151,0.07473564854588156,0.0,0.00440731251049555,0.014574721885607909,0.9854252781143922
Gwh,2022,3,0.0,199.392,0.0,0.0,13018.1265,949.716273,0.0,59.0855,199.392,14026.928273,14226.320273,0.0,0.014015711454101326,0.0,0.0,0.915073346458183,0.06675768960456048,0.0,0.004153252483155312,0.014015711454101326,0.9859842885458987
Gwh,2022,4,0.0,192.96,0.0,0.0,10023.87,743.948,0.0,62.902,192.96,10830.72,11023.68,0.0,0.01750413654968214,0.0,0.0,0.909303426804842,0.06748635664315364,0.0,0.005706080002322273,0.01750413654968214,0.9824958634503178
Gwh,2022,5,0.0,199.392,0.0,0.0,8775.155,866.5935,0.0,63.101,199.392,9704.8495,9904.2415,0.0,0.020131980828617717,0.0,0.0,0.8859997002294422,0.08749721015990977,0.0,0.006371108782030406,0.020131980828617717,0.9798680191713823
Gwh,2022,6,0.0,32.16,0.0,0.0,1504.714,120.29,0.0,9.0335,32.16,1634.0375,1666.1975,0.0,0.019301433353489005,0.0,0.0,0.9030826177568986,0.07219432270184058,0.0,0.005421626187771858,0.019301433353489005,0.9806985666465109
