unit,year,month,coal,oil,gas,nuclear,hydro,wind,solar,other,fossil,low.carbon,total.prod,coal.perc,oil.perc,gas.perc,nuclear.perc,hydro.perc,wind.perc,solar.perc,other.perc,fossil.perc,low.carbon.perc
Gwh,2022,1,0.0,0.0,199.392,0.0,12785.474849,1001.45725,0.0,59.539,199.392,13846.471099,14045.863099,0.0,0.0,0.0141957812485155,0.0,0.910266229912939,0.07129908948573613,0.0,0.004238899352809362,0.0141957812485155,0.9858042187514845
Gwh,2022,2,0.0,0.0,180.096,0.0,11183.903151,869.099014,0.0,54.4055,180.096,12107.407665,12287.503665,0.0,0.0,0.014656842016901242,0.0,0.9101851324656349,0.07073031574961487,0.0,0.004427709767848928,0.014656842016901242,0.9853431579830988
Gwh,2022,3,0.0,0.0,199.392,0.0,13008.6985,912.765486,0.0,59.0645,199.392,13980.528486,14179.920485999999,0.0,0.0,0.014061573913398318,0.0,0.9174027818310857,0.06437028239341568,0.0,0.00416536186210036,0.014061573913398318,0.9859384260866016
Gwh,2022,4,0.0,0.0,12.864,0.0,747.1035,43.285,0.0,4.257,12.864,794.6455,807.5095,0.0,0.0,0.015930462737590086,0.0,0.9251946881120284,0.05360308454575457,0.0,0.005271764604626942,0.015930462737590086,0.9840695372624099
