unit,year,month,coal,gas,oil,nuclear,hydro,wind,solar,other,fossil,low.carbon,total.prod,coal.perc,gas.perc,oil.perc,nuclear.perc,hydro.perc,wind.perc,solar.perc,other.perc,fossil.perc,low.carbon.perc
Gwh,2022,1,0.0,199.392,0.0,0.0,12815.247019999999,1002.58175,0.0,59.623,199.392,13877.45177,14076.84377,0.0,0.014164538816928278,0.0,0.0,0.9103778680353998,0.07122205562419197,0.0,0.004235537523479952,0.014164538816928278,0.9858354611830717
Gwh,2022,2,0.0,180.096,0.0,0.0,11196.04398,919.3597269999999,0.0,54.46,180.096,12169.863707,12349.959707,0.0,0.014582719642228546,0.0,0.0,0.9065652233386675,0.0744423260327646,0.0,0.0044097309863393224,0.014582719642228546,0.9854172803577715
Gwh,2022,3,0.0,199.392,0.0,0.0,13014.153,949.4157730000001,0.0,59.0855,199.392,14022.654273,14222.046273,0.0,0.014019923446497141,0.0,0.0,0.9150689535237178,0.06675662241392287,0.0,0.004154500615862256,0.014019923446497141,0.9859800765535028
Gwh,2022,4,0.0,192.96,0.0,0.0,10023.5965,734.3425,0.0,62.902,192.96,10820.841,11013.801,0.0,0.017519837157035978,0.0,0.0,0.9100942081666448,0.06667475651684646,0.0,0.005711198159472829,0.017519837157035978,0.9824801628429641
Gwh,2022,5,0.0,57.888,0.0,0.0,2716.9675,265.89335,0.0,19.56,57.888,3002.42085,3060.30885,0.0,0.01891573786743779,0.0,0.0,0.8878082681099329,0.08688448226393881,0.0,0.00639151175869063,0.01891573786743779,0.9810842621325623
