unit,year,month,coal,gas,oil,nuclear,hydro,wind,solar,other,fossil,low.carbon,total.prod,coal.perc,gas.perc,oil.perc,nuclear.perc,hydro.perc,wind.perc,solar.perc,other.perc,fossil.perc,low.carbon.perc
Gwh,2022,1,0.0,146.37688200000002,0.0,0.0,12846.277217,1025.85075,0.0,59.623,146.37688200000002,13931.750967,14078.127848999999,0.0,0.010397467871439846,0.0,0.0,0.9124989739251801,0.07286840700717664,0.0,0.004235151196203631,0.010397467871439846,0.9896025321285602
Gwh,2022,2,0.0,132.242399,0.0,0.0,11208.425283,936.136727,0.0,54.46,132.242399,12199.02201,12331.264409,0.0,0.010724155659453918,0.0,0.0,0.9089437150353785,0.07591571277287336,0.0,0.004416416532294309,0.010724155659453918,0.9892758443405462
Gwh,2022,3,0.0,146.445579,0.0,0.0,13023.758,960.398273,0.0,59.0855,146.445579,14043.241773,14189.687352,0.0,0.010320564179263532,0.0,0.0,0.9178326256895529,0.06768283537019822,0.0,0.0041639747609852765,0.010320564179263532,0.9896794358207364
Gwh,2022,4,0.0,141.75589000000002,0.0,0.0,10033.1315,746.9785,0.0,62.902,141.75589000000002,10843.012,10984.767890000001,0.0,0.012904768805269676,0.0,0.0,0.9133676378481947,0.06800130029875397,0.0,0.005726293047781458,0.012904768805269676,0.9870952311947303
Gwh,2022,5,0.0,146.5166,0.0,0.0,8784.516,884.3405,0.0,63.101,146.5166,9731.9575,9878.4741,0.0,0.014831906073428894,0.0,0.0,0.8892583926499337,0.0895219738441183,0.0,0.006387727432519159,0.014831906073428894,0.9851680939265712
Gwh,2022,6,0.0,141.820095,0.0,0.0,9292.394,665.982,0.0,50.4055,141.820095,10008.7815,10150.601595,0.0,0.01397159505007644,0.0,0.0,0.9154525387517192,0.06561010140798458,0.0,0.004965764790219806,0.01397159505007644,0.9860284049499235
Gwh,2022,7,0.0,77.4085,0.0,0.0,4256.495,459.546,0.0,28.817,77.4085,4744.858,4822.2665,0.0,0.016052306524328343,0.0,0.0,0.8826751901828735,0.0952966825869122,0.0,0.0059758207058859154,0.016052306524328343,0.9839476934756718
