unit,year,month,coal,gas,oil,nuclear,hydro,wind,solar,other,fossil,low.carbon,total.prod,coal.perc,gas.perc,oil.perc,nuclear.perc,hydro.perc,wind.perc,solar.perc,other.perc,fossil.perc,low.carbon.perc
Gwh,2022,1,0.0,146.37688200000002,0.0,0.0,12836.427455000001,1021.42875,0.0,59.623,146.37688200000002,13917.479205,14063.856087,0.0,0.010408019045025942,0.0,0.0,0.9127246023845068,0.07262792961484889,0.0,0.004239448955618426,0.010408019045025942,0.989591980954974
Gwh,2022,2,0.0,132.242399,0.0,0.0,11206.647045,935.664227,0.0,54.46,132.242399,12196.771272,12329.013671,0.0,0.010726113420658887,0.0,0.0,0.9089654163787648,0.07589124742402112,0.0,0.004417222776555067,0.010726113420658887,0.989273886579341
Gwh,2022,3,0.0,146.445579,0.0,0.0,13022.967,959.118773,0.0,59.0855,146.445579,14041.171273,14187.616852,0.0,0.010322070332718062,0.0,0.0,0.9179108186985032,0.06760252852929244,0.0,0.004164582439486364,0.010322070332718062,0.989677929667282
Gwh,2022,4,0.0,141.75589000000002,0.0,0.0,10033.0875,745.8985,0.0,62.902,141.75589000000002,10841.888,10983.643890000001,0.0,0.012906089401629354,0.0,0.0,0.9134571004377309,0.06790993111849696,0.0,0.005726879042142725,0.012906089401629354,0.9870939105983706
Gwh,2022,5,0.0,146.5166,0.0,0.0,8784.259,883.8675,0.0,63.101,146.5166,9731.2275,9877.7441,0.0,0.014833002203407964,0.0,0.0,0.8892980938836025,0.0894807044049663,0.0,0.006388199508023294,0.014833002203407964,0.9851669977965921
Gwh,2022,6,0.0,141.824595,0.0,0.0,9292.394,662.2925,0.0,50.4055,141.824595,10005.092,10146.916595,0.0,0.0139771125220331,0.0,0.0,0.9157849986249936,0.06527032067321334,0.0,0.004967568179759932,0.0139771125220331,0.9860228874779668
Gwh,2022,7,0.0,43.4205,0.0,0.0,2401.576,265.9145,0.0,15.737,43.4205,2683.2275,2726.648,0.0,0.015924497771622883,0.0,0.0,0.8807796239191857,0.09752432290490007,0.0,0.005771555404291276,0.015924497771622883,0.984075502228377
