unit,year,month,coal,oil,gas,nuclear,hydro,wind,solar,other,fossil,low.carbon,total.prod,coal.perc,oil.perc,gas.perc,nuclear.perc,hydro.perc,wind.perc,solar.perc,other.perc,fossil.perc,low.carbon.perc
Gwh,2022,1,0.0,0.0,199.392,0.0,12807.518375,1001.45725,0.0,59.623,199.392,13868.598625,14067.990625,0.0,0.0,0.014173452720793235,0.0,0.9104014010529666,0.07118694323127614,0.0,0.004238202994963966,0.014173452720793235,0.9858265472792068
Gwh,2022,2,0.0,0.0,180.096,0.0,11192.145125,876.288014,0.0,54.46,180.096,12122.893139,12302.989139000001,0.0,0.0,0.014638393805380404,0.0,0.9097094209017328,0.07122561875814397,0.0,0.004426566534742675,0.014638393805380404,0.9853616061946194
Gwh,2022,3,0.0,0.0,199.392,0.0,13012.8015,923.619486,0.0,59.0855,199.392,13995.506486,14194.898486,0.0,0.0,0.014046736593196092,0.0,0.9167238154492005,0.06506700184653931,0.0,0.004162446111064073,0.014046736593196092,0.9859532634068039
Gwh,2022,4,0.0,0.0,135.072,0.0,7130.029,506.3705,0.0,44.236,135.072,7680.6355,7815.7075,0.0,0.0,0.01728212065254489,0.0,0.912269170769249,0.06478882430029527,0.0,0.0056598842779108606,0.01728212065254489,0.9827178793474551
