unit,year,month,coal,oil,gas,nuclear,hydro,wind,solar,other,fossil,low.carbon,total.prod,coal.perc,oil.perc,gas.perc,nuclear.perc,hydro.perc,wind.perc,solar.perc,other.perc,fossil.perc,low.carbon.perc
Gwh,2022,1,10533.627,226.585625,1099.252,0.0,168.306167,2256.753,17.7985,161.666,11859.464625,2604.523667,14463.988292,0.728265730540319,0.015665501134657582,0.07599923187216584,0.0,0.011636221186177935,0.15602563791123955,0.0012305388832376414,0.011177138472202518,0.8199304635471424,0.18006953645285761
Gwh,2022,2,8976.277,194.197875,890.237,0.0,191.4655,2278.3915,18.28,146.583,10060.711875,2634.72,12695.431875,0.7070477860368181,0.015296673394972631,0.07012262432387713,0.0,0.015081448341827283,0.17946545831864424,0.0014398879990839225,0.011546121584776728,0.7924670837556679,0.20753291624433215
Gwh,2022,3,11363.28,200.245,850.546,0.0,162.478,1186.0705,18.521,140.104,12414.071,1507.1735,13921.2445,0.816254609995536,0.0143841306716508,0.06109698023046718,0.0,0.011671226663679386,0.08519859700761667,0.0013304126653331892,0.010064042765716815,0.8917357208976538,0.10826427910234607
Gwh,2022,4,7296.737,148.6,463.6,0.0,133.655,1478.096,16.464,113.298,7908.937,1741.513,9650.45,0.7561032905201311,0.015398245677662698,0.04803921060675927,0.0,0.013849613230471116,0.15316342761218388,0.0017060344336274473,0.011740177919164391,0.8195407468045531,0.1804592531954468
