unit,year,month,coal,gas,oil,nuclear,hydro,wind,solar,other,fossil,low.carbon,total.prod,coal.perc,gas.perc,oil.perc,nuclear.perc,hydro.perc,wind.perc,solar.perc,other.perc,fossil.perc,low.carbon.perc
Gwh,2022,1,10533.627,1099.252,226.585625,0.0,168.306167,2256.753,134.028,161.666,11859.464625,2720.753167,14580.217792,0.7224601957441049,0.07539338682602856,0.015540620053311204,0.0,0.011543460420210436,0.15478184429029962,0.0091924552782428,0.011088037387802554,0.8133942026234446,0.1866057973765554
Gwh,2022,2,8976.277,890.237,194.197875,0.0,191.4655,2277.3305,279.553,146.583,10060.711875,2894.932,12955.643875,0.692846846255258,0.06871422281974388,0.01498944219783133,0.0,0.014778539904872153,0.1757790289677903,0.02157770024378661,0.011314219610717727,0.7765505112728333,0.22344948872716677
Gwh,2022,3,11363.28,850.546,200.245,0.0,162.478,1186.0705,795.291,140.104,12414.071,2283.9435,14698.0145,0.7731166682411424,0.05786808823736023,0.013623949003452134,0.0,0.011054418268535524,0.08069596747234126,0.054108736931780824,0.00953217184538769,0.8446087054819548,0.1553912945180453
Gwh,2022,4,9740.479,658.391,189.423,0.0,172.1675,1620.253,845.568,149.281,10588.293,2787.2695,13375.5625,0.728229485675836,0.049223425183053046,0.014161871696984706,0.0,0.012871795111420547,0.12113531673901565,0.06321737870837207,0.011160726885317907,0.7916147825558738,0.20838521744412616
Gwh,2022,5,5072.818,427.806,88.979,0.0,80.34,604.047,690.796,100.008,5589.603,1475.191,7064.794,0.7180418848730763,0.0605546318831094,0.012594705521491497,0.0,0.011371881473118678,0.08550100682341198,0.09778006266000114,0.014155826765791047,0.7911912222776772,0.20880877772232284
