unit,year,month,coal,oil,gas,nuclear,hydro,wind,solar,other,fossil,low.carbon,total.prod,coal.perc,oil.perc,gas.perc,nuclear.perc,hydro.perc,wind.perc,solar.perc,other.perc,fossil.perc,low.carbon.perc
Gwh,2022,1,10533.627,226.585625,1099.252,0.0,168.306167,2256.753,17.1245,161.666,11859.464625,2603.849667,14463.314292,0.7282996682044307,0.015666231157358577,0.0760027734865737,0.0,0.011636763441771718,0.15603290880903167,0.0011839955665951315,0.011177659334238576,0.8199686728483631,0.18003132715163708
Gwh,2022,2,8976.277,194.197875,890.237,0.0,191.4655,2277.786,17.1445,146.583,10060.711875,2632.979,12693.690875,0.7071447609992314,0.015298771406389713,0.07013224197489369,0.0,0.015083516834105982,0.1794423719964742,0.0013506315987074958,0.011547705190197488,0.7925757743805149,0.20742422561948515
Gwh,2022,3,11363.28,200.245,850.546,0.0,162.478,1186.0705,17.6755,140.104,12414.071,1506.328,13920.399,0.8163041878325471,0.014385004337878534,0.061100691151166,0.0,0.011671935552996723,0.08520377181717277,0.0012697552706642963,0.010064654037574642,0.8917898833215916,0.10821011667840844
Gwh,2022,4,6253.792,130.407,390.745,0.0,116.756,1368.616,14.668,99.378,6774.944,1599.418,8374.362,0.7467783217396144,0.015572171348694984,0.04665967389515763,0.0,0.013942077020315101,0.1634292857175269,0.0017515364155502235,0.011866933863140859,0.8090101669834671,0.19098983301653308
