unit,year,month,coal,oil,gas,nuclear,hydro,wind,solar,other,fossil,low.carbon,total.prod,coal.perc,oil.perc,gas.perc,nuclear.perc,hydro.perc,wind.perc,solar.perc,other.perc,fossil.perc,low.carbon.perc
Gwh,2022,1,10533.627,226.305625,1099.252,0.0,168.306167,2256.753,17.1245,161.666,11859.184625,2603.849667,14463.034292,0.7283137678672663,0.015647174751233037,0.07600424487744137,0.0,0.011636988726016912,0.15603592955928255,0.001184018488393694,0.011177875730366138,0.8199651874959407,0.18003481250405928
Gwh,2022,2,8976.277,194.179375,890.237,0.0,191.4655,2277.786,17.1445,146.583,10060.693375,2632.979,12693.672375,0.707145791605481,0.015297336284055463,0.07013234418695953,0.0,0.015083538817110836,0.17944263351920645,0.0013506335671437243,0.011547722020043076,0.7925754720764959,0.20742452792350408
Gwh,2022,3,11363.28,200.245,850.546,0.0,162.478,1186.0705,17.6755,140.104,12414.071,1506.328,13920.399,0.8163041878325471,0.014385004337878534,0.061100691151166,0.0,0.011671935552996723,0.08520377181717277,0.0012697552706642963,0.010064654037574642,0.8917898833215916,0.10821011667840844
Gwh,2022,4,5520.027,117.494,345.4,0.0,105.046,1291.781,12.354,90.31,5982.921,1499.491,7482.412,0.7377336345552744,0.01570269052278864,0.04616158532836737,0.0,0.014039055855250955,0.1726423244269361,0.0016510718736150855,0.012069637437767393,0.7995979104064305,0.20040208959356956
