unit,year,month,coal,gas,oil,nuclear,hydro,wind,solar,other,fossil,low.carbon,total.prod,coal.perc,gas.perc,oil.perc,nuclear.perc,hydro.perc,wind.perc,solar.perc,other.perc,fossil.perc,low.carbon.perc
Gwh,2022,1,10533.627,1099.252,226.585625,0.0,168.306167,2256.753,19.0855,161.666,11859.464625,2605.8106669999997,14465.275292,0.7282009355069521,0.0759924700920099,0.01566410734853507,0.0,0.011635185891904973,0.15601175604643308,0.0013194010908700235,0.011176144023294818,0.8198575129474971,0.18014248705250288
Gwh,2022,2,8976.277,890.237,194.197875,0.0,191.4655,2277.786,20.277,146.583,10060.711875,2636.1115,12696.823375,0.7069702976001271,0.07011493928102311,0.015294996966121065,0.0,0.015079795500423742,0.17939810082614463,0.0015970136309783865,0.01154485619518197,0.7923802338472713,0.20761976615272873
Gwh,2022,3,11363.28,850.546,200.245,0.0,162.478,1186.0705,18.521,140.104,12414.071,1507.1735,13921.2445,0.816254609995536,0.06109698023046718,0.0143841306716508,0.0,0.011671226663679386,0.08519859700761667,0.0013304126653331892,0.010064042765716815,0.8917357208976538,0.10826427910234607
Gwh,2022,4,9740.479,658.391,189.423,0.0,172.1675,1620.253,23.3625,149.281,10588.293,1965.064,12553.357,0.7759262323217606,0.05244740510446727,0.01508942986326287,0.0,0.013714857308686433,0.12906929994900965,0.0018610559709247496,0.01189171948188839,0.8434630672894907,0.15653693271050922
