unit,year,month,coal,gas,oil,nuclear,hydro,wind,solar,other,fossil,low.carbon,total.prod,coal.perc,gas.perc,oil.perc,nuclear.perc,hydro.perc,wind.perc,solar.perc,other.perc,fossil.perc,low.carbon.perc
Gwh,2022,1,10533.627,1099.252,225.529,0.0,168.306167,2256.753,134.028,161.666,11858.408,2720.753167,14579.161167,0.7225125560613813,0.07539885096326132,0.015469271339868713,0.0,0.011544297032737507,0.15479306210759033,0.00919312150162473,0.011088840993536154,0.8133806783645112,0.1866193216354887
Gwh,2022,2,8976.277,890.237,194.0895,0.0,191.4655,2277.786,279.553,146.583,10060.6035,2895.3875,12955.991,0.6928282830699712,0.06871238178538407,0.014980675735264095,0.0,0.014778143949003978,0.1758094768667252,0.021577122120569548,0.011313916473081834,0.7765213405906194,0.22347865940938055
Gwh,2022,3,11363.28,850.546,200.245,0.0,162.478,1186.0705,795.291,140.104,12414.071,2283.9435,14698.0145,0.7731166682411424,0.05786808823736023,0.013623949003452134,0.0,0.011054418268535524,0.08069596747234126,0.054108736931780824,0.00953217184538769,0.8446087054819548,0.1553912945180453
Gwh,2022,4,9740.479,658.391,189.423,0.0,172.1675,1620.253,845.568,149.281,10588.293,2787.2695,13375.5625,0.728229485675836,0.049223425183053046,0.014161871696984706,0.0,0.012871795111420547,0.12113531673901565,0.06321737870837207,0.011160726885317907,0.7916147825558738,0.20838521744412616
Gwh,2022,5,9178.254,790.417,152.899,0.0,129.1605,1352.8295,1212.859,179.999,10121.57,2874.848,12996.418,0.7062141276157785,0.0608180654084841,0.01176470316667254,0.0,0.009938161422631991,0.10409248917663314,0.09332256010848528,0.013849893101314532,0.7787968961909351,0.22120310380906494
Gwh,2022,6,9101.158,769.818,143.615,0.0,95.0329,939.81,1332.103,171.783,10014.591,2538.7289,12553.3199,0.7250000854355667,0.06132385744427655,0.011440399921617548,0.0,0.007570340018181166,0.07486545451613959,0.10611559417043136,0.013684268493787049,0.7977643428014608,0.20223565719853917
Gwh,2022,7,8619.354,531.798,138.229,0.0,72.9201,1219.4355,1273.26,148.267,9289.381,2713.8826,12003.2636,0.7180842050323712,0.044304450666233806,0.011515951378423449,0.0,0.006075022796300167,0.10159199536366093,0.10607615082284788,0.012352223940162407,0.7739046070770286,0.22609539292297137
