unit,year,month,coal,gas,oil,nuclear,hydro,wind,solar,other,fossil,low.carbon,total.prod,coal.perc,gas.perc,oil.perc,nuclear.perc,hydro.perc,wind.perc,solar.perc,other.perc,fossil.perc,low.carbon.perc
Gwh,2022,1,10533.627,1099.252,225.1995,0.0,168.306167,2256.753,134.028,161.666,11858.0785,2720.753167,14578.831666999999,0.7225288857572486,0.07540055507247664,0.015447019702528816,0.0,0.011544557948423975,0.15479656062620484,0.00919332927777607,0.01108909161534117,0.813376460532254,0.18662353946774604
Gwh,2022,2,8976.277,890.237,193.9985,0.0,191.4655,2277.3305,279.553,146.583,10060.5125,2894.932,12955.4445,0.6928575086713544,0.06871528028235542,0.014974283591736278,0.0,0.014778767336003022,0.17578173408098813,0.02157803230911915,0.011314393728443667,0.7765470725454461,0.22345292745455395
Gwh,2022,3,11363.28,850.546,200.245,0.0,162.478,1186.0705,795.291,140.104,12414.071,2283.9435,14698.0145,0.7731166682411424,0.05786808823736023,0.013623949003452134,0.0,0.011054418268535524,0.08069596747234126,0.054108736931780824,0.00953217184538769,0.8446087054819548,0.1553912945180453
Gwh,2022,4,9740.479,658.391,189.423,0.0,172.1675,1620.253,845.568,149.281,10588.293,2787.2695,13375.5625,0.728229485675836,0.049223425183053046,0.014161871696984706,0.0,0.012871795111420547,0.12113531673901565,0.06321737870837207,0.011160726885317907,0.7916147825558738,0.20838521744412616
Gwh,2022,5,9178.254,790.417,152.899,0.0,129.1605,1352.8295,1212.859,179.999,10121.57,2874.848,12996.418,0.7062141276157785,0.0608180654084841,0.01176470316667254,0.0,0.009938161422631991,0.10409248917663314,0.09332256010848528,0.013849893101314532,0.7787968961909351,0.22120310380906494
Gwh,2022,6,8752.555,739.609,138.696,0.0,92.1915,918.34,1289.185,166.339,9630.86,2466.0555,12096.9155,0.7235360948003646,0.06114029646648355,0.011465402068816634,0.0,0.007621074975682852,0.07591521987567823,0.1065713817708324,0.013750530042141735,0.7961417933356649,0.20385820666433524
