unit,year,month,coal,gas,oil,nuclear,hydro,wind,solar,other,fossil,low.carbon,total.prod,coal.perc,gas.perc,oil.perc,nuclear.perc,hydro.perc,wind.perc,solar.perc,other.perc,fossil.perc,low.carbon.perc
Gwh,2022,1,10533.627,1099.252,226.585625,0.0,168.306167,2256.753,134.028,161.666,11859.464625,2720.753167,14580.217792,0.7224601957441049,0.07539338682602856,0.015540620053311204,0.0,0.011543460420210436,0.15478184429029962,0.0091924552782428,0.011088037387802554,0.8133942026234446,0.1866057973765554
Gwh,2022,2,8976.277,890.237,194.197875,0.0,191.4655,2277.3305,279.553,146.583,10060.711875,2894.932,12955.643875,0.692846846255258,0.06871422281974388,0.01498944219783133,0.0,0.014778539904872153,0.1757790289677903,0.02157770024378661,0.011314219610717727,0.7765505112728333,0.22344948872716677
Gwh,2022,3,11363.28,850.546,200.245,0.0,162.478,1186.0705,795.291,140.104,12414.071,2283.9435,14698.0145,0.7731166682411424,0.05786808823736023,0.013623949003452134,0.0,0.011054418268535524,0.08069596747234126,0.054108736931780824,0.00953217184538769,0.8446087054819548,0.1553912945180453
Gwh,2022,4,9740.479,658.391,189.423,0.0,172.1675,1620.253,845.568,149.281,10588.293,2787.2695,13375.5625,0.728229485675836,0.049223425183053046,0.014161871696984706,0.0,0.012871795111420547,0.12113531673901565,0.06321737870837207,0.011160726885317907,0.7916147825558738,0.20838521744412616
Gwh,2022,5,9178.254,790.417,152.899,0.0,129.1605,1352.8295,1212.859,179.999,10121.57,2874.848,12996.418,0.7062141276157785,0.0608180654084841,0.01176470316667254,0.0,0.009938161422631991,0.10409248917663314,0.09332256010848528,0.013849893101314532,0.7787968961909351,0.22120310380906494
Gwh,2022,6,4289.821,338.402,65.406,0.0,46.311,370.79,563.675,82.774,4693.629,1063.55,5757.179,0.7451255206760116,0.05877913471163568,0.011360772350486237,0.0,0.008044043792975691,0.06440480659017203,0.09790819427361906,0.01437752760509965,0.8152654277381335,0.18473457226186643
