unit,year,month,coal,oil,gas,nuclear,hydro,wind,solar,other,fossil,low.carbon,total.prod,coal.perc,oil.perc,gas.perc,nuclear.perc,hydro.perc,wind.perc,solar.perc,other.perc,fossil.perc,low.carbon.perc
Gwh,2022,1,10533.627,226.305625,1099.252,0.0,168.306167,2256.753,16.607,161.666,11859.184625,2603.332167,14462.516791999999,0.7283398285025134,0.01564773464084632,0.07600696447302006,0.0,0.011637405122537126,0.1560415128609104,0.001148278701338223,0.011178275698834537,0.8199945276163798,0.18000547238362027
Gwh,2022,2,8976.277,194.179375,890.237,0.0,191.4655,2273.6,16.5025,146.583,10060.693375,2628.151,12688.844375,0.7074148547117002,0.015303156793583102,0.07015902896200506,0.0,0.015089277978476269,0.1791810138738501,0.001300551847929808,0.011552115832455388,0.7928770404672885,0.20712295953271156
Gwh,2022,3,11363.28,200.245,850.546,0.0,162.478,1186.0705,17.6755,139.998,12414.071,1506.222,13920.293,0.8163104038111842,0.01438511387655418,0.06110115641962422,0.0,0.011672024432244351,0.08520442062534173,0.0012697649395741885,0.0100571158954772,0.8917966741073625,0.10820332589263747
Gwh,2022,4,653.247,13.394,42.781,0.0,9.9205,217.121,0.9525,8.582,709.422,236.576,945.998,0.6905374007133207,0.014158592301463638,0.04522314000663849,0.0,0.0104868086401874,0.2295152843874934,0.0010068731646367117,0.009071900786259591,0.7499191330214229,0.2500808669785771
