unit,year,month,coal,gas,oil,nuclear,hydro,wind,solar,other,fossil,low.carbon,total.prod,coal.perc,gas.perc,oil.perc,nuclear.perc,hydro.perc,wind.perc,solar.perc,other.perc,fossil.perc,low.carbon.perc
Gwh,2022,1,10533.627,1099.252,226.585625,0.0,168.306167,2256.753,18.806,161.666,11859.464625,2605.531167,14464.995792,0.7282150061755096,0.07599393845713744,0.015664410018377973,0.0,0.011635410712879936,0.1560147705848707,0.0013001040767948813,0.011176359974429504,0.8198733546510251,0.18012664534897502
Gwh,2022,2,8976.277,890.237,194.197875,0.0,191.4655,2277.786,19.1025,146.583,10060.711875,2634.937,12695.648875,0.7070357008436089,0.07012142575501087,0.015296411937038547,0.0,0.015081190562621005,0.1794146973051033,0.0015046493635796933,0.011545924233037675,0.7924535385356584,0.20754646146434164
Gwh,2022,3,11363.28,850.546,200.245,0.0,162.478,1186.0705,18.521,140.104,12414.071,1507.1735,13921.2445,0.816254609995536,0.06109698023046718,0.0143841306716508,0.0,0.011671226663679386,0.08519859700761667,0.0013304126653331892,0.010064042765716815,0.8917357208976538,0.10826427910234607
Gwh,2022,4,8700.227,567.446,171.992,0.0,155.936,1582.619,19.3015,132.167,9439.665,1890.0235,11329.6885,0.7679140516528765,0.050084872148073625,0.015180646846557165,0.0,0.013763485200850845,0.1396877769410871,0.0017036214190707891,0.011665545791484029,0.8331795706475073,0.16682042935249278
