unit,year,month,coal,gas,oil,nuclear,hydro,wind,solar,other,fossil,low.carbon,total.prod,coal.perc,gas.perc,oil.perc,nuclear.perc,hydro.perc,wind.perc,solar.perc,other.perc,fossil.perc,low.carbon.perc
Gwh,2022,1,10533.627,1099.252,225.1995,0.0,168.306167,2256.753,134.028,161.666,11858.0785,2720.753167,14578.831666999999,0.7225288857572486,0.07540055507247664,0.015447019702528816,0.0,0.011544557948423975,0.15479656062620484,0.00919332927777607,0.01108909161534117,0.813376460532254,0.18662353946774604
Gwh,2022,2,8976.277,890.237,193.9985,0.0,191.4655,2273.6,279.553,146.583,10060.5125,2891.2015,12951.714,0.6930570733726825,0.06873507243906096,0.014978596655238064,0.0,0.014783024084688713,0.17554433336004793,0.021584247459448223,0.011317652628833528,0.7767707424669816,0.22322925753301842
Gwh,2022,3,11363.28,850.546,200.245,0.0,162.478,1186.0705,795.291,140.104,12414.071,2283.9435,14698.0145,0.7731166682411424,0.05786808823736023,0.013623949003452134,0.0,0.011054418268535524,0.08069596747234126,0.054108736931780824,0.00953217184538769,0.8446087054819548,0.1553912945180453
Gwh,2022,4,9740.479,658.391,189.423,0.0,172.1675,1620.253,845.568,149.281,10588.293,2787.2695,13375.5625,0.728229485675836,0.049223425183053046,0.014161871696984706,0.0,0.012871795111420547,0.12113531673901565,0.06321737870837207,0.011160726885317907,0.7916147825558738,0.20838521744412616
Gwh,2022,5,9178.254,790.417,152.899,0.0,129.1605,1352.8295,1212.859,179.999,10121.57,2874.848,12996.418,0.7062141276157785,0.0608180654084841,0.01176470316667254,0.0,0.009938161422631991,0.10409248917663314,0.09332256010848528,0.013849893101314532,0.7787968961909351,0.22120310380906494
Gwh,2022,6,9101.158,769.818,143.615,0.0,95.0329,939.81,1332.103,171.783,10014.591,2538.7289,12553.3199,0.7250000854355667,0.06132385744427655,0.011440399921617548,0.0,0.007570340018181166,0.07486545451613959,0.10611559417043136,0.013684268493787049,0.7977643428014608,0.20223565719853917
Gwh,2022,7,2476.969,190.011,38.281,0.0,20.565224999999998,257.757,307.441,45.754,2705.261,631.5172249999999,3336.778225,0.7423235327544131,0.056944449761865724,0.011472443602391346,0.0,0.006163198035134624,0.07724726745961669,0.09213707932297477,0.01371202906360371,0.8107404261186701,0.18925957388132977
