unit,year,month,coal,oil,gas,nuclear,hydro,wind,solar,other,fossil,low.carbon,total.prod,coal.perc,oil.perc,gas.perc,nuclear.perc,hydro.perc,wind.perc,solar.perc,other.perc,fossil.perc,low.carbon.perc
Gwh,2022,1,10533.627,226.585625,1099.252,0.0,168.306167,2256.753,17.7985,161.666,11859.464625,2604.523667,14463.988292,0.728265730540319,0.015665501134657582,0.07599923187216584,0.0,0.011636221186177935,0.15602563791123955,0.0012305388832376414,0.011177138472202518,0.8199304635471424,0.18006953645285761
Gwh,2022,2,8976.277,194.197875,890.237,0.0,191.4655,2277.786,18.28,146.583,10060.711875,2634.1145,12694.826375,0.7070815098091485,0.015297402994217793,0.0701259689343329,0.0,0.015082167675570118,0.17942632161442224,0.0014399566768395445,0.011546672295468869,0.7925048817376993,0.20749511826230077
Gwh,2022,3,11363.28,200.245,850.546,0.0,162.478,1186.0705,18.521,140.104,12414.071,1507.1735,13921.2445,0.816254609995536,0.0143841306716508,0.06109698023046718,0.0,0.011671226663679386,0.08519859700761667,0.0013304126653331892,0.010064042765716815,0.8917357208976538,0.10826427910234607
Gwh,2022,4,6641.094,136.599,415.774,0.0,122.2695,1393.602,15.417,104.027,7193.467,1635.3155,8828.7825,0.7522094920788909,0.015472008739596881,0.047093016505956514,0.0,0.013848965018676131,0.15784758544000832,0.0017462203876921875,0.011782711829179166,0.8147745173244443,0.18522548267555577
