unit,year,month,coal,gas,oil,nuclear,hydro,wind,solar,other,fossil,low.carbon,total.prod,coal.perc,gas.perc,oil.perc,nuclear.perc,hydro.perc,wind.perc,solar.perc,other.perc,fossil.perc,low.carbon.perc
Gwh,2022,1,10533.627,1099.252,225.1995,0.0,168.306167,2256.753,134.028,161.666,11858.0785,2720.753167,14578.831666999999,0.7225288857572486,0.07540055507247664,0.015447019702528816,0.0,0.011544557948423975,0.15479656062620484,0.00919332927777607,0.01108909161534117,0.813376460532254,0.18662353946774604
Gwh,2022,2,8976.277,890.237,193.9985,0.0,191.4655,2273.6,279.553,146.583,10060.5125,2891.2015,12951.714,0.6930570733726825,0.06873507243906096,0.014978596655238064,0.0,0.014783024084688713,0.17554433336004793,0.021584247459448223,0.011317652628833528,0.7767707424669816,0.22322925753301842
Gwh,2022,3,11363.28,850.546,200.245,0.0,162.478,1186.0705,795.291,140.104,12414.071,2283.9435,14698.0145,0.7731166682411424,0.05786808823736023,0.013623949003452134,0.0,0.011054418268535524,0.08069596747234126,0.054108736931780824,0.00953217184538769,0.8446087054819548,0.1553912945180453
Gwh,2022,4,9740.479,658.391,189.423,0.0,172.1675,1620.253,845.568,149.281,10588.293,2787.2695,13375.5625,0.728229485675836,0.049223425183053046,0.014161871696984706,0.0,0.012871795111420547,0.12113531673901565,0.06321737870837207,0.011160726885317907,0.7916147825558738,0.20838521744412616
Gwh,2022,5,9178.254,790.417,152.899,0.0,129.1605,1352.599,1212.859,179.999,10121.57,2874.6175,12996.1875,0.7062266530088152,0.06081914407590688,0.011764911825102553,0.0,0.009938337685571251,0.10407659938732032,0.0933242152746719,0.013850138742612015,0.7788107089098245,0.22118929109017546
Gwh,2022,6,9101.153,769.815,143.615,0.0,95.0329,939.81,1332.103,171.783,10014.583,2538.7289,12553.3119,0.7250001491638235,0.061323657544109934,0.011440407212378751,0.0,0.0075703448426227655,0.07486550222654788,0.10611566179599186,0.013684277214525354,0.7977642139203122,0.20223578607968787
Gwh,2022,7,2162.787,172.137,33.525,0.0,18.1371,207.945,274.333,39.238,2368.449,539.6531,2908.1021,0.743710820882114,0.05919221336829955,0.011528137199859661,0.0,0.006236748015140184,0.07150539865845838,0.09433403318267265,0.013492648693455431,0.8144311714502733,0.18556882854972664
