unit,year,month,coal,oil,gas,nuclear,hydro,wind,solar,other,fossil,low.carbon,total.prod,coal.perc,oil.perc,gas.perc,nuclear.perc,hydro.perc,wind.perc,solar.perc,other.perc,fossil.perc,low.carbon.perc
Gwh,2022,1,10533.627,226.305625,1099.252,0.0,168.306167,2256.753,16.607,161.666,11859.184625,2603.332167,14462.516791999999,0.7283398285025134,0.01564773464084632,0.07600696447302006,0.0,0.011637405122537126,0.1560415128609104,0.001148278701338223,0.011178275698834537,0.8199945276163798,0.18000547238362027
Gwh,2022,2,8976.277,194.179375,890.237,0.0,191.4655,2273.6,16.5025,146.583,10060.693375,2628.151,12688.844375,0.7074148547117002,0.015303156793583102,0.07015902896200506,0.0,0.015089277978476269,0.1791810138738501,0.001300551847929808,0.011552115832455388,0.7928770404672885,0.20712295953271156
Gwh,2022,3,11363.28,200.245,850.546,0.0,162.478,1186.0705,17.6755,139.998,12414.071,1506.222,13920.293,0.8163104038111842,0.01438511387655418,0.06110115641962422,0.0,0.011672024432244351,0.08520442062534173,0.0012697649395741885,0.0100571158954772,0.8917966741073625,0.10820332589263747
Gwh,2022,4,1990.34,47.935,127.879,0.0,33.07,709.969,1.38,36.796,2166.154,781.215,2947.369,0.6752937959244328,0.0162636575196387,0.04338750933459638,0.0,0.011220176367465355,0.2408822919695498,0.00046821419374364043,0.012484354690573185,0.7349449627786679,0.26505503722133195
