unit,year,month,coal,gas,oil,nuclear,hydro,wind,solar,other,fossil,low.carbon,total.prod,coal.perc,gas.perc,oil.perc,nuclear.perc,hydro.perc,wind.perc,solar.perc,other.perc,fossil.perc,low.carbon.perc
Gwh,2022,1,10533.627,1099.252,226.585625,0.0,168.306167,2256.753,17.7985,161.666,11859.464625,2604.523667,14463.988292,0.728265730540319,0.07599923187216584,0.015665501134657582,0.0,0.011636221186177935,0.15602563791123955,0.0012305388832376414,0.011177138472202518,0.8199304635471424,0.18006953645285761
Gwh,2022,2,8976.277,890.237,194.197875,0.0,191.4655,2278.3915,18.28,146.583,10060.711875,2634.72,12695.431875,0.7070477860368181,0.07012262432387713,0.015296673394972631,0.0,0.015081448341827283,0.17946545831864424,0.0014398879990839225,0.011546121584776728,0.7924670837556679,0.20753291624433215
Gwh,2022,3,11363.28,850.546,200.245,0.0,162.478,1186.0705,18.521,140.104,12414.071,1507.1735,13921.2445,0.816254609995536,0.06109698023046718,0.0143841306716508,0.0,0.011671226663679386,0.08519859700761667,0.0013304126653331892,0.010064042765716815,0.8917357208976538,0.10826427910234607
Gwh,2022,4,7928.676,514.03,160.543,0.0,144.399,1557.782,16.991,122.575,8603.249,1841.747,10444.996,0.7590884668601119,0.04921303943055603,0.015370326613815842,0.0,0.013824706108073188,0.14914146448691795,0.0016267119681041525,0.011735284532421076,0.8236718329044836,0.17632816709551638
