unit,year,month,coal,gas,oil,nuclear,hydro,wind,solar,other,fossil,low.carbon,total.prod,coal.perc,gas.perc,oil.perc,nuclear.perc,hydro.perc,wind.perc,solar.perc,other.perc,fossil.perc,low.carbon.perc
Gwh,2022,1,10533.627,1099.252,226.585625,0.0,168.306167,2256.753,134.028,161.666,11859.464625,2720.753167,14580.217792,0.7224601957441049,0.07539338682602856,0.015540620053311204,0.0,0.011543460420210436,0.15478184429029962,0.0091924552782428,0.011088037387802554,0.8133942026234446,0.1866057973765554
Gwh,2022,2,8976.277,890.237,194.197875,0.0,191.4655,2277.786,279.553,146.583,10060.711875,2895.3875,12956.099375,0.6928224877095773,0.06871180702100782,0.01498891521121881,0.0,0.014778020332990846,0.17580800625805637,0.021576941632558296,0.011313821834590551,0.776523209941804,0.22347679005819604
Gwh,2022,3,11363.28,850.546,200.245,0.0,162.478,1186.0705,795.291,140.104,12414.071,2283.9435,14698.0145,0.7731166682411424,0.05786808823736023,0.013623949003452134,0.0,0.011054418268535524,0.08069596747234126,0.054108736931780824,0.00953217184538769,0.8446087054819548,0.1553912945180453
Gwh,2022,4,9740.479,658.391,189.423,0.0,172.1675,1620.253,845.568,149.281,10588.293,2787.2695,13375.5625,0.728229485675836,0.049223425183053046,0.014161871696984706,0.0,0.012871795111420547,0.12113531673901565,0.06321737870837207,0.011160726885317907,0.7916147825558738,0.20838521744412616
Gwh,2022,5,8026.021,677.633,134.989,0.0,115.7273,1190.658227,1067.201,156.479,8838.643,2530.0655269999997,11368.708526999999,0.7059747359111795,0.05960509924154203,0.01187373215518801,0.0,0.010179458794739492,0.10473117717568871,0.09387178829200009,0.013764008429662156,0.7774535673079096,0.22254643269209043
