unit,year,month,coal,gas,oil,nuclear,hydro,wind,solar,other,fossil,low.carbon,total.prod,coal.perc,gas.perc,oil.perc,nuclear.perc,hydro.perc,wind.perc,solar.perc,other.perc,fossil.perc,low.carbon.perc
Gwh,2022,1,0.0,1442.164,0.0,0.0,737.7385,1281.6424040000002,148.561,318.367,1442.164,2486.308904,3928.472904,0.0,0.3671054975411891,0.0,0.0,0.18779269146767671,0.3262444301690416,0.037816475671433064,0.08104090515065954,0.3671054975411891,0.6328945024588108
Gwh,2022,2,0.0,1245.626,0.0,0.0,307.453,892.334333,161.506,293.141,1245.626,1654.4343330000002,2900.060333,0.0,0.4295172710118924,0.0,0.0,0.10601607025256325,0.3076950927006801,0.055690565524520765,0.10108100051034354,0.4295172710118924,0.5704827289881076
Gwh,2022,3,0.0,1321.056,0.0,0.0,651.952,1490.6735,158.901,321.133,1321.056,2622.6595,3943.7155,0.0,0.33497751042132734,0.0,0.0,0.16531415615553405,0.37798707842895873,0.04029220667667331,0.08142904831750668,0.33497751042132734,0.6650224895786728
Gwh,2022,4,0.0,1081.883,0.0,0.0,659.1742730000001,1145.2525,236.028,312.875,1081.883,2353.329773,3435.212773,0.0,0.3149391526787968,0.0,0.0,0.1918874656559738,0.3333861905153087,0.06870840777465867,0.09107878337526197,0.3149391526787968,0.6850608473212031
Gwh,2022,5,0.0,1344.295,0.0,0.0,512.577227,844.1785,275.687,287.1105,1344.295,1919.5532269999999,3263.848227,0.0,0.41187423755779934,0.0,0.0,0.15704689414162518,0.2586451456340957,0.08446685655276336,0.08796686611371651,0.41187423755779934,0.5881257624422007
Gwh,2022,6,0.0,374.521,0.0,0.0,71.917625,157.4355,61.395,63.671,374.521,354.419125,728.940125,0.0,0.5137884267243487,0.0,0.0,0.09866053813404771,0.215978644336529,0.08422502465480276,0.08734736615027194,0.5137884267243487,0.48621157327565145
