unit,year,month,coal,gas,oil,nuclear,hydro,wind,solar,other,fossil,low.carbon,total.prod,coal.perc,gas.perc,oil.perc,nuclear.perc,hydro.perc,wind.perc,solar.perc,other.perc,fossil.perc,low.carbon.perc
Gwh,2022,1,0.0,1442.164,0.0,0.0,737.1545,1281.6424040000002,148.62,318.367,1442.164,2485.783904,3927.947904,0.0,0.36715456397254703,0.0,0.0,0.18766911324086644,0.326288035209135,0.03783655069575994,0.0810517368816916,0.36715456397254703,0.6328454360274529
Gwh,2022,2,0.0,1245.626,0.0,0.0,305.31,892.334333,161.587,293.141,1245.626,1652.372333,2897.998333,0.0,0.4298228835454613,0.0,0.0,0.10535202747475149,0.3079140256358457,0.055758141114155016,0.10115292222978653,0.4298228835454613,0.5701771164545387
Gwh,2022,3,0.0,1321.056,0.0,0.0,651.2655,1490.2975,158.997,321.133,1321.056,2621.693,3942.749,0.0,0.33505962464260347,0.0,0.0,0.16518056310457502,0.3779843708032137,0.04032643214163519,0.08144900930797269,0.33505962464260347,0.6649403753573967
Gwh,2022,4,0.0,1081.883,0.0,0.0,658.310773,1145.2525,236.37,313.088,1081.883,2353.021273,3434.904273,0.0,0.31496743839533486,0.0,0.0,0.19165330986794576,0.3334161330207178,0.06881414479523691,0.09114897392076464,0.31496743839533486,0.6850325616046651
Gwh,2022,5,0.0,1353.969,0.0,0.0,511.646727,844.0065,277.413,292.9535,1353.969,1926.0197269999999,3279.988727,0.0,0.4127968455667196,0.0,0.0,0.15599039191453903,0.25731993925843755,0.08457742482966772,0.08931539843063614,0.4127968455667196,0.5872031544332804
Gwh,2022,6,0.0,1319.692,0.0,0.0,236.2095,570.7105,217.48,225.33,1319.692,1249.73,2569.422,0.0,0.5136143459501786,0.0,0.0,0.0919309868133767,0.22211629697262653,0.08464160422071579,0.08769676604310231,0.5136143459501786,0.4863856540498213
