unit,year,month,coal,gas,oil,nuclear,hydro,wind,solar,other,fossil,low.carbon,total.prod,coal.perc,gas.perc,oil.perc,nuclear.perc,hydro.perc,wind.perc,solar.perc,other.perc,fossil.perc,low.carbon.perc
Gwh,2022,1,0.0,1442.164,0.0,0.0,737.1545,1281.6424040000002,148.669,318.367,1442.164,2485.832904,3927.996904,0.0,0.3671499838839995,0.0,0.0,0.18766677215283262,0.3262839649122086,0.03784855325334035,0.0810507257976189,0.3671499838839995,0.6328500161160004
Gwh,2022,2,0.0,1245.626,0.0,0.0,305.31,892.334333,161.613,293.141,1245.626,1652.398333,2898.0243330000003,0.0,0.4298190273338881,0.0,0.0,0.10535108229541562,0.3079112631453533,0.055766612502076596,0.10115201472326629,0.4298190273338881,0.5701809726661118
Gwh,2022,3,0.0,1321.056,0.0,0.0,651.2655,1488.7975,159.004,321.133,1321.056,2620.2,3941.256,0.0,0.3351865496684306,0.0,0.0,0.1652431356907544,0.3777469669567265,0.04034348441207574,0.08147986327201277,0.3351865496684306,0.6648134503315694
Gwh,2022,4,0.0,1081.883,0.0,0.0,658.310773,1145.2525,236.254,313.088,1081.883,2352.905273,3434.788273,0.0,0.31497807550596585,0.0,0.0,0.19165978240196466,0.3334273931824385,0.06878269669695009,0.09115205221268088,0.31497807550596585,0.6850219244940341
Gwh,2022,5,0.0,1353.969,0.0,0.0,511.646727,844.0065,277.339,292.9535,1353.969,1925.945727,3279.914727,0.0,0.4128061589084112,0.0,0.0,0.15599391130146292,0.2573257447982427,0.08455677146633331,0.08931741352554988,0.4128061589084112,0.5871938410915889
Gwh,2022,6,0.0,1229.234,0.0,0.0,219.057,509.6225,199.045,207.071,1229.234,1134.7955,2364.0295,0.0,0.5199740527772602,0.0,0.0,0.09266254926175836,0.21557366352661841,0.0841973418690418,0.0875923925653212,0.5199740527772602,0.4800259472227398
