unit,year,month,coal,gas,oil,nuclear,hydro,wind,solar,other,fossil,low.carbon,total.prod,coal.perc,gas.perc,oil.perc,nuclear.perc,hydro.perc,wind.perc,solar.perc,other.perc,fossil.perc,low.carbon.perc
Gwh,2022,1,0.0,1442.164,0.0,0.0,737.1545,1281.6424040000002,148.627,318.367,1442.164,2485.790904,3927.954904,0.0,0.3671539096671869,0.0,0.0,0.18766877879614272,0.32628745373192813,0.03783826536517691,0.08105159243956533,0.3671539096671869,0.632846090332813
Gwh,2022,2,0.0,1245.626,0.0,0.0,305.405,892.326333,156.123,293.011,1245.626,1646.8653330000002,2892.491333,0.0,0.4306412212160637,0.0,0.0,0.10558545034022405,0.3084974958505779,0.05397526976790426,0.10130056282523009,0.4306412212160637,0.5693587787839364
Gwh,2022,3,0.0,1321.056,0.0,0.0,650.793,1488.7895,166.021,321.282,1321.056,2626.8855,3947.9415,0.0,0.3346189400222876,0.0,0.0,0.16484362800208666,0.377105258525234,0.04205254814439373,0.08137962530599807,0.3346189400222876,0.6653810599777125
Gwh,2022,4,0.0,1081.883,0.0,0.0,658.310773,1145.2525,235.97,313.273,1081.883,2352.806273,3434.689273,0.0,0.3149871542979603,0.0,0.0,0.1916653067207457,0.33343700374959656,0.06870199346850786,0.09120854176318965,0.3149871542979603,0.6850128457020398
Gwh,2022,5,0.0,1353.969,0.0,0.0,510.864727,844.0505,277.206,293.1245,1353.969,1925.245727,3279.214727,0.0,0.41289427888081087,0.0,0.0,0.15578873892999567,0.25739409287545567,0.08453426294947229,0.08938862636426553,0.41289427888081087,0.5871057211191891
Gwh,2022,6,0.0,1550.861,0.0,0.0,280.548,800.8545,272.207,271.04,1550.861,1624.6495,3175.5105,0.0,0.4883816318667503,0.0,0.0,0.08834736965914615,0.2521970876808627,0.08572070537949725,0.08535320541374372,0.4883816318667503,0.5116183681332498
Gwh,2022,7,0.0,940.072,0.0,0.0,162.1375,409.881,173.015,183.439,940.072,928.4725,1868.5445,0.0,0.5031038864742049,0.0,0.0,0.08677208383316533,0.21935843647288036,0.09259345977577735,0.09817213344397203,0.5031038864742049,0.49689611352579505
