unit,year,month,coal,gas,oil,nuclear,hydro,wind,solar,other,fossil,low.carbon,total.prod,coal.perc,gas.perc,oil.perc,nuclear.perc,hydro.perc,wind.perc,solar.perc,other.perc,fossil.perc,low.carbon.perc
Gwh,2022,1,0.0,1453.039,0.0,0.0,742.382,1281.6434040000001,0.957,308.899,1453.039,2333.881404,3786.920404,0.0,0.3836993770624813,0.0,0.0,0.19603844834336792,0.33843948836269233,0.0002527119394928798,0.08156997429196561,0.3836993770624813,0.6163006229375187
Gwh,2022,2,0.0,1255.408,0.0,0.0,307.7835,892.398333,1.173,284.711,1255.408,1486.065833,2741.473833,0.0,0.45793178285645153,0.0,0.0,0.11226935537195769,0.32551772782140576,0.00042787203944105636,0.10385326191074391,0.45793178285645153,0.5420682171435485
Gwh,2022,3,0.0,1333.222,0.0,0.0,653.572,1490.6735,1.591,310.341,1333.222,2456.1775,3789.3995,0.0,0.3518293597705916,0.0,0.0,0.17247376530239159,0.39337987456851675,0.00041985544147562164,0.08189714491702445,0.3518293597705916,0.6481706402294083
Gwh,2022,4,0.0,1093.825,0.0,0.0,660.7847730000001,1146.5035,0.648,302.798,1093.825,2110.734273,3204.559273,0.0,0.3413339891123306,0.0,0.0,0.20620145134073173,0.35777259907777653,0.0002022118939910774,0.09448974857517015,0.3413339891123306,0.6586660108876694
Gwh,2022,5,0.0,50.204,0.0,0.0,36.744852,89.918,0.1125,18.172,50.204,144.94735200000002,195.151352,0.0,0.2572567368121539,0.0,0.0,0.18828899530247684,0.46076032309527637,0.0005764756372274582,0.09311746915286552,0.2572567368121539,0.7427432631878462
