unit,year,month,coal,oil,gas,nuclear,hydro,wind,solar,other,fossil,low.carbon,total.prod,coal.perc,oil.perc,gas.perc,nuclear.perc,hydro.perc,wind.perc,solar.perc,other.perc,fossil.perc,low.carbon.perc
Gwh,2022,1,0.0,0.0,1453.039,0.0,743.041,1281.732404,0.956,308.804,1453.039,2334.5334040000002,3787.572404,0.0,0.0,0.3836333263135687,0.0,0.19617869198098636,0.3384047266387254,0.00025240441581800055,0.0815308506509015,0.3836333263135687,0.6163666736864313
Gwh,2022,2,0.0,0.0,1255.408,0.0,307.7835,892.535333,1.173,284.528,1255.408,1486.019833,2741.427833,0.0,0.0,0.4579394667581606,0.0,0.1122712392042749,0.32557316382947804,0.0004278792189529798,0.10378825098913337,0.4579394667581606,0.5420605332418393
Gwh,2022,3,0.0,0.0,1332.772,0.0,653.309,1490.3085,1.591,309.756,1332.772,2454.9645,3787.7365,0.0,0.0,0.3518650254578163,0.0,0.17248005504078753,0.39345622378959044,0.00042003977837423484,0.08177865593343148,0.3518650254578163,0.6481349745421837
Gwh,2022,4,0.0,0.0,160.847,0.0,88.071,499.6175,0.242,69.4685,160.847,657.399,818.246,0.0,0.0,0.19657535753306465,0.0,0.10763389005262476,0.6105957132696035,0.00029575457747425593,0.08489928456723285,0.19657535753306465,0.8034246424669353
