unit,year,month,coal,gas,oil,nuclear,hydro,wind,solar,other,fossil,low.carbon,total.prod,coal.perc,gas.perc,oil.perc,nuclear.perc,hydro.perc,wind.perc,solar.perc,other.perc,fossil.perc,low.carbon.perc
Gwh,2022,1,0.0,1443.546,0.0,0.0,737.7385,1281.6424040000002,148.561,318.367,1443.546,2486.308904,3929.8549040000003,0.0,0.36732806560636316,0.0,0.0,0.18772665098884272,0.32612970079263776,0.037803176867621066,0.08101240574453535,0.36732806560636316,0.6326719343936368
Gwh,2022,2,0.0,1246.931,0.0,0.0,307.453,892.334333,161.506,293.141,1246.931,1654.4343330000002,2901.365333,0.0,0.4297738674331917,0.0,0.0,0.10596838547115843,0.30755669506719097,0.055665516563198,0.1010355354652609,0.4297738674331917,0.5702261325668083
Gwh,2022,3,0.0,1322.434,0.0,0.0,652.27,1490.6735,158.901,321.133,1322.434,2622.9775,3945.4115,0.0,0.3351827813144459,0.0,0.0,0.16532369310526923,0.3778245944687899,0.04027488640918698,0.08139404470230797,0.3351827813144459,0.6648172186855541
Gwh,2022,4,0.0,1083.357,0.0,0.0,659.1742730000001,1145.2525,236.028,312.875,1083.357,2353.329773,3436.686773,0.0,0.31523297628148433,0.0,0.0,0.1918051648403746,0.33324320068897945,0.06867893863774009,0.09103971955142157,0.31523297628148433,0.6847670237185156
Gwh,2022,5,0.0,1235.032,0.0,0.0,481.085727,803.809,261.893,268.6045,1235.032,1815.392227,3050.424227,0.0,0.40487221058253153,0.0,0.0,0.15771108908124995,0.2635072829822499,0.08585461578816656,0.088054801565802,0.40487221058253153,0.5951277894174685
