unit,year,month,coal,gas,oil,nuclear,hydro,wind,solar,other,fossil,low.carbon,total.prod,coal.perc,gas.perc,oil.perc,nuclear.perc,hydro.perc,wind.perc,solar.perc,other.perc,fossil.perc,low.carbon.perc
Gwh,2022,1,0.0,1442.164,0.0,0.0,737.1545,1281.6424040000002,148.561,318.367,1442.164,2485.724904,3927.888904,0.0,0.3671600789246762,0.0,0.0,0.1876719321794749,0.3262929363136591,0.03782209823926324,0.0810529543429266,0.3671600789246762,0.6328399210753238
Gwh,2022,2,0.0,1245.626,0.0,0.0,307.453,892.334333,161.506,293.141,1245.626,1654.4343330000002,2900.060333,0.0,0.4295172710118924,0.0,0.0,0.10601607025256325,0.3076950927006801,0.055690565524520765,0.10108100051034354,0.4295172710118924,0.5704827289881076
Gwh,2022,3,0.0,1321.056,0.0,0.0,651.952,1490.6735,158.901,321.133,1321.056,2622.6595,3943.7155,0.0,0.33497751042132734,0.0,0.0,0.16531415615553405,0.37798707842895873,0.04029220667667331,0.08142904831750668,0.33497751042132734,0.6650224895786728
Gwh,2022,4,0.0,1081.883,0.0,0.0,659.1742730000001,1145.2525,236.028,312.875,1081.883,2353.329773,3435.212773,0.0,0.3149391526787968,0.0,0.0,0.1918874656559738,0.3333861905153087,0.06870840777465867,0.09107878337526197,0.3149391526787968,0.6850608473212031
Gwh,2022,5,0.0,1353.969,0.0,0.0,512.582227,844.0065,275.965,292.7745,1353.969,1925.328227,3279.297227,0.0,0.4128838913570063,0.0,0.0,0.15630855988888986,0.2573741998898107,0.08415370150892393,0.08927964735536917,0.4128838913570063,0.5871161086429937
Gwh,2022,6,0.0,742.397,0.0,0.0,155.322,318.0395,130.074,126.871,742.397,730.3065,1472.7035,0.0,0.5041048656433559,0.0,0.0,0.10546725800543015,0.215956232873759,0.08832327756401748,0.08614836591343743,0.5041048656433559,0.49589513435664406
