unit,year,month,coal,gas,oil,nuclear,hydro,wind,solar,other,fossil,low.carbon,total.prod,coal.perc,gas.perc,oil.perc,nuclear.perc,hydro.perc,wind.perc,solar.perc,other.perc,fossil.perc,low.carbon.perc
Gwh,2022,1,0.0,1453.039,0.0,0.0,742.382,1281.656404,0.957,308.899,1453.039,2333.894404,3786.933404,0.0,0.3836980598774744,0.0,0.0,0.19603777537145198,0.3384417594051781,0.0002527110719689857,0.08156969427392656,0.3836980598774744,0.6163019401225256
Gwh,2022,2,0.0,1255.408,0.0,0.0,307.7835,892.398333,1.173,284.711,1255.408,1486.065833,2741.473833,0.0,0.45793178285645153,0.0,0.0,0.11226935537195769,0.32551772782140576,0.00042787203944105636,0.10385326191074391,0.45793178285645153,0.5420682171435485
Gwh,2022,3,0.0,1333.222,0.0,0.0,653.572,1490.6675,1.591,310.341,1333.222,2456.1715,3789.3935,0.0,0.3518299168455321,0.0,0.0,0.1724740383916318,0.39337891406632747,0.000419856106260804,0.08189727459024776,0.3518299168455321,0.6481700831544678
Gwh,2022,4,0.0,769.318,0.0,0.0,511.401,1043.3895,0.47,256.554,769.318,1811.8145,2581.1325,0.0,0.29805443928198183,0.0,0.0,0.19813047179871626,0.4042370936013552,0.00018209061332573974,0.09939590470462092,0.29805443928198183,0.7019455607180181
