unit,year,month,coal,gas,oil,nuclear,hydro,wind,solar,other,fossil,low.carbon,total.prod,coal.perc,gas.perc,oil.perc,nuclear.perc,hydro.perc,wind.perc,solar.perc,other.perc,fossil.perc,low.carbon.perc
Gwh,2022,1,0.0,1453.039,0.0,0.0,742.382,1281.6434040000001,148.554,308.899,1453.039,2481.478404,3934.517404,0.0,0.3693055210590193,0.0,0.0,0.18868438585257302,0.32574348322796237,0.03775660004679954,0.07851000981364575,0.3693055210590193,0.6306944789409806
Gwh,2022,2,0.0,1255.408,0.0,0.0,307.7835,892.398333,161.482,284.711,1255.408,1646.374833,2901.782833,0.0,0.4326333403461829,0.0,0.0,0.10606703454848097,0.30753450011881023,0.055649236794557876,0.09811588819196794,0.4326333403461829,0.567366659653817
Gwh,2022,3,0.0,1333.222,0.0,0.0,653.572,1490.6735,158.87,310.341,1333.222,2613.4565,3946.6785,0.0,0.33780861552315444,0.0,0.0,0.16560051699169315,0.37770330164972904,0.04025410227866293,0.07863346355676046,0.33780861552315444,0.6621913844768454
Gwh,2022,4,0.0,1093.825,0.0,0.0,660.7847730000001,1146.5035,235.196,302.798,1093.825,2345.2822730000003,3439.107273,0.0,0.3180549233190494,0.0,0.0,0.19213845935767648,0.3333724158595038,0.06838867802888683,0.08804552343488356,0.3180549233190494,0.6819450766809507
Gwh,2022,5,0.0,94.02,0.0,0.0,64.200027,147.776405,25.131,26.679,94.02,263.78643200000005,357.80643200000003,0.0,0.26276777495156933,0.0,0.0,0.17942669907063047,0.41300656383952317,0.07023630027981162,0.07456266185846541,0.26276777495156933,0.7372322250484308
