unit,year,month,coal,gas,oil,nuclear,hydro,wind,solar,other,fossil,low.carbon,total.prod,coal.perc,gas.perc,oil.perc,nuclear.perc,hydro.perc,wind.perc,solar.perc,other.perc,fossil.perc,low.carbon.perc
Gwh,2022,1,0.0,1443.546,0.0,0.0,737.7385,1281.6424040000002,148.561,318.367,1443.546,2486.308904,3929.8549040000003,0.0,0.36732806560636316,0.0,0.0,0.18772665098884272,0.32612970079263776,0.037803176867621066,0.08101240574453535,0.36732806560636316,0.6326719343936368
Gwh,2022,2,0.0,1246.931,0.0,0.0,307.453,892.334333,161.506,293.141,1246.931,1654.4343330000002,2901.365333,0.0,0.4297738674331917,0.0,0.0,0.10596838547115843,0.30755669506719097,0.055665516563198,0.1010355354652609,0.4297738674331917,0.5702261325668083
Gwh,2022,3,0.0,1322.434,0.0,0.0,651.952,1490.6735,158.901,321.133,1322.434,2622.6595,3945.0935,0.0,0.3352097992100821,0.0,0.0,0.1652564128074531,0.3778550495698011,0.040278132824988815,0.08140060558767491,0.3352097992100821,0.664790200789918
Gwh,2022,4,0.0,1083.357,0.0,0.0,659.1742730000001,1145.2525,236.028,312.875,1083.357,2353.329773,3436.686773,0.0,0.31523297628148433,0.0,0.0,0.1918051648403746,0.33324320068897945,0.06867893863774009,0.09103971955142157,0.31523297628148433,0.6847670237185156
Gwh,2022,5,0.0,1345.059,0.0,0.0,512.560227,844.9315,275.706,287.3065,1345.059,1920.504227,3265.563227,0.0,0.41189188709589786,0.0,0.0,0.1569592108222255,0.25873989914328493,0.08442831476066227,0.08798068817792944,0.41189188709589786,0.588108112904102
Gwh,2022,6,0.0,183.085,0.0,0.0,48.4195,80.6535,22.81,28.019,183.085,179.902,362.987,0.0,0.5043844545396943,0.0,0.0,0.1333918294594572,0.22219390777080167,0.06283971602288786,0.07719009220715893,0.5043844545396943,0.4956155454603057
