unit,year,month,coal,gas,oil,nuclear,hydro,wind,solar,other,fossil,low.carbon,total.prod,coal.perc,gas.perc,oil.perc,nuclear.perc,hydro.perc,wind.perc,solar.perc,other.perc,fossil.perc,low.carbon.perc
Gwh,2022,1,0.0,1442.164,0.0,0.0,736.2655,1281.6424040000002,148.627,318.367,1442.164,2484.9019040000003,3927.065904,0.0,0.36723702511105094,0.0,0.0,0.18748488515307585,0.3263613179230211,0.037846831103244966,0.0810699407096072,0.36723702511105094,0.6327629748889492
Gwh,2022,2,0.0,1245.626,0.0,0.0,305.405,892.326333,156.123,293.011,1245.626,1646.8653330000002,2892.491333,0.0,0.4306412212160637,0.0,0.0,0.10558545034022405,0.3084974958505779,0.05397526976790426,0.10130056282523009,0.4306412212160637,0.5693587787839364
Gwh,2022,3,0.0,1321.056,0.0,0.0,650.793,1488.7895,166.021,321.282,1321.056,2626.8855,3947.9415,0.0,0.3346189400222876,0.0,0.0,0.16484362800208666,0.377105258525234,0.04205254814439373,0.08137962530599807,0.3346189400222876,0.6653810599777125
Gwh,2022,4,0.0,1081.883,0.0,0.0,658.310773,1145.2525,235.97,313.273,1081.883,2352.806273,3434.689273,0.0,0.3149871542979603,0.0,0.0,0.1916653067207457,0.33343700374959656,0.06870199346850786,0.09120854176318965,0.3149871542979603,0.6850128457020398
Gwh,2022,5,0.0,1353.969,0.0,0.0,510.495227,844.0505,277.206,293.1245,1353.969,1924.876227,3278.845227,0.0,0.4129408088099427,0.0,0.0,0.15569360297835128,0.25742309915990436,0.08454378929426669,0.0893986997575351,0.4129408088099427,0.5870591911900573
Gwh,2022,6,0.0,1550.861,0.0,0.0,280.548,797.6875,272.214,271.04,1550.861,1621.4895,3172.3505,0.0,0.4888681121458679,0.0,0.0,0.08843537307747047,0.25144998952669323,0.08580829892535519,0.08543822632461326,0.4888681121458679,0.5111318878541321
Gwh,2022,7,0.0,1271.433,0.0,0.0,214.7795,520.442,234.932,243.614,1271.433,1213.7675,2485.2005,0.0,0.5116017802185377,0.0,0.0,0.08642340929836446,0.20941650381930957,0.09453241297834923,0.09802589368543907,0.5116017802185377,0.4883982197814623
