unit,year,month,coal,gas,oil,nuclear,hydro,wind,solar,other,fossil,low.carbon,total.prod,coal.perc,gas.perc,oil.perc,nuclear.perc,hydro.perc,wind.perc,solar.perc,other.perc,fossil.perc,low.carbon.perc
Gwh,2022,1,0.0,1442.164,0.0,0.0,737.1545,1281.6424040000002,148.669,318.367,1442.164,2485.832904,3927.996904,0.0,0.3671499838839995,0.0,0.0,0.18766677215283262,0.3262839649122086,0.03784855325334035,0.0810507257976189,0.3671499838839995,0.6328500161160004
Gwh,2022,2,0.0,1245.626,0.0,0.0,307.453,892.334333,161.613,293.141,1245.626,1654.5413330000001,2900.1673330000003,0.0,0.4295014242200624,0.0,0.0,0.1060121588508355,0.3076837404678125,0.05572540527612376,0.10107727118516578,0.4295014242200624,0.5704985757799376
Gwh,2022,3,0.0,1321.056,0.0,0.0,651.952,1490.2975,159.004,321.133,1321.056,2622.3865,3943.4425,0.0,0.3350007005300572,0.0,0.0,0.1653256006649013,0.3779178978772988,0.04032111537064379,0.0814346855570989,0.3350007005300572,0.6649992994699429
Gwh,2022,4,0.0,1081.883,0.0,0.0,659.1742730000001,1145.2525,236.254,313.088,1081.883,2353.7687730000002,3435.651773,0.0,0.3148989104490364,0.0,0.0,0.19186294669916773,0.3333435911637719,0.06876540918863373,0.09112914249939032,0.3148989104490364,0.6851010895509637
Gwh,2022,5,0.0,1353.969,0.0,0.0,512.582227,844.0065,277.339,292.9535,1353.969,1926.8812269999999,3280.850227,0.0,0.4126884515658203,0.0,0.0,0.15623457077731454,0.25725237106350846,0.08453266099062315,0.08929194560273356,0.4126884515658203,0.5873115484341797
Gwh,2022,6,0.0,985.375,0.0,0.0,191.767,440.23490000000004,169.158,172.262,985.375,973.4219,1958.7968999999998,0.0,0.5030511330705087,0.0,0.0,0.09790039998531752,0.22474759889603668,0.08635811094044513,0.08794275710769198,0.5030511330705087,0.4969488669294913
