unit,year,month,coal,gas,oil,nuclear,hydro,wind,solar,other,fossil,low.carbon,total.prod,coal.perc,gas.perc,oil.perc,nuclear.perc,hydro.perc,wind.perc,solar.perc,other.perc,fossil.perc,low.carbon.perc
Gwh,2022,1,0.0,1443.546,0.0,0.0,737.7385,1281.6424040000002,148.561,318.367,1443.546,2486.308904,3929.8549040000003,0.0,0.36732806560636316,0.0,0.0,0.18772665098884272,0.32612970079263776,0.037803176867621066,0.08101240574453535,0.36732806560636316,0.6326719343936368
Gwh,2022,2,0.0,1246.931,0.0,0.0,307.453,892.334333,161.506,293.141,1246.931,1654.4343330000002,2901.365333,0.0,0.4297738674331917,0.0,0.0,0.10596838547115843,0.30755669506719097,0.055665516563198,0.1010355354652609,0.4297738674331917,0.5702261325668083
Gwh,2022,3,0.0,1322.434,0.0,0.0,652.27,1490.6735,158.901,321.133,1322.434,2622.9775,3945.4115,0.0,0.3351827813144459,0.0,0.0,0.16532369310526923,0.3778245944687899,0.04027488640918698,0.08139404470230797,0.3351827813144459,0.6648172186855541
Gwh,2022,4,0.0,1083.357,0.0,0.0,659.1742730000001,1145.2525,235.951,312.875,1083.357,2353.252773,3436.609773,0.0,0.3152400393293067,0.0,0.0,0.19180946238902524,0.3332506672703337,0.06865807164193267,0.09104175936940163,0.3152400393293067,0.6847599606706932
Gwh,2022,5,0.0,944.019,0.0,0.0,393.518727,481.007,182.967,187.014,944.019,1244.506727,2188.5257269999997,0.0,0.4313492815522201,0.0,0.0,0.1798099616308509,0.2197858558689907,0.08360285544863509,0.0854520454993034,0.4313492815522201,0.56865071844778
