unit,year,month,coal,oil,gas,nuclear,hydro,wind,solar,other,fossil,low.carbon,total.prod,coal.perc,oil.perc,gas.perc,nuclear.perc,hydro.perc,wind.perc,solar.perc,other.perc,fossil.perc,low.carbon.perc
Gwh,2022,1,0.0,0.0,1453.039,0.0,743.11,1281.656404,0.957,308.899,1453.039,2334.622404,3787.661404,0.0,0.0,0.3836243119476051,0.0,0.1961922993473574,0.3383767098734045,0.0002526625001351362,0.08155401633149784,0.3836243119476051,0.616375688052395
Gwh,2022,2,0.0,0.0,1255.408,0.0,307.7835,892.398333,1.173,284.711,1255.408,1486.065833,2741.473833,0.0,0.0,0.45793178285645153,0.0,0.11226935537195769,0.32551772782140576,0.00042787203944105636,0.10385326191074391,0.45793178285645153,0.5420682171435485
Gwh,2022,3,0.0,0.0,1333.222,0.0,653.572,1490.6675,1.591,310.341,1333.222,2456.1715,3789.3935,0.0,0.0,0.3518299168455321,0.0,0.1724740383916318,0.39337891406632747,0.000419856106260804,0.08189727459024776,0.3518299168455321,0.6481700831544678
Gwh,2022,4,0.0,0.0,678.749,0.0,456.9615,978.9265,0.4085,226.17,678.749,1662.4665,2341.2155,0.0,0.0,0.28991308147413175,0.0,0.19518130646239104,0.4181274641313455,0.00017448201585885622,0.09660366591627298,0.28991308147413175,0.7100869185258684
