unit,year,month,coal,gas,oil,nuclear,hydro,wind,solar,other,fossil,low.carbon,total.prod,coal.perc,gas.perc,oil.perc,nuclear.perc,hydro.perc,wind.perc,solar.perc,other.perc,fossil.perc,low.carbon.perc
Gwh,2022,1,0.0,1442.164,0.0,0.0,737.1545,1281.6424040000002,148.627,318.367,1442.164,2485.790904,3927.954904,0.0,0.3671539096671869,0.0,0.0,0.18766877879614272,0.32628745373192813,0.03783826536517691,0.08105159243956533,0.3671539096671869,0.632846090332813
Gwh,2022,2,0.0,1245.626,0.0,0.0,307.548,892.326333,156.123,293.011,1245.626,1649.008333,2894.634333,0.0,0.430322402314987,0.0,0.0,0.10624761701118123,0.3082691042620201,0.053935309969945,0.10122556644186671,0.430322402314987,0.569677597685013
Gwh,2022,3,0.0,1321.056,0.0,0.0,652.009,1490.2895,166.021,321.282,1321.056,2629.6015,3950.6575,0.0,0.334388896025535,0.0,0.0,0.16503809808873587,0.37722568964786246,0.0420236378374992,0.08132367840036753,0.334388896025535,0.6656111039744651
Gwh,2022,4,0.0,1081.883,0.0,0.0,659.1742730000001,1145.2525,235.97,313.273,1081.883,2353.669773,3435.552773,0.0,0.31490798467789977,0.0,0.0,0.19186847548390143,0.33335319690052106,0.06868472574617034,0.09118561719150749,0.31490798467789977,0.6850920153221003
Gwh,2022,5,0.0,1353.969,0.0,0.0,512.556227,844.0505,276.993,293.1245,1353.969,1926.724227,3280.6932269999998,0.0,0.41270820107679645,0.0,0.0,0.15623412234392378,0.2572780938654951,0.08443124084884149,0.0893483418649433,0.41270820107679645,0.5872917989232036
Gwh,2022,6,0.0,1550.861,0.0,0.0,280.57,801.5275,271.581,271.037,1550.861,1624.7155,3175.5765,0.0,0.48837148152469323,0.0,0.0,0.08835246135622933,0.252403776133247,0.08552179423169305,0.0853504867541374,0.48837148152469323,0.5116285184753068
Gwh,2022,7,0.0,127.868,0.0,0.0,34.2865,49.359,29.724,31.698,127.868,145.0675,272.9355,0.0,0.4684916399662191,0.0,0.0,0.1256212548385974,0.180844924899839,0.10890485114614992,0.1161373291491946,0.4684916399662191,0.5315083600337809
