unit,year,month,coal,gas,oil,nuclear,hydro,wind,solar,other,fossil,low.carbon,total.prod,coal.perc,gas.perc,oil.perc,nuclear.perc,hydro.perc,wind.perc,solar.perc,other.perc,fossil.perc,low.carbon.perc
Gwh,2022,1,0.0,1442.164,0.0,0.0,737.1545,1281.6424040000002,148.627,318.367,1442.164,2485.790904,3927.954904,0.0,0.3671539096671869,0.0,0.0,0.18766877879614272,0.32628745373192813,0.03783826536517691,0.08105159243956533,0.3671539096671869,0.632846090332813
Gwh,2022,2,0.0,1245.626,0.0,0.0,305.405,892.326333,156.123,293.011,1245.626,1646.8653330000002,2892.491333,0.0,0.4306412212160637,0.0,0.0,0.10558545034022405,0.3084974958505779,0.05397526976790426,0.10130056282523009,0.4306412212160637,0.5693587787839364
Gwh,2022,3,0.0,1321.056,0.0,0.0,650.793,1490.2895,166.021,321.282,1321.056,2628.3855,3949.4415,0.0,0.3344918515693928,0.0,0.0,0.16478102030375688,0.3773418342821384,0.04203657656405342,0.08134871728065854,0.3344918515693928,0.6655081484306072
Gwh,2022,4,0.0,1081.883,0.0,0.0,658.310773,1145.2525,235.97,313.273,1081.883,2352.806273,3434.689273,0.0,0.3149871542979603,0.0,0.0,0.1916653067207457,0.33343700374959656,0.06870199346850786,0.09120854176318965,0.3149871542979603,0.6850128457020398
Gwh,2022,5,0.0,1353.969,0.0,0.0,510.864727,844.0505,276.993,293.1245,1353.969,1925.032727,3279.001727,0.0,0.41292109999550486,0.0,0.0,0.15579885877870417,0.2574108128854914,0.08447479539860578,0.08939443294169391,0.41292109999550486,0.5870789000044953
Gwh,2022,6,0.0,1550.861,0.0,0.0,280.57,801.5275,271.581,271.037,1550.861,1624.7155,3175.5765,0.0,0.48837148152469323,0.0,0.0,0.08835246135622933,0.252403776133247,0.08552179423169305,0.0853504867541374,0.48837148152469323,0.5116285184753068
Gwh,2022,7,0.0,396.085,0.0,0.0,73.7825,183.097,80.1,81.562,396.085,418.5415,814.6265,0.0,0.48621668948898666,0.0,0.0,0.09057218246644322,0.22476190008549932,0.09832727022752144,0.10012195773154937,0.48621668948898666,0.5137833105110133
