unit,year,month,coal,gas,oil,nuclear,hydro,wind,solar,other,fossil,low.carbon,total.prod,coal.perc,gas.perc,oil.perc,nuclear.perc,hydro.perc,wind.perc,solar.perc,other.perc,fossil.perc,low.carbon.perc
Gwh,2022,1,0.0,1442.164,0.0,0.0,737.1545,1281.6424040000002,148.627,318.367,1442.164,2485.790904,3927.954904,0.0,0.3671539096671869,0.0,0.0,0.18766877879614272,0.32628745373192813,0.03783826536517691,0.08105159243956533,0.3671539096671869,0.632846090332813
Gwh,2022,2,0.0,1245.626,0.0,0.0,305.405,892.326333,156.123,293.011,1245.626,1646.8653330000002,2892.491333,0.0,0.4306412212160637,0.0,0.0,0.10558545034022405,0.3084974958505779,0.05397526976790426,0.10130056282523009,0.4306412212160637,0.5693587787839364
Gwh,2022,3,0.0,1321.056,0.0,0.0,651.3225,1490.2895,166.021,321.282,1321.056,2628.915,3949.971,0.0,0.3344470123957872,0.0,0.0,0.1648929827586076,0.37729125099905797,0.04203094149298817,0.08133781235355905,0.3344470123957872,0.6655529876042128
Gwh,2022,4,0.0,1081.883,0.0,0.0,658.310773,1145.2525,235.97,313.273,1081.883,2352.806273,3434.689273,0.0,0.3149871542979603,0.0,0.0,0.1916653067207457,0.33343700374959656,0.06870199346850786,0.09120854176318965,0.3149871542979603,0.6850128457020398
Gwh,2022,5,0.0,1353.969,0.0,0.0,511.620727,844.0505,276.993,293.1245,1353.969,1925.7887269999999,3279.757727,0.0,0.41282591968720744,0.0,0.0,0.15599345121994126,0.25735147844961537,0.08445532355018368,0.08937382709305224,0.41282591968720744,0.5871740803127925
Gwh,2022,6,0.0,1550.861,0.0,0.0,280.57,801.5275,271.581,271.037,1550.861,1624.7155,3175.5765,0.0,0.48837148152469323,0.0,0.0,0.08835246135622933,0.252403776133247,0.08552179423169305,0.0853504867541374,0.48837148152469323,0.5116285184753068
Gwh,2022,7,0.0,288.041,0.0,0.0,56.9485,108.9325,59.088,62.008,288.041,286.977,575.018,0.0,0.5009251884288839,0.0,0.0,0.09903776925244079,0.1894418957319597,0.1027585223419093,0.10783662424480625,0.5009251884288839,0.49907481157111594
