unit,year,month,coal,oil,gas,nuclear,hydro,wind,solar,other,fossil,low.carbon,total.prod,coal.perc,oil.perc,gas.perc,nuclear.perc,hydro.perc,wind.perc,solar.perc,other.perc,fossil.perc,low.carbon.perc
Gwh,2022,1,0.0,0.0,1453.039,0.0,743.041,1281.656404,0.956,308.804,1453.039,2334.457404,3787.496404,0.0,0.0,0.38364102430973557,0.0,0.19618262850765206,0.3383914510509988,0.00025240948057148304,0.08153248665104211,0.38364102430973557,0.6163589756902645
Gwh,2022,2,0.0,0.0,1255.408,0.0,307.7835,892.398333,1.173,284.528,1255.408,1485.8828330000001,2741.290833,0.0,0.0,0.45796235294965504,0.0,0.11227685012289246,0.32553945836654685,0.00042790060283983013,0.1037934379580658,0.45796235294965504,0.542037647050345
Gwh,2022,3,0.0,0.0,1333.222,0.0,655.241,1490.8705,1.591,309.981,1333.222,2457.6835,3790.9055,0.0,0.0,0.3516895897299471,0.0,0.17284551144838614,0.39327556437373606,0.0004196886469472795,0.08176964580098343,0.3516895897299471,0.648310410270053
Gwh,2022,4,0.0,0.0,641.065,0.0,418.2625,942.973,0.3175,212.632,641.065,1574.185,2215.25,0.0,0.0,0.28938720234736487,0.0,0.1888105180002257,0.4256734002934206,0.0001433246811872249,0.09598555467780161,0.28938720234736487,0.7106127976526351
