unit,year,month,coal,gas,oil,nuclear,hydro,wind,solar,other,fossil,low.carbon,total.prod,coal.perc,gas.perc,oil.perc,nuclear.perc,hydro.perc,wind.perc,solar.perc,other.perc,fossil.perc,low.carbon.perc
Gwh,2022,1,0.0,1442.164,0.0,0.0,737.1545,1281.6424040000002,148.627,318.367,1442.164,2485.790904,3927.954904,0.0,0.3671539096671869,0.0,0.0,0.18766877879614272,0.32628745373192813,0.03783826536517691,0.08105159243956533,0.3671539096671869,0.632846090332813
Gwh,2022,2,0.0,1245.626,0.0,0.0,305.405,892.326333,156.123,293.011,1245.626,1646.8653330000002,2892.491333,0.0,0.4306412212160637,0.0,0.0,0.10558545034022405,0.3084974958505779,0.05397526976790426,0.10130056282523009,0.4306412212160637,0.5693587787839364
Gwh,2022,3,0.0,1321.056,0.0,0.0,650.793,1488.7895,166.021,321.282,1321.056,2626.8855,3947.9415,0.0,0.3346189400222876,0.0,0.0,0.16484362800208666,0.377105258525234,0.04205254814439373,0.08137962530599807,0.3346189400222876,0.6653810599777125
Gwh,2022,4,0.0,1081.883,0.0,0.0,658.310773,1145.2525,235.97,313.273,1081.883,2352.806273,3434.689273,0.0,0.3149871542979603,0.0,0.0,0.1916653067207457,0.33343700374959656,0.06870199346850786,0.09120854176318965,0.3149871542979603,0.6850128457020398
Gwh,2022,5,0.0,1353.969,0.0,0.0,510.864727,844.0505,276.975,293.1245,1353.969,1925.014727,3278.983727,0.0,0.41292336672825464,0.0,0.0,0.15579971403743414,0.257412225943627,0.08446976961773743,0.08939492367294692,0.41292336672825464,0.5870766332717454
Gwh,2022,6,0.0,1550.861,0.0,0.0,280.548,801.5275,271.345,271.04,1550.861,1624.4605,3175.3215,0.0,0.48841070108963774,0.0,0.0,0.08835262822992884,0.2524240458800786,0.08545433903307115,0.08535828576728373,0.48841070108963774,0.5115892989103623
Gwh,2022,7,0.0,540.527,0.0,0.0,94.044,244.9935,109.998,113.342,540.527,562.3775,1102.9045,0.0,0.4900941105961577,0.0,0.0,0.0852693954916314,0.22213482672343796,0.0997348365157636,0.1027668306730093,0.4900941105961577,0.5099058894038423
