unit,year,month,coal,oil,gas,nuclear,hydro,wind,solar,other,fossil,low.carbon,total.prod,coal.perc,oil.perc,gas.perc,nuclear.perc,hydro.perc,wind.perc,solar.perc,other.perc,fossil.perc,low.carbon.perc
Gwh,2022,1,0.0,0.0,1453.039,0.0,743.041,1281.656404,0.956,308.804,1453.039,2334.457404,3787.496404,0.0,0.0,0.38364102430973557,0.0,0.19618262850765206,0.3383914510509988,0.00025240948057148304,0.08153248665104211,0.38364102430973557,0.6163589756902645
Gwh,2022,2,0.0,0.0,1255.408,0.0,307.7835,892.398333,1.173,284.528,1255.408,1485.8828330000001,2741.290833,0.0,0.0,0.45796235294965504,0.0,0.11227685012289246,0.32553945836654685,0.00042790060283983013,0.1037934379580658,0.45796235294965504,0.542037647050345
Gwh,2022,3,0.0,0.0,1333.222,0.0,653.572,1490.8705,1.591,309.981,1333.222,2456.0145,3789.2365,0.0,0.0,0.35184449426685294,0.0,0.17248118453414032,0.3934487857910162,0.0004198735022213578,0.08180566190576914,0.35184449426685294,0.6481555057331471
Gwh,2022,4,0.0,0.0,641.049,0.0,418.1755,942.433,0.3235,212.28,641.049,1573.212,2214.261,0.0,0.0,0.28950923129658157,0.0,0.18885555948463167,0.4256196536903283,0.0001460984048402605,0.09586945712361822,0.28950923129658157,0.7104907687034184
