unit,year,month,coal,gas,oil,nuclear,hydro,wind,solar,other,fossil,low.carbon,total.prod,coal.perc,gas.perc,oil.perc,nuclear.perc,hydro.perc,wind.perc,solar.perc,other.perc,fossil.perc,low.carbon.perc
Gwh,2022,1,0.0,1453.039,0.0,0.0,741.4765,1281.6424040000002,148.545,308.899,1453.039,2480.562904,3933.601904,0.0,0.36939147261506916,0.0,0.0,0.18849810379794854,0.32581904200745987,0.03776309947606736,0.07852828210345507,0.36939147261506916,0.6306085273849308
Gwh,2022,2,0.0,1255.408,0.0,0.0,307.7835,892.334333,161.47,284.711,1255.408,1646.298833,2901.706833,0.0,0.43264467165418835,0.0,0.0,0.10606981260122358,0.30752049891871347,0.05564655883346434,0.09811845799241015,0.43264467165418835,0.5673553283458116
Gwh,2022,3,0.0,1333.222,0.0,0.0,653.572,1490.6735,158.876,310.341,1333.222,2613.4625,3946.6845,0.0,0.3378081019650798,0.0,0.0,0.165600265235288,0.3777027274412232,0.040255561345225344,0.07863334401318373,0.3378081019650798,0.6621918980349203
Gwh,2022,4,0.0,1093.794,0.0,0.0,660.829773,1145.7435,235.812,302.662,1093.794,2345.047273,3438.841273,0.0,0.3180705107234532,0.0,0.0,0.19216640738509597,0.3331771980858158,0.06857309811053905,0.08801278569509596,0.3180705107234532,0.6819294892765468
Gwh,2022,5,0.0,527.757,0.0,0.0,298.25822700000003,280.453,114.084,109.131,527.757,801.9262269999999,1329.683227,0.0,0.3969043071940622,0.0,0.0,0.2243077305509247,0.21091715252568194,0.08579787853487002,0.0820729311944611,0.3969043071940622,0.6030956928059377
