unit,year,month,coal,gas,oil,nuclear,hydro,wind,solar,other,fossil,low.carbon,total.prod,coal.perc,gas.perc,oil.perc,nuclear.perc,hydro.perc,wind.perc,solar.perc,other.perc,fossil.perc,low.carbon.perc
Gwh,2022,1,0.0,1442.164,0.0,0.0,737.7385,1281.6424040000002,148.561,318.367,1442.164,2486.308904,3928.472904,0.0,0.3671054975411891,0.0,0.0,0.18779269146767671,0.3262444301690416,0.037816475671433064,0.08104090515065954,0.3671054975411891,0.6328945024588108
Gwh,2022,2,0.0,1245.626,0.0,0.0,307.453,892.334333,161.506,293.141,1245.626,1654.4343330000002,2900.060333,0.0,0.4295172710118924,0.0,0.0,0.10601607025256325,0.3076950927006801,0.055690565524520765,0.10108100051034354,0.4295172710118924,0.5704827289881076
Gwh,2022,3,0.0,1321.056,0.0,0.0,651.952,1490.6735,158.901,321.133,1321.056,2622.6595,3943.7155,0.0,0.33497751042132734,0.0,0.0,0.16531415615553405,0.37798707842895873,0.04029220667667331,0.08142904831750668,0.33497751042132734,0.6650224895786728
Gwh,2022,4,0.0,1081.883,0.0,0.0,659.1742730000001,1145.2525,236.028,312.875,1081.883,2353.329773,3435.212773,0.0,0.3149391526787968,0.0,0.0,0.1918874656559738,0.3333861905153087,0.06870840777465867,0.09107878337526197,0.3149391526787968,0.6850608473212031
Gwh,2022,5,0.0,1353.969,0.0,0.0,512.582227,844.0065,275.965,292.7745,1353.969,1925.328227,3279.297227,0.0,0.4128838913570063,0.0,0.0,0.15630855988888986,0.2573741998898107,0.08415370150892393,0.08927964735536917,0.4128838913570063,0.5871161086429937
Gwh,2022,6,0.0,593.231,0.0,0.0,114.808262,275.59247,101.451,99.38,593.231,591.231732,1184.4627319999997,0.0,0.5008439556374326,0.0,0.0,0.09692855579013694,0.2326729770000058,0.08565149181916179,0.08390301975326313,0.5008439556374326,0.49915604436256766
