unit,year,month,coal,oil,gas,nuclear,hydro,wind,solar,other,fossil,low.carbon,total.prod,coal.perc,oil.perc,gas.perc,nuclear.perc,hydro.perc,wind.perc,solar.perc,other.perc,fossil.perc,low.carbon.perc
Gwh,2022,1,0.0,0.0,1453.039,0.0,743.396,1281.656404,0.956,308.804,1453.039,2334.8124040000002,3787.851404,0.0,0.0,0.38360506921300547,0.0,0.19625796281632593,0.3383597367749329,0.00025238582458394663,0.08152484537115173,0.38360506921300547,0.6163949307869946
Gwh,2022,2,0.0,0.0,1255.408,0.0,307.7835,892.398333,1.173,284.528,1255.408,1485.8828330000001,2741.290833,0.0,0.0,0.45796235294965504,0.0,0.11227685012289246,0.32553945836654685,0.00042790060283983013,0.1037934379580658,0.45796235294965504,0.542037647050345
Gwh,2022,3,0.0,0.0,1333.222,0.0,655.523,1490.8705,1.591,309.981,1333.222,2457.9655,3791.1875,0.0,0.0,0.3516634299939003,0.0,0.17290703770256682,0.39324631134703836,0.0004196574292355627,0.08176356352725894,0.3516634299939003,0.6483365700060996
Gwh,2022,4,0.0,0.0,672.488,0.0,455.9625,978.467,0.3375,223.218,672.488,1657.985,2330.473,0.0,0.0,0.28856287972441647,0.0,0.19565234182073768,0.4198576855428061,0.00014482038624777033,0.09578227252579197,0.28856287972441647,0.7114371202755835
