unit,year,month,coal,oil,gas,nuclear,hydro,wind,solar,other,fossil,low.carbon,total.prod,coal.perc,oil.perc,gas.perc,nuclear.perc,hydro.perc,wind.perc,solar.perc,other.perc,fossil.perc,low.carbon.perc
Gwh,2022,1,840.383249,0.0,1210.682626,1046.499124,1273.4876259999999,1019.500627,1.607501,49.63325,2051.065875,3390.728128,5441.794003000001,0.15443128654570643,0.0,0.2224785843294627,0.19230774325949798,0.23401981502753325,0.18734642039701624,0.0002953990906516863,0.009120751350131543,0.3769098708751691,0.6230901291248307
Gwh,2022,2,800.1645,0.0,1112.258875,942.82425,965.8545,665.156622,1.504243,51.75775,1912.423375,2627.0973649999996,4539.52074,0.17626629457804835,0.0,0.24501680655390068,0.2076924644692779,0.2127657423149035,0.14652573698782131,0.0003313660375522373,0.011401589058496074,0.42128310113194906,0.5787168988680509
Gwh,2022,3,947.238625,0.0,677.859,1043.1545,1124.062626,801.67625,2.08649,54.41875,1625.097625,3025.3986160000004,4650.496241000001,0.20368549417348078,0.0,0.1457605736832591,0.22431036301099977,0.24170810333958934,0.17238509794550758,0.00044865964659963686,0.011701708200563621,0.34944606785673993,0.6505539321432601
Gwh,2022,4,53.24125,0.0,28.547125,67.36025,81.383375,96.703625,0.12725,3.104,81.788375,248.6785,330.466875,0.16110918832636403,0.0,0.08638422534785067,0.2038335914908264,0.24626787480590906,0.2926272867742039,0.0003850612863997337,0.009392771968446156,0.2474934136742147,0.7525065863257853
