unit,year,month,coal,gas,oil,nuclear,hydro,wind,solar,other,fossil,low.carbon,total.prod,coal.perc,gas.perc,oil.perc,nuclear.perc,hydro.perc,wind.perc,solar.perc,other.perc,fossil.perc,low.carbon.perc
Gwh,2022,1,840.383249,1210.682626,0.0,1046.499124,1273.4876259999999,1018.773874,57.161625,49.63325,2051.065875,3445.555499,5496.621374,0.15289087456071881,0.2202594182176609,0.0,0.1903895234534668,0.23168552813621537,0.1853454703682124,0.010399411040095409,0.009029774223630197,0.3731502927783797,0.6268497072216203
Gwh,2022,2,800.1645,1112.258875,0.0,942.82425,965.8545,664.4235,80.19925,51.75775,1912.423375,2705.05925,4617.482625,0.17329020268917633,0.24087992642960948,0.0,0.20418577102929544,0.20917339131297763,0.14389301573170513,0.01736860893981166,0.011209083867424408,0.41417012911878587,0.5858298708812142
Gwh,2022,3,947.238625,677.859,0.0,1043.1545,1124.062626,801.509375,123.619875,54.41875,1625.097625,3146.7651260000002,4771.862751000001,0.1985050020144638,0.1420533312400795,0.0,0.21860530246419904,0.2355605524832916,0.16796572257490727,0.02590599970087027,0.011404089522188354,0.3405583332545433,0.6594416667454567
Gwh,2022,4,839.70175,481.357625,0.0,1007.719625,1313.030375,748.626625,130.447875,46.947375,1321.059375,3246.771875,4567.83125,0.18382941576486653,0.10537990539821276,0.0,0.22061227086705532,0.28745159423304,0.1638910423847203,0.02855794530500662,0.01027782604709839,0.2892093211630793,0.7107906788369206
Gwh,2022,5,881.699125,799.08775,0.0,963.230875,1541.974625,356.815875,162.7545,45.909875,1680.786875,3070.68575,4751.472625,0.185563338902747,0.1681768607474614,0.0,0.20272259802822706,0.3245256253580962,0.07509584988927512,0.034253485781158215,0.009662241293034914,0.3537401996502084,0.6462598003497916
