unit,year,month,coal,gas,oil,nuclear,hydro,wind,solar,other,fossil,low.carbon,total.prod,coal.perc,gas.perc,oil.perc,nuclear.perc,hydro.perc,wind.perc,solar.perc,other.perc,fossil.perc,low.carbon.perc
Gwh,2022,1,840.383249,1210.682626,0.0,1046.499124,1273.4876259999999,1019.641627,57.161625,49.63325,2051.065875,3446.423252,5497.489127000001,0.15286674144976437,0.2202246512965227,0.0,0.1903594713558039,0.23164895765695612,0.18547405978343826,0.010397769541600403,0.009028348915914098,0.373091392746287,0.6269086072537128
Gwh,2022,2,800.1645,1112.258875,0.0,942.82425,965.8545,665.156622,80.19925,51.75775,1912.423375,2705.792372,4618.215746999999,0.17326269361057636,0.2408416877714137,0.0,0.20415335741134663,0.20914018593163836,0.14402891905430942,0.01736585174741946,0.011207304473296192,0.4141043813819901,0.58589561861801
Gwh,2022,3,947.238625,677.859,0.0,1043.1545,1124.062626,801.67625,123.619875,54.41875,1625.097625,3146.932001,4772.0296260000005,0.19849806041417897,0.14204836372069915,0.0,0.2185976579685216,0.2355523150727396,0.16799481831213592,0.025905093783673835,0.011403690728050815,0.3405464241348781,0.6594535758651218
Gwh,2022,4,839.70175,481.357625,0.0,1007.7375,1313.030375,748.8992489999999,130.447875,46.947375,1321.059375,3247.0623739999996,4568.121749,0.1838177255638639,0.10537320401002298,0.0,0.22060215453333792,0.2874333144223736,0.1639402997881876,0.028556129229383203,0.010277172452830788,0.2891909295738869,0.7108090704261131
Gwh,2022,5,143.219125,117.131375,0.0,167.797375,293.74575,45.815625,26.49225,7.597875,260.3505,541.448875,801.799375,0.17862214597011875,0.14608564018898118,0.0,0.20927601122163506,0.3663581678396793,0.05714100862201345,0.033040996072115913,0.009476030085456227,0.32470778615909995,0.6752922138409001
