unit,year,month,coal,gas,oil,nuclear,hydro,wind,solar,other,fossil,low.carbon,total.prod,coal.perc,gas.perc,oil.perc,nuclear.perc,hydro.perc,wind.perc,solar.perc,other.perc,fossil.perc,low.carbon.perc
Gwh,2022,1,840.383249,1210.682626,0.0,1046.499124,1273.4876259999999,1020.509875,1.607501,49.63325,2051.065875,3391.737376,5442.803251,0.15440265066454448,0.2224373305754829,0.0,0.1922720840235641,0.23397642120648462,0.1874971091068748,0.0002953443153956843,0.009119060107653338,0.3768399812400273,0.6231600187599726
Gwh,2022,2,800.1645,1112.258875,0.0,942.82425,965.8545,665.916125,1.504243,51.75775,1912.423375,2627.856868,4540.280243,0.17623680856124632,0.24497581987694056,0.0,0.20765772144871542,0.2127301506309244,0.1466685070875701,0.0003313106062823268,0.011399681788320836,0.4212126284381869,0.578787371561813
Gwh,2022,3,947.238625,677.859,0.0,1043.1545,1124.062626,801.813125,2.08649,54.41875,1625.097625,3025.5354910000005,4650.633116,0.2036794994086134,0.14575628373433705,0.0,0.22430376122578663,0.2417009895131878,0.17240945587417952,0.0004486464418837205,0.011701363802011856,0.3494357831429505,0.6505642168570497
Gwh,2022,4,754.2745,401.7225,0.0,907.28475,1147.485375,715.9388739999999,2.285752,43.169125,1155.997,2816.1638759999996,3972.160876,0.18989021934065292,0.10113449896433652,0.0,0.22841087718321307,0.28888189849841317,0.180239143466152,0.0005754429569584231,0.010867919590273917,0.29102471830498944,0.7089752816950105
