unit,year,month,coal,oil,gas,nuclear,hydro,wind,solar,other,fossil,low.carbon,total.prod,coal.perc,oil.perc,gas.perc,nuclear.perc,hydro.perc,wind.perc,solar.perc,other.perc,fossil.perc,low.carbon.perc
Gwh,2022,1,840.383249,0.0,1210.682626,1046.499124,1273.4876259999999,1020.700001,1.607501,49.63325,2051.065875,3391.9275020000005,5442.993377000001,0.1543972573163761,0.0,0.22242956074792958,0.19226536788049445,0.23396824831374394,0.18752549016742998,0.00029533399889712924,0.009118741575128687,0.3768268180643056,0.6231731819356943
Gwh,2022,2,800.1645,0.0,1112.258875,942.82425,965.8545,665.938125,1.504243,51.75775,1912.423375,2627.878868,4540.302243,0.17623595460713032,0.0,0.24497463284846782,0.2076567152448049,0.21272911984859683,0.1466726418988314,0.0003313090009193029,0.0113996265512494,0.4212105874555982,0.5787894125444017
Gwh,2022,3,947.238625,0.0,677.859,1043.1545,1124.062626,801.813125,2.08649,54.41875,1625.097625,3025.5354910000005,4650.633116,0.2036794994086134,0.0,0.14575628373433705,0.22430376122578663,0.2417009895131878,0.17240945587417952,0.0004486464418837205,0.011701363802011856,0.3494357831429505,0.6505642168570497
Gwh,2022,4,517.656,0.0,257.46,604.891125,757.43025,572.4432489999999,1.509627,29.637625,775.116,1965.911876,2741.027876,0.18885470101654667,0.0,0.09392826765983607,0.22068039887384203,0.2763307358644316,0.20884254918099196,0.0005507521514896115,0.010812595252861996,0.28278296867638275,0.7172170313236171
