unit,year,month,coal,gas,oil,nuclear,hydro,wind,solar,other,fossil,low.carbon,total.prod,coal.perc,gas.perc,oil.perc,nuclear.perc,hydro.perc,wind.perc,solar.perc,other.perc,fossil.perc,low.carbon.perc
Gwh,2022,1,840.383249,1210.682626,0.0,1046.499124,1273.4876259999999,1020.723251,1.607501,49.63325,2051.065875,3391.950752,5443.016627,0.15439659780410955,0.2224286106337481,0.0,0.1922645466135189,0.23396724891173107,0.1875289606753575,0.00029533273736957115,0.009118702624165252,0.3768252084378576,0.6231747915621424
Gwh,2022,2,800.1645,1112.258875,0.0,942.82425,965.8545,665.938125,1.504243,51.75775,1912.423375,2627.878868,4540.302243,0.17623595460713032,0.24497463284846782,0.0,0.2076567152448049,0.21272911984859683,0.1466726418988314,0.0003313090009193029,0.0113996265512494,0.4212105874555982,0.5787894125444017
Gwh,2022,3,947.238625,677.859,0.0,1043.1545,1124.062626,801.813125,2.08649,54.41875,1625.097625,3025.5354910000005,4650.633116,0.2036794994086134,0.14575628373433705,0.0,0.22430376122578663,0.2417009895131878,0.17240945587417952,0.0004486464418837205,0.011701363802011856,0.3494357831429505,0.6505642168570497
Gwh,2022,4,705.3725,354.3595,0.0,840.39825,1051.621,697.4946239999999,2.129252,40.78525,1059.732,2632.428376,3692.160376,0.19104600780212697,0.09597619385751191,0.0,0.22761694087364315,0.28482538484400877,0.18891233125567783,0.0005766954257568795,0.011046445941274572,0.2870222016596389,0.7129777983403611
