unit,year,month,coal,gas,oil,nuclear,hydro,wind,solar,other,fossil,low.carbon,total.prod,coal.perc,gas.perc,oil.perc,nuclear.perc,hydro.perc,wind.perc,solar.perc,other.perc,fossil.perc,low.carbon.perc
Gwh,2022,1,840.383249,1210.682626,0.0,1046.499124,1273.4876259999999,1019.030875,57.161625,49.63325,2051.065875,3445.8125,5496.878375,0.1528837263022033,0.22024912021088697,0.0,0.19038062198347255,0.23167469591320544,0.18538355871845172,0.010398924826129157,0.009029352045650817,0.3731328465130902,0.6268671534869097
Gwh,2022,2,800.1645,1112.258875,0.0,942.82425,965.8545,664.4235,80.19925,51.75775,1912.423375,2705.05925,4617.482625,0.17329020268917633,0.24087992642960948,0.0,0.20418577102929544,0.20917339131297763,0.14389301573170513,0.01736860893981166,0.011209083867424408,0.41417012911878587,0.5858298708812142
Gwh,2022,3,947.238625,677.859,0.0,1043.1545,1124.062626,801.67625,123.619875,54.41875,1625.097625,3146.932001,4772.0296260000005,0.19849806041417897,0.14204836372069915,0.0,0.2185976579685216,0.2355523150727396,0.16799481831213592,0.025905093783673835,0.011403690728050815,0.3405464241348781,0.6594535758651218
Gwh,2022,4,839.70175,481.357625,0.0,1007.7375,1313.030375,748.667749,130.447875,46.947375,1321.059375,3246.8308739999998,4567.890249,0.18382704141891915,0.1053785443083661,0.0,0.220613334617795,0.28744788150009687,0.16389792840664197,0.028557576449775163,0.01027769329840569,0.2892055857272853,0.7107944142727146
Gwh,2022,5,491.8775,426.128375,0.0,520.382875,844.842625,127.156625,88.73975,24.157125,918.005875,1605.279,2523.284875,0.1949353816025232,0.16887842479537712,0.0,0.20623231255250166,0.33481856661150877,0.05039328942198808,0.03516834380422464,0.009573681211876642,0.3638138063979003,0.6361861936020997
