unit,year,month,coal,oil,gas,nuclear,hydro,wind,solar,other,fossil,low.carbon,total.prod,coal.perc,oil.perc,gas.perc,nuclear.perc,hydro.perc,wind.perc,solar.perc,other.perc,fossil.perc,low.carbon.perc
Gwh,2022,1,840.383249,0.0,1210.682626,1046.499124,1273.4876259999999,1020.723251,1.607501,49.63325,2051.065875,3391.950752,5443.016627,0.15439659780410955,0.0,0.2224286106337481,0.1922645466135189,0.23396724891173107,0.1875289606753575,0.00029533273736957115,0.009118702624165252,0.3768252084378576,0.6231747915621424
Gwh,2022,2,800.1645,0.0,1112.258875,942.82425,965.8545,665.938125,1.504243,51.75775,1912.423375,2627.878868,4540.302243,0.17623595460713032,0.0,0.24497463284846782,0.2076567152448049,0.21272911984859683,0.1466726418988314,0.0003313090009193029,0.0113996265512494,0.4212105874555982,0.5787894125444017
Gwh,2022,3,947.238625,0.0,677.859,1043.1545,1124.062626,801.813125,2.08649,54.41875,1625.097625,3025.5354910000005,4650.633116,0.2036794994086134,0.0,0.14575628373433705,0.22430376122578663,0.2417009895131878,0.17240945587417952,0.0004486464418837205,0.011701363802011856,0.3494357831429505,0.6505642168570497
Gwh,2022,4,490.821,0.0,247.88775,571.609375,709.90625,545.5727489999999,1.408877,27.780625,738.70875,1856.2778759999999,2594.9866260000003,0.18914201525445548,0.0,0.09552563682461152,0.22027449747635036,0.2735683655889485,0.2102410638782228,0.0005429226439489171,0.010705498333462316,0.28466765207906697,0.7153323479209328
