unit,year,month,coal,gas,oil,nuclear,hydro,wind,solar,other,fossil,low.carbon,total.prod,coal.perc,gas.perc,oil.perc,nuclear.perc,hydro.perc,wind.perc,solar.perc,other.perc,fossil.perc,low.carbon.perc
Gwh,2022,1,840.383249,1210.682626,0.0,1046.499124,1273.4876259999999,1018.4242489999999,57.161625,49.63325,2051.065875,3445.2058739999998,5496.2717489999995,0.15290060014825516,0.2202734292059474,0.0,0.19040163437886812,0.2317002659542262,0.18529364913321356,0.010400072560167731,0.009030348619321879,0.3731740293542025,0.6268259706457975
Gwh,2022,2,800.1645,1112.258875,0.0,942.82425,965.8545,664.054123,80.19925,51.75775,1912.423375,2704.6898730000003,4617.113248,0.17330406620340277,0.24089919723797082,0.0,0.20420210624212093,0.20919012554400315,0.143824525700696,0.01736999845839606,0.01120998061341033,0.41420326344137365,0.5857967365586265
Gwh,2022,3,947.238625,677.859,0.0,1043.1545,1124.062626,801.507375,123.619875,54.41875,1625.097625,3146.7631260000003,4771.860751,0.1985050852126175,0.14205339077799925,0.0,0.2186053940868653,0.2355606512123052,0.16796537384961088,0.025906010558689078,0.011404094301912708,0.3405584759906168,0.6594415240093833
Gwh,2022,4,839.70175,481.357625,0.0,1007.719625,1313.030375,748.565876,130.447875,46.947375,1321.059375,3246.711126,4567.770501,0.18383186060161474,0.10538130689679323,0.0,0.22061520489687142,0.28745541719150397,0.16387992256531278,0.028558325111001457,0.010277962736902398,0.28921316749840803,0.710786832501592
Gwh,2022,5,909.906125,829.52025,0.0,994.862875,1592.292125,359.714375,168.1665,47.618375,1739.426375,3162.65425,4902.080625,0.18561631164522108,0.16921799404309065,0.0,0.20294706495162962,0.3248196524715462,0.07337993854395246,0.03430512732539972,0.00971391101916036,0.3548343056883117,0.6451656943116884
Gwh,2022,6,173.588875,173.621125,0.0,189.792,278.94,66.909875,34.213625,9.572,347.21,579.4275,926.6375,0.18733202034236687,0.18736682359606643,0.0,0.2048179573997383,0.30102386316116064,0.07220717378694473,0.036922340181570465,0.01032982153215254,0.3746988439384333,0.6253011560615667
