unit,year,month,coal,gas,oil,nuclear,hydro,wind,solar,other,fossil,low.carbon,total.prod,coal.perc,gas.perc,oil.perc,nuclear.perc,hydro.perc,wind.perc,solar.perc,other.perc,fossil.perc,low.carbon.perc
Gwh,2022,1,840.383249,1210.682626,0.0,1046.499124,1273.4876259999999,1018.2875,57.161625,49.63325,2051.065875,3445.069125,5496.135,0.15290440445876965,0.22027890981571596,0.0,0.19040637175032998,0.23170603087442354,0.1852733784741459,0.010400331323739319,0.009030573302875565,0.37318331427448553,0.6268166857255144
Gwh,2022,2,800.1645,1112.258875,0.0,942.82425,965.8545,663.391373,80.19925,51.75775,1912.423375,2704.0271230000003,4616.450497999999,0.17332894619939238,0.240933781372045,0.0,0.2042314220435079,0.20922015743880293,0.14370161085609026,0.017372492141905345,0.011211589948256391,0.4142627275714374,0.5857372724285629
Gwh,2022,3,947.238625,677.859,0.0,1043.1545,1124.062626,801.082498,123.619875,54.41875,1625.097625,3146.3382490000004,4771.435874,0.19852276128483498,0.14206604005593307,0.0,0.2186248600100122,0.23558162693228726,0.1678912845429137,0.025908317383791377,0.011405109790227479,0.3405888013407681,0.659411198659232
Gwh,2022,4,839.70175,481.357625,0.0,1007.719625,1313.030375,748.2175,130.447875,46.947375,1321.059375,3246.36275,4567.422125,0.18384588221085432,0.10538934476085894,0.0,0.2206320321224962,0.28747734259399116,0.16381614826109378,0.02856050337147237,0.010278746679233201,0.2892352269717133,0.7107647730282867
Gwh,2022,5,909.906125,829.52025,0.0,994.862875,1592.292125,359.714375,168.1665,47.618375,1739.426375,3162.65425,4902.080625,0.18561631164522108,0.16921799404309065,0.0,0.20294706495162962,0.3248196524715462,0.07337993854395246,0.03430512732539972,0.00971391101916036,0.3548343056883117,0.6451656943116884
Gwh,2022,6,236.870625,233.792875,0.0,253.056,376.40925,80.818125,45.858125,12.82625,470.6635,768.96775,1239.63125,0.19108152121850752,0.18859872643578485,0.0,0.20413812575312218,0.3036461447708744,0.06519529497179101,0.03699335992054089,0.010346826929379202,0.37968024765429237,0.6203197523457077
