unit,year,month,coal,gas,oil,nuclear,hydro,wind,solar,other,fossil,low.carbon,total.prod,coal.perc,gas.perc,oil.perc,nuclear.perc,hydro.perc,wind.perc,solar.perc,other.perc,fossil.perc,low.carbon.perc
Gwh,2022,1,840.383249,1210.682626,0.0,1046.499124,1273.4876259999999,1015.8515,57.161625,49.63325,2051.065875,3442.633125,5493.699,0.15297220488417732,0.22037658524793588,0.0,0.1904908011887801,0.23180877328736066,0.1849121147700302,0.010404943008344651,0.009034577613371246,0.37334879013211314,0.6266512098678868
Gwh,2022,2,800.1645,1112.258875,0.0,942.82425,965.8545,661.241719,80.19925,51.75775,1912.423375,2701.877469,4614.300844,0.17340969456737051,0.2410460246531771,0.0,0.2043265668786983,0.20931762636497916,0.14330268904330676,0.017380585425912035,0.011216813066556091,0.41445571922054764,0.5855442807794523
Gwh,2022,3,947.238625,677.859,0.0,1043.1545,1124.062626,800.5965309999999,123.619875,54.41875,1625.097625,3145.8522820000003,4770.949906999999,0.19854298273184534,0.1420805108444833,0.0,0.21864712904855077,0.23560562318014716,0.16780652629057252,0.025910956394369876,0.011406271510031181,0.34062349357632865,0.6593765064236715
Gwh,2022,4,839.70175,481.357625,0.0,1007.719625,1313.030375,747.141,130.447875,46.947375,1321.059375,3245.28625,4566.345625,0.18388922323416987,0.10541418993004936,0.0,0.2206840453519109,0.28754511437140723,0.16361902084448546,0.028567236410187415,0.01028116985778973,0.28930341316421926,0.7106965868357807
Gwh,2022,5,909.906125,829.52025,0.0,991.2294499999999,1592.292125,359.330375,168.1665,47.618375,1739.426375,3158.636825,4898.0632000000005,0.18576855541594478,0.16935678780134972,0.0,0.20237171500767892,0.325086071776289,0.07336172693729227,0.03433326462590356,0.009721878435541623,0.3551253432172945,0.6448746567827054
Gwh,2022,6,954.55525,830.004875,0.0,935.581175,1369.638875,377.2165,166.566875,42.119,1784.560125,2891.122425,4675.6825499999995,0.20415313481878705,0.17751523250867407,0.0,0.20009510162318442,0.2929281148481734,0.08067624265894613,0.03562407695963021,0.009008096582604822,0.3816683673274611,0.618331632672539
Gwh,2022,7,691.4745,558.545125,0.0,679.9817489999999,745.723375,300.491125,114.893625,27.91475,1250.019625,1869.004624,3119.024249,0.22169577560087766,0.17907687802654207,0.0,0.21801104919848283,0.2390886750043988,0.09634138788640113,0.03683640004941815,0.008949834233879342,0.4007726536274197,0.5992273463725802
