unit,year,month,coal,gas,oil,nuclear,hydro,wind,solar,other,fossil,low.carbon,total.prod,coal.perc,gas.perc,oil.perc,nuclear.perc,hydro.perc,wind.perc,solar.perc,other.perc,fossil.perc,low.carbon.perc
Gwh,2022,1,840.383249,1210.682626,0.0,1046.499124,1273.4876259999999,1016.40275,57.161625,49.63325,2051.065875,3443.184375,5494.25025,0.15295685685230664,0.2203544743889305,0.0,0.190471688835069,0.2317855154122257,0.1849938942988627,0.010403899057928786,0.009033671154676653,0.3733113312412371,0.6266886687587628
Gwh,2022,2,800.1645,1112.258875,0.0,942.82425,965.8545,661.393094,80.19925,51.75775,1912.423375,2702.028844,4614.452219000001,0.17340400594144711,0.24103811724829993,0.0,0.20431986403888255,0.20931075979573383,0.14333079260778014,0.0173800152637359,0.011216445104120384,0.4144421231897471,0.5855578768102527
Gwh,2022,3,947.238625,677.859,0.0,1043.1545,1124.062626,800.5965309999999,123.619875,54.41875,1625.097625,3145.8522820000003,4770.949906999999,0.19854298273184534,0.1420805108444833,0.0,0.21864712904855077,0.23560562318014716,0.16780652629057252,0.025910956394369876,0.011406271510031181,0.34062349357632865,0.6593765064236715
Gwh,2022,4,839.70175,481.357625,0.0,1007.719625,1313.030375,747.3326239999999,130.447875,46.947375,1321.059375,3245.4778739999997,4566.537249,0.18388150675522935,0.10540976647139137,0.0,0.22067478486476264,0.2875330482166839,0.16365411760599435,0.028566037653271315,0.010280738432667058,0.28929127322662074,0.7107087267733792
Gwh,2022,5,909.906125,829.52025,0.0,991.2294499999999,1592.292125,359.330375,168.1665,47.618375,1739.426375,3158.636825,4898.0632000000005,0.18576855541594478,0.16935678780134972,0.0,0.20237171500767892,0.325086071776289,0.07336172693729227,0.03433326462590356,0.009721878435541623,0.3551253432172945,0.6448746567827054
Gwh,2022,6,951.903625,830.207625,0.0,935.5809250000001,1369.6,377.1815,166.555625,42.1175,1782.11125,2891.0355499999996,4673.1467999999995,0.20369649526096636,0.17765494227572737,0.0,0.20020362403338157,0.2930787451402126,0.0807125297240823,0.03564099997885793,0.00901266358677198,0.3813514375366937,0.6186485624633062
Gwh,2022,7,114.293,82.193625,0.0,97.1315,108.14575,15.774625,16.419125,3.57075,196.486625,241.04175,437.528375,0.2612242006018467,0.18785895886181098,0.0,0.22200045882738464,0.24717425469833817,0.03605394735827134,0.03752699467777376,0.008161184974574506,0.4490831594636577,0.5509168405363424
