unit,year,month,coal,gas,oil,nuclear,hydro,wind,solar,other,fossil,low.carbon,total.prod,coal.perc,gas.perc,oil.perc,nuclear.perc,hydro.perc,wind.perc,solar.perc,other.perc,fossil.perc,low.carbon.perc
Gwh,2022,1,840.383249,1210.682626,0.0,1046.499124,1273.4876259999999,1019.7421260000001,57.161625,49.63325,2051.065875,3446.523751,5497.589626,0.1528639469605984,0.22022062546725274,0.0,0.19035599147865534,0.23164472298500366,0.18548894977123928,0.010397579464582613,0.009028183872667982,0.3730845724278511,0.6269154275721489
Gwh,2022,2,800.1645,1112.258875,0.0,942.82425,965.8545,665.6445,80.19925,51.75775,1912.423375,2706.28025,4618.703625,0.17324439170958927,0.24081624743782948,0.0,0.20413179250054175,0.2091180942574552,0.14411933608318503,0.01736401737619612,0.01120612063520313,0.4140606391474188,0.5859393608525811
Gwh,2022,3,947.238625,677.859,0.0,1043.1545,1124.062626,801.67625,123.619875,54.41875,1625.097625,3146.932001,4772.0296260000005,0.19849806041417897,0.14204836372069915,0.0,0.2185976579685216,0.2355523150727396,0.16799481831213592,0.025905093783673835,0.011403690728050815,0.3405464241348781,0.6594535758651218
Gwh,2022,4,839.70175,481.357625,0.0,1007.7375,1313.030375,748.8992489999999,130.447875,46.947375,1321.059375,3247.0623739999996,4568.121749,0.1838177255638639,0.10537320401002298,0.0,0.22060215453333792,0.2874333144223736,0.1639402997881876,0.028556129229383203,0.010277172452830788,0.2891909295738869,0.7108090704261131
Gwh,2022,5,80.585375,66.020875,0.0,100.819125,183.028375,28.312,15.561875,4.3735,146.60625,332.094875,478.701125,0.16834172888146023,0.13791669071176718,0.0,0.21060975154382602,0.38234373274138433,0.0591433746891654,0.03250854068914085,0.009136180743256036,0.30625841959322736,0.6937415804067726
