unit,year,month,coal,gas,oil,nuclear,hydro,wind,solar,other,fossil,low.carbon,total.prod,coal.perc,gas.perc,oil.perc,nuclear.perc,hydro.perc,wind.perc,solar.perc,other.perc,fossil.perc,low.carbon.perc
Gwh,2022,1,840.383249,1210.682626,0.0,1046.499124,1273.4876259999999,1018.7278739999999,57.161625,49.63325,2051.065875,3445.509499,5496.575374,0.1528921540811022,0.22026126153509926,0.0,0.19039111679431686,0.2316874670770229,0.18533865264884838,0.010399498071178456,0.009029849792431864,0.3731534156162014,0.6268465843837985
Gwh,2022,2,800.1645,1112.258875,0.0,942.82425,965.8545,664.361375,80.19925,51.75775,1912.423375,2704.997125,4617.4205,0.17329253421905152,0.2408831673441914,0.0,0.204188518243032,0.20917620563256042,0.14388149725588126,0.01736884262544423,0.0112092346798391,0.41417570156324296,0.585824298436757
Gwh,2022,3,947.238625,677.859,0.0,1043.1545,1124.062626,801.509375,123.619875,54.41875,1625.097625,3146.7651260000002,4771.862751000001,0.1985050020144638,0.1420533312400795,0.0,0.21860530246419904,0.2355605524832916,0.16796572257490727,0.02590599970087027,0.011404089522188354,0.3405583332545433,0.6594416667454567
Gwh,2022,4,839.70175,481.357625,0.0,1007.719625,1313.030375,748.61275,130.447875,46.947375,1321.059375,3246.758,4567.817375,0.18382997415696814,0.10538022549555191,0.0,0.2206129409891305,0.2874524673832872,0.16388850265713611,0.028558032051358012,0.01027785726656815,0.2892101996525201,0.71078980034748
Gwh,2022,5,909.906125,829.52025,0.0,994.862875,1592.292125,359.7175,168.1665,47.618375,1739.426375,3162.657375,4902.08375,0.18561619331779064,0.16921788616932545,0.0,0.2029469355761211,0.32481944540421204,0.07338052924942377,0.03430510545642963,0.009713904826697423,0.3548340794871161,0.6451659205128839
Gwh,2022,6,28.735,30.6705,0.0,31.632,51.61125,2.6075,5.95725,1.5385,59.4055,93.3465,152.752,0.18811537655808105,0.2007862417513355,0.0,0.20708075835340944,0.33787609982193356,0.017070152927621242,0.03899948936838797,0.010071881219231171,0.38890161830941655,0.6110983816905834
