unit,year,month,coal,gas,oil,nuclear,hydro,wind,solar,other,fossil,low.carbon,total.prod,coal.perc,gas.perc,oil.perc,nuclear.perc,hydro.perc,wind.perc,solar.perc,other.perc,fossil.perc,low.carbon.perc
Gwh,2022,1,840.383249,1210.682626,0.0,1046.473,1273.4876259999999,1015.520375,57.161625,49.63325,2051.065875,3442.275876,5493.341751,0.15298215313966546,0.22039091701869978,0.0,0.19049843381935988,0.23182384852866217,0.1848638626597619,0.010405619673961553,0.009035165159889212,0.37337307015836524,0.6266269298416348
Gwh,2022,2,800.1645,1112.258875,0.0,942.82425,965.8545,660.983875,80.19925,51.75775,1912.423375,2701.619625,4614.043,0.17341938512493274,0.24105949489417416,0.0,0.20433798514664905,0.20932932354553266,0.1432548147037208,0.01738155669550544,0.01121743988948521,0.41447888001910693,0.5855211199808931
Gwh,2022,3,947.238625,677.859,0.0,1043.1545,1124.062626,800.496374,123.619875,54.41875,1625.097625,3145.752125,4770.84975,0.19854715085085206,0.1420834936166246,0.0,0.21865171922465176,0.23561056937498395,0.16778905560796584,0.025911500356933268,0.01140651096798846,0.3406306444674767,0.6593693555325233
Gwh,2022,4,839.70175,481.357625,0.0,1007.719625,1313.030375,746.837251,130.447875,46.947375,1321.059375,3244.982501,4566.041876,0.18390145618541845,0.10542120244891069,0.0,0.22069872602280968,0.2875642428733608,0.16356338187030678,0.028569136802196075,0.010281853796997458,0.28932265863432916,0.7106773413656707
Gwh,2022,5,909.906125,829.52025,0.0,989.152069,1592.292125,359.3225,168.1665,47.618375,1739.426375,3156.551569,4895.977944,0.18584767648209813,0.16942891889792386,0.0,0.20203360397327802,0.32522452985135425,0.07339136411763214,0.03434788757700335,0.009726019100710229,0.355276595380022,0.644723404619978
Gwh,2022,6,954.55525,830.004875,0.0,927.687935,1369.638875,377.2165,166.566875,42.119,1784.560125,2883.229185,4667.78931,0.2044983581317641,0.1778154110816111,0.0,0.19874246102166082,0.2934234568097933,0.0808126663283352,0.03568431733693653,0.009023329289898905,0.38231376921337523,0.6176862307866248
Gwh,2022,7,934.763125,832.204375,0.0,968.3589989999999,1056.773875,407.302875,164.12925,40.946875,1766.9675,2637.511874,4404.479374,0.21223010613194895,0.18894500446808088,0.0,0.21985776678085994,0.23993162080363512,0.09247469233352346,0.03726416587823486,0.009296643603716874,0.4011751106000298,0.5988248893999703
