unit,year,month,coal,gas,oil,nuclear,hydro,wind,solar,other,fossil,low.carbon,total.prod,coal.perc,gas.perc,oil.perc,nuclear.perc,hydro.perc,wind.perc,solar.perc,other.perc,fossil.perc,low.carbon.perc
Gwh,2022,1,840.383249,1210.682626,0.0,1046.499124,1273.4876259999999,1017.217375,57.161625,49.63325,2051.065875,3443.999,5495.064875,0.15293418150954952,0.2203218075746558,0.0,0.1904434520438669,0.2317511539843285,0.1851147162298061,0.01040235671466936,0.009032331943123783,0.37325598908420526,0.6267440109157947
Gwh,2022,2,800.1645,1112.258875,0.0,942.82425,965.8545,662.568302,80.19925,51.75775,1912.423375,2703.204052,4615.627427,0.1733598546796225,0.24097674532689267,0.0,0.20426784113569657,0.2092574661356002,0.14354891344222875,0.017375590051064146,0.011213589228895099,0.4143366000065152,0.5856633999934847
Gwh,2022,3,947.238625,677.859,0.0,1043.1545,1124.062626,801.033694,123.619875,54.41875,1625.097625,3146.2894450000003,4771.387070000001,0.19852479186937977,0.1420674931744743,0.0,0.21862709620831494,0.23558403657240906,0.16788277334205037,0.025908582386295474,0.011405226447075902,0.3405922850438541,0.6594077149561458
Gwh,2022,4,839.70175,481.357625,0.0,1007.719625,1313.030375,747.452374,130.447875,46.947375,1321.059375,3245.597624,4566.656999,0.18387668488872203,0.10540700234447364,0.0,0.22066899817977767,0.2875255083286364,0.16367604883915654,0.028565288575114204,0.010280468844119555,0.2892836872331957,0.7107163127668044
Gwh,2022,5,909.906125,829.52025,0.0,991.2294499999999,1592.292125,359.545499,168.1665,47.618375,1739.426375,3158.851949,4898.278324,0.1857603967789561,0.16934934994110393,0.0,0.20236282718833923,0.3250717945524404,0.07340242330419279,0.03433175676768669,0.009721451467280895,0.35510974672006,0.64489025327994
Gwh,2022,6,908.586625,798.983625,0.0,903.784425,1319.56775,371.54425,160.376125,40.88525,1707.57025,2796.1578,4503.72805,0.20174100543215528,0.17740494455476724,0.0,0.2006747332357246,0.2929945448193747,0.08249704375467343,0.03560963788655046,0.009078090316754361,0.3791459499869225,0.6208540500130775
