unit,year,month,coal,gas,oil,nuclear,hydro,wind,solar,other,fossil,low.carbon,total.prod,coal.perc,gas.perc,oil.perc,nuclear.perc,hydro.perc,wind.perc,solar.perc,other.perc,fossil.perc,low.carbon.perc
Gwh,2022,1,840.383249,1210.682626,0.0,1046.473,1273.4876259999999,1015.62675,57.161625,49.63325,2051.065875,3442.382251,5493.448126,0.1529791907968587,0.2203866493741785,0.0,0.19049474501217853,0.23181935949712468,0.18487964693670797,0.010405418179787504,0.009034990203164065,0.3733658401710372,0.6266341598289628
Gwh,2022,2,800.1645,1112.258875,0.0,942.82425,965.8545,661.241719,80.19925,51.75775,1912.423375,2701.877469,4614.300844,0.17340969456737051,0.2410460246531771,0.0,0.2043265668786983,0.20931762636497916,0.14330268904330676,0.017380585425912035,0.011216813066556091,0.41445571922054764,0.5855442807794523
Gwh,2022,3,947.238625,677.859,0.0,1043.1545,1124.062626,800.50028,123.619875,54.41875,1625.097625,3145.7560310000003,4770.853656,0.1985469882960501,0.1420833772898273,0.0,0.21865154020980937,0.23561037647556798,0.16778973695687804,0.025911479142633333,0.011406501629233793,0.34063036558587745,0.6593696344141226
Gwh,2022,4,839.70175,481.357625,0.0,1007.719625,1313.030375,746.906125,130.447875,46.947375,1321.059375,3245.051375,4566.11075,0.18389868226476985,0.10541961230353425,0.0,0.22069539706193067,0.2875599053308114,0.16357599845776846,0.02856870587293574,0.010281698708249685,0.28931829456830416,0.710681705431696
Gwh,2022,5,909.906125,829.52025,0.0,989.152069,1592.292125,359.330375,168.1665,47.618375,1739.426375,3156.559444,4895.985819,0.18584737755344383,0.16942864637819327,0.0,0.20203327901019802,0.3252240067405309,0.07339285453106006,0.03434783232978151,0.009726003456792283,0.3552760239316371,0.6447239760683628
Gwh,2022,6,954.55525,830.004875,0.0,927.687935,1369.638875,377.2165,166.566875,42.119,1784.560125,2883.229185,4667.78931,0.2044983581317641,0.1778154110816111,0.0,0.19874246102166082,0.2934234568097933,0.0808126663283352,0.03568431733693653,0.009023329289898905,0.38231376921337523,0.6176862307866248
Gwh,2022,7,824.591875,713.939875,0.0,841.1724989999999,918.824375,364.367875,144.121,34.992125,1538.53175,2303.4778739999997,3842.009624,0.21462514561363838,0.18582459308279964,0.0,0.2189407579162274,0.23915202326937224,0.09483783505483484,0.037511878965558784,0.009107766097568736,0.400449738696438,0.5995502613035619
