unit,year,month,coal,gas,oil,nuclear,hydro,wind,solar,other,fossil,low.carbon,total.prod,coal.perc,gas.perc,oil.perc,nuclear.perc,hydro.perc,wind.perc,solar.perc,other.perc,fossil.perc,low.carbon.perc
Gwh,2022,1,840.383249,1210.682626,0.0,1046.499124,1273.4876259999999,1017.818875,57.161625,49.63325,2051.065875,3444.6005,5495.666375,0.15291744288243844,0.2202976933802682,0.0,0.19042260803176939,0.23172578884940043,0.1852039053225825,0.010401218178023043,0.00903134335551801,0.3732151362627066,0.6267848637372934
Gwh,2022,2,800.1645,1112.258875,0.0,942.82425,965.8545,662.7588020000001,80.19925,51.75775,1912.423375,2703.394552,4615.817927,0.17335269992333907,0.24096679994544334,0.0,0.20425941077203152,0.2092488298444966,0.14358426014233036,0.01737487294091009,0.011213126431449037,0.4143194998687824,0.5856805001312176
Gwh,2022,3,947.238625,677.859,0.0,1043.1545,1124.062626,801.0681940000001,123.619875,54.41875,1625.097625,3146.323945,4771.42157,0.19852335642603886,0.14206646594842803,0.0,0.21862551541426678,0.2355823331703637,0.1678887900068742,0.025908395053007228,0.011405143981021153,0.3405898223744669,0.6594101776255331
Gwh,2022,4,839.70175,481.357625,0.0,1007.719625,1313.030375,748.128874,130.447875,46.947375,1321.059375,3246.274124,4567.333498999999,0.18384944961515282,0.10539138976941172,0.0,0.22063631333701303,0.2874829208962917,0.1637999226821952,0.028561057568614396,0.010278946131321251,0.2892408393845646,0.7107591606154356
Gwh,2022,5,909.906125,829.52025,0.0,994.862875,1592.292125,359.6915,168.1665,47.618375,1739.426375,3162.631375,4902.05775,0.1856171778066058,0.16921878368323998,0.0,0.20294801198537493,0.3248211682124716,0.07337561455696845,0.0343052874071098,0.009713956348229476,0.35483596148984575,0.6451640385101542
Gwh,2022,6,691.3545,629.698625,0.0,727.536,1056.133375,289.18775,127.387375,34.21425,1321.053125,2234.45875,3555.511875,0.19444584192255018,0.17710491404279166,0.0,0.20462201381341186,0.2970411609158245,0.08133505390134578,0.035828139373040344,0.009622876031035616,0.3715507559653418,0.6284492440346581
