unit,year,month,coal,gas,oil,nuclear,hydro,wind,solar,other,fossil,low.carbon,total.prod,coal.perc,gas.perc,oil.perc,nuclear.perc,hydro.perc,wind.perc,solar.perc,other.perc,fossil.perc,low.carbon.perc
Gwh,2022,1,840.383249,1210.682626,0.0,1046.499124,1273.4876259999999,1019.064,57.161625,49.63325,2051.065875,3445.845625,5496.9115,0.1528828050078667,0.2202477929651951,0.0,0.19037947472867262,0.23167329981572377,0.1853884676877188,0.01039886216105171,0.009029297633771255,0.37313059797306175,0.6268694020269382
Gwh,2022,2,800.1645,1112.258875,0.0,942.82425,965.8545,664.7881219999999,80.19925,51.75775,1912.423375,2705.423872,4617.847247,0.17327651981555467,0.24086090671851104,0.0,0.20416964866313173,0.20915687512779266,0.1439606133424794,0.017367237526555633,0.011208198805974927,0.4141374265340657,0.5858625734659343
Gwh,2022,3,947.238625,677.859,0.0,1043.1545,1124.062626,801.67625,123.619875,54.41875,1625.097625,3146.932001,4772.0296260000005,0.19849806041417897,0.14204836372069915,0.0,0.2185976579685216,0.2355523150727396,0.16799481831213592,0.025905093783673835,0.011403690728050815,0.3405464241348781,0.6594535758651218
Gwh,2022,4,839.70175,481.357625,0.0,1007.7375,1313.030375,748.6864989999999,130.447875,46.947375,1321.059375,3246.849624,4567.908999,0.1838262868598797,0.10537811175865765,0.0,0.22061242906122086,0.2874467016062375,0.1639013603738387,0.02855745922884135,0.010277651111324164,0.28920439861853736,0.7107956013814626
Gwh,2022,5,630.445375,556.40225,0.0,678.542875,1104.47125,235.290375,118.1085,31.940625,1186.847625,2168.353625,3355.20125,0.18790091205408319,0.16583274997289654,0.0,0.2022361177291526,0.3291818188253238,0.07012705273640442,0.03520161421017592,0.009519734471963493,0.35373366202697976,0.6462663379730202
