unit,year,month,coal,gas,oil,nuclear,hydro,wind,solar,other,fossil,low.carbon,total.prod,coal.perc,gas.perc,oil.perc,nuclear.perc,hydro.perc,wind.perc,solar.perc,other.perc,fossil.perc,low.carbon.perc
Gwh,2022,1,840.383249,1210.682626,0.0,1046.499124,1273.4876259999999,1020.509875,1.607501,49.63325,2051.065875,3391.737376,5442.803251,0.15440265066454448,0.2224373305754829,0.0,0.1922720840235641,0.23397642120648462,0.1874971091068748,0.0002953443153956843,0.009119060107653338,0.3768399812400273,0.6231600187599726
Gwh,2022,2,800.1645,1112.258875,0.0,942.82425,965.8545,665.916125,1.504243,51.75775,1912.423375,2627.856868,4540.280243,0.17623680856124632,0.24497581987694056,0.0,0.20765772144871542,0.2127301506309244,0.1466685070875701,0.0003313106062823268,0.011399681788320836,0.4212126284381869,0.578787371561813
Gwh,2022,3,947.238625,677.859,0.0,1043.1545,1124.062626,801.813125,2.08649,54.41875,1625.097625,3025.5354910000005,4650.633116,0.2036794994086134,0.14575628373433705,0.0,0.22430376122578663,0.2417009895131878,0.17240945587417952,0.0004486464418837205,0.011701363802011856,0.3494357831429505,0.6505642168570497
Gwh,2022,4,786.54425,429.531125,0.0,940.64275,1203.091125,722.974624,2.4085010000000002,44.401125,1216.075375,2913.518125,4129.5935,0.19046529640266047,0.10401293129699085,0.0,0.22778095471140197,0.2913340320300291,0.17507162000327633,0.0005832295600039085,0.010751935995637344,0.29447822769965126,0.7055217723003487
