unit,year,month,coal,gas,oil,nuclear,hydro,wind,solar,other,fossil,low.carbon,total.prod,coal.perc,gas.perc,oil.perc,nuclear.perc,hydro.perc,wind.perc,solar.perc,other.perc,fossil.perc,low.carbon.perc
Gwh,2022,1,840.383249,1210.682626,0.0,1046.499124,1273.4876259999999,1018.7278739999999,57.161625,49.63325,2051.065875,3445.509499,5496.575374,0.1528921540811022,0.22026126153509926,0.0,0.19039111679431686,0.2316874670770229,0.18533865264884838,0.010399498071178456,0.009029849792431864,0.3731534156162014,0.6268465843837985
Gwh,2022,2,800.1645,1112.258875,0.0,942.82425,965.8545,664.361375,80.19925,51.75775,1912.423375,2704.997125,4617.4205,0.17329253421905152,0.2408831673441914,0.0,0.204188518243032,0.20917620563256042,0.14388149725588126,0.01736884262544423,0.0112092346798391,0.41417570156324296,0.585824298436757
Gwh,2022,3,947.238625,677.859,0.0,1043.1545,1124.062626,801.509375,123.619875,54.41875,1625.097625,3146.7651260000002,4771.862751000001,0.1985050020144638,0.1420533312400795,0.0,0.21860530246419904,0.2355605524832916,0.16796572257490727,0.02590599970087027,0.011404089522188354,0.3405583332545433,0.6594416667454567
Gwh,2022,4,839.70175,481.357625,0.0,1007.719625,1313.030375,748.618625,130.447875,46.947375,1321.059375,3246.763875,4567.82325,0.18382973772025873,0.10538008995860336,0.0,0.22061265724325035,0.28745209767037283,0.16388957803916776,0.028557995320856604,0.010277844047490235,0.2892098276788621,0.7107901723211378
Gwh,2022,5,854.088875,772.81425,0.0,931.598875,1491.439125,346.533625,158.258,44.314125,1626.903125,2972.14375,4599.046875,0.1857099738736627,0.1680379154648212,0.0,0.20256346593553692,0.3242930906199994,0.07534900913572445,0.034411043049001326,0.009635501921254064,0.3537478893384839,0.6462521106615162
