unit,year,month,coal,gas,oil,nuclear,hydro,wind,solar,other,fossil,low.carbon,total.prod,coal.perc,gas.perc,oil.perc,nuclear.perc,hydro.perc,wind.perc,solar.perc,other.perc,fossil.perc,low.carbon.perc
Gwh,2022,1,840.383249,1210.682626,0.0,1046.499124,1273.4876259999999,1017.556874,57.161625,49.63325,2051.065875,3444.338499,5495.404374,0.15292473343291044,0.22030819637732452,0.0,0.19043168669283445,0.23173683669670564,0.18516505879245057,0.010401714070477611,0.009031773937296794,0.3732329298102349,0.6267670701897651
Gwh,2022,2,800.1645,1112.258875,0.0,942.82425,965.8545,662.7588020000001,80.19925,51.75775,1912.423375,2703.394552,4615.817927,0.17335269992333907,0.24096679994544334,0.0,0.20425941077203152,0.2092488298444966,0.14358426014233036,0.01737487294091009,0.011213126431449037,0.4143194998687824,0.5856805001312176
Gwh,2022,3,947.238625,677.859,0.0,1043.1545,1124.062626,801.052194,123.619875,54.41875,1625.097625,3146.3079450000005,4771.40557,0.19852402213631148,0.14206694234126907,0.0,0.2186262485333017,0.23558312315085803,0.16788599968038348,0.02590848193187652,0.011405182225999708,0.3405909644775806,0.6594090355224196
Gwh,2022,4,839.70175,481.357625,0.0,1007.719625,1313.030375,747.487124,130.447875,46.947375,1321.059375,3245.632374,4566.691749,0.1838752856887867,0.10540620025544886,0.0,0.22066731901067493,0.2875233204184459,0.16368241280215212,0.028565071209057432,0.010280390615434115,0.2892814859442356,0.7107185140557645
Gwh,2022,5,909.906125,829.52025,0.0,994.862875,1592.292125,359.545499,168.1665,47.618375,1739.426375,3162.485374,4901.911749,0.18562270632179836,0.16922382378043094,0.0,0.20295405669083172,0.3248308428491865,0.07334801551116216,0.03430630917300915,0.009714245673581179,0.35484653010222933,0.6451534698977707
Gwh,2022,6,555.63275,515.425375,0.0,601.008,864.668375,224.989,103.143875,28.77825,1071.058125,1822.5875,2893.645625,0.19201824342260293,0.17812318500472912,0.0,0.2076992409877419,0.298816263999155,0.07775278287575384,0.035644957388311846,0.00994532632170534,0.37014142842733205,0.629858571572668
