unit,year,month,coal,gas,oil,nuclear,hydro,wind,solar,other,fossil,low.carbon,total.prod,coal.perc,gas.perc,oil.perc,nuclear.perc,hydro.perc,wind.perc,solar.perc,other.perc,fossil.perc,low.carbon.perc
Gwh,2022,1,840.383249,1210.682626,0.0,1046.499124,1273.4876259999999,1017.238625,57.161625,49.63325,2051.065875,3444.02025,5495.086125,0.15293359009909968,0.22032095557010037,0.0,0.19044271558164158,0.2317502577814465,0.18511786746563502,0.010402316487805732,0.009032297014271091,0.3732545456692,0.6267454543308
Gwh,2022,2,800.1645,1112.258875,0.0,942.82425,965.8545,662.568302,80.19925,51.75775,1912.423375,2703.204052,4615.627427,0.1733598546796225,0.24097674532689267,0.0,0.20426784113569657,0.2092574661356002,0.14354891344222875,0.017375590051064146,0.011213589228895099,0.4143366000065152,0.5856633999934847
Gwh,2022,3,947.238625,677.859,0.0,1043.1545,1124.062626,801.039069,123.619875,54.41875,1625.097625,3146.29482,4771.392445,0.19852456823010287,0.1420673331346569,0.0,0.21862684992368092,0.23558377118568788,0.16788371072671218,0.025908553200134007,0.01140521359902518,0.34059190136475975,0.6594080986352402
Gwh,2022,4,839.70175,481.357625,0.0,1007.719625,1313.030375,747.452374,130.447875,46.947375,1321.059375,3245.597624,4566.656999,0.18387668488872203,0.10540700234447364,0.0,0.22066899817977767,0.2875255083286364,0.16367604883915654,0.028565288575114204,0.010280468844119555,0.2892836872331957,0.7107163127668044
Gwh,2022,5,909.906125,829.52025,0.0,994.862875,1592.292125,359.545499,168.1665,47.618375,1739.426375,3162.485374,4901.911749,0.18562270632179836,0.16922382378043094,0.0,0.20295405669083172,0.3248308428491865,0.07334801551116216,0.03430630917300915,0.009714245673581179,0.35484653010222933,0.6451534698977707
Gwh,2022,6,788.976625,705.833125,0.0,822.432,1179.158375,337.6,143.22625,37.684625,1494.80975,2520.10125,4014.911,0.19651161009546664,0.17580293187071894,0.0,0.20484439132025592,0.2936947730597266,0.08408654637674409,0.035673580310995684,0.009386166966092149,0.3723145419661855,0.6276854580338145
