unit,year,month,coal,gas,oil,nuclear,hydro,wind,solar,other,fossil,low.carbon,total.prod,coal.perc,gas.perc,oil.perc,nuclear.perc,hydro.perc,wind.perc,solar.perc,other.perc,fossil.perc,low.carbon.perc
Gwh,2022,1,840.383249,1210.682626,0.0,1046.499124,1273.4876259999999,1019.449377,57.161625,49.63325,2051.065875,3446.231002,5497.296877000001,0.15287208746466976,0.22023235293428375,0.0,0.19036612855645849,0.23165705882251186,0.18544557439952863,0.010398133169623248,0.00902866465292411,0.37310444039895346,0.6268955596010464
Gwh,2022,2,800.1645,1112.258875,0.0,942.82425,965.8545,665.156622,80.19925,51.75775,1912.423375,2705.792372,4618.215746999999,0.17326269361057636,0.2408416877714137,0.0,0.20415335741134663,0.20914018593163836,0.14402891905430942,0.01736585174741946,0.011207304473296192,0.4141043813819901,0.58589561861801
Gwh,2022,3,947.238625,677.859,0.0,1043.1545,1124.062626,801.67625,123.619875,54.41875,1625.097625,3146.932001,4772.0296260000005,0.19849806041417897,0.14204836372069915,0.0,0.2185976579685216,0.2355523150727396,0.16799481831213592,0.025905093783673835,0.011403690728050815,0.3405464241348781,0.6594535758651218
Gwh,2022,4,839.70175,481.357625,0.0,1007.7375,1313.030375,748.8952489999999,130.447875,46.947375,1321.059375,3247.0583739999997,4568.117749,0.18381788652094572,0.10537329627840115,0.0,0.22060234770012271,0.28743356610880566,0.16393956770574478,0.028556154234105756,0.010277181451874173,0.2891911827993469,0.710808817200653
Gwh,2022,5,271.22175,229.60675,0.0,298.958875,492.559875,67.51625,49.001,13.989875,500.8285,922.025875,1422.854375,0.19061806658885946,0.1613705197343193,0.0,0.21011206786358583,0.3461772923880562,0.04745127202493931,0.03443852080786553,0.009832260592374395,0.35198858632317875,0.6480114136768214
