unit,year,month,coal,gas,oil,nuclear,hydro,wind,solar,other,fossil,low.carbon,total.prod,coal.perc,gas.perc,oil.perc,nuclear.perc,hydro.perc,wind.perc,solar.perc,other.perc,fossil.perc,low.carbon.perc
Gwh,2022,1,840.383249,1210.682626,0.0,1046.473,1273.4876259999999,1015.849875,57.161625,49.63325,2051.065875,3442.605376,5493.671251,0.15297297755977426,0.22037769838878188,0.0,0.19048700808398628,0.23180994417315925,0.184912752981913,0.010404995564595353,0.009034623247789968,0.3733506759485561,0.6266493240514439
Gwh,2022,2,800.1645,1112.258875,0.0,942.82425,965.8545,661.241719,80.19925,51.75775,1912.423375,2701.877469,4614.300844,0.17340969456737051,0.2410460246531771,0.0,0.2043265668786983,0.20931762636497916,0.14330268904330676,0.017380585425912035,0.011216813066556091,0.41445571922054764,0.5855442807794523
Gwh,2022,3,947.238625,677.859,0.0,1043.1545,1124.062626,800.5942809999999,123.619875,54.41875,1625.097625,3145.8500320000003,4770.947657,0.19854307636559343,0.14208057785028014,0.0,0.2186472321635031,0.23560573429280027,0.16780613382445247,0.02591096861409142,0.011406276889279233,0.3406236542158736,0.6593763457841265
Gwh,2022,4,839.70175,481.357625,0.0,1007.719625,1313.030375,746.93325,130.447875,46.947375,1321.059375,3245.0785,4566.137875,0.1838975898203687,0.10541898606160681,0.0,0.22069408602778992,0.2875581970901393,0.1635809672085296,0.02856853616142723,0.010281637630138358,0.2893165758819755,0.7106834241180244
Gwh,2022,5,909.906125,829.52025,0.0,989.152069,1592.292125,359.330375,168.1665,47.618375,1739.426375,3156.559444,4895.985819,0.18584737755344383,0.16942864637819327,0.0,0.20203327901019802,0.3252240067405309,0.07339285453106006,0.03434783232978151,0.009726003456792283,0.3552760239316371,0.6447239760683628
Gwh,2022,6,954.55525,830.004875,0.0,927.687935,1369.638875,377.2165,166.566875,42.119,1784.560125,2883.229185,4667.78931,0.2044983581317641,0.1778154110816111,0.0,0.19874246102166082,0.2934234568097933,0.0808126663283352,0.03568431733693653,0.009023329289898905,0.38231376921337523,0.6176862307866248
Gwh,2022,7,798.171875,682.794375,0.0,808.969874,878.43575,356.958125,138.086,33.478125,1480.96625,2215.927874,3696.894124,0.2159033632633186,0.1846940572539913,0.0,0.21882419319185242,0.23761452736697308,0.09655622071583027,0.037351894690073634,0.0090557435179607,0.4005974205173099,0.5994025794826902
