unit,year,month,coal,gas,oil,nuclear,hydro,wind,solar,other,fossil,low.carbon,total.prod,coal.perc,gas.perc,oil.perc,nuclear.perc,hydro.perc,wind.perc,solar.perc,other.perc,fossil.perc,low.carbon.perc
Gwh,2022,1,840.383249,1210.682626,0.0,1046.473,1273.4876259999999,1015.8515,57.161625,49.63325,2051.065875,3442.6070010000003,5493.6728760000005,0.1529729323111593,0.2203776332021994,0.0,0.19048695173891528,0.23180987560497765,0.18491299408050155,0.010404992486851523,0.009034620575395176,0.37335056551335866,0.6266494344866412
Gwh,2022,2,800.1645,1112.258875,0.0,942.82425,965.8545,661.241719,80.19925,51.75775,1912.423375,2701.877469,4614.300844,0.17340969456737051,0.2410460246531771,0.0,0.2043265668786983,0.20931762636497916,0.14330268904330676,0.017380585425912035,0.011216813066556091,0.41445571922054764,0.5855442807794523
Gwh,2022,3,947.238625,677.859,0.0,1043.1545,1124.062626,800.5965309999999,123.619875,54.41875,1625.097625,3145.8522820000003,4770.949906999999,0.19854298273184534,0.1420805108444833,0.0,0.21864712904855077,0.23560562318014716,0.16780652629057252,0.025910956394369876,0.011406271510031181,0.34062349357632865,0.6593765064236715
Gwh,2022,4,839.70175,481.357625,0.0,1007.719625,1313.030375,747.141,130.447875,46.947375,1321.059375,3245.28625,4566.345625,0.18388922323416987,0.10541418993004936,0.0,0.2206840453519109,0.28754511437140723,0.16361902084448546,0.028567236410187415,0.01028116985778973,0.28930341316421926,0.7106965868357807
Gwh,2022,5,909.906125,829.52025,0.0,989.152069,1592.292125,359.330375,168.1665,47.618375,1739.426375,3156.559444,4895.985819,0.18584737755344383,0.16942864637819327,0.0,0.20203327901019802,0.3252240067405309,0.07339285453106006,0.03434783232978151,0.009726003456792283,0.3552760239316371,0.6447239760683628
Gwh,2022,6,954.55525,830.004875,0.0,927.687935,1369.638875,377.2165,166.566875,42.119,1784.560125,2883.229185,4667.78931,0.2044983581317641,0.1778154110816111,0.0,0.19874246102166082,0.2934234568097933,0.0808126663283352,0.03568431733693653,0.009023329289898905,0.38231376921337523,0.6176862307866248
Gwh,2022,7,771.835125,651.148875,0.0,777.1351239999999,837.8805,344.473375,132.22875,32.000875,1422.984,2123.7186239999996,3546.702624,0.21762047930861428,0.18359274628602185,0.0,0.2191148247787238,0.23624210677551297,0.09712496691123772,0.03728216431375669,0.009022711626132657,0.4012132255946361,0.5987867744053638
