unit,year,month,coal,gas,oil,nuclear,hydro,wind,solar,other,fossil,low.carbon,total.prod,coal.perc,gas.perc,oil.perc,nuclear.perc,hydro.perc,wind.perc,solar.perc,other.perc,fossil.perc,low.carbon.perc
Gwh,2022,1,840.383249,1210.682626,0.0,1046.499124,1273.4876259999999,1019.255752,57.161625,49.63325,2051.065875,3446.0373769999997,5497.103252,0.15287747209300553,0.2202401101997711,0.0,0.19037283384103332,0.2316652185015207,0.18541688327014164,0.01039849942407449,0.009028982670453212,0.3731175822927766,0.6268824177072233
Gwh,2022,2,800.1645,1112.258875,0.0,942.82425,965.8545,664.9366219999999,80.19925,51.75775,1912.423375,2705.572372,4617.995747,0.17327094779587288,0.2408531614007136,0.0,0.20416308321905435,0.20915014931043419,0.14398814083619813,0.017366679051642707,0.011207838386084162,0.4141241091965865,0.5858758908034135
Gwh,2022,3,947.238625,677.859,0.0,1043.1545,1124.062626,801.67625,123.619875,54.41875,1625.097625,3146.932001,4772.0296260000005,0.19849806041417897,0.14204836372069915,0.0,0.2185976579685216,0.2355523150727396,0.16799481831213592,0.025905093783673835,0.011403690728050815,0.3405464241348781,0.6594535758651218
Gwh,2022,4,839.70175,481.357625,0.0,1007.7375,1313.030375,748.883873,130.447875,46.947375,1321.059375,3247.0469980000003,4568.106373,0.1838183442844272,0.10537355869055198,0.0,0.22060289706830782,0.2874342819074279,0.16393748565626934,0.028556225347776073,0.010277207045239708,0.2891919029749792,0.7108080970250209
Gwh,2022,5,271.22175,229.60675,0.0,298.958875,492.559875,67.51625,49.001,13.989875,500.8285,922.025875,1422.854375,0.19061806658885946,0.1613705197343193,0.0,0.21011206786358583,0.3461772923880562,0.04745127202493931,0.03443852080786553,0.009832260592374395,0.35198858632317875,0.6480114136768214
