unit,year,month,coal,gas,oil,nuclear,hydro,wind,solar,other,fossil,low.carbon,total.prod,coal.perc,gas.perc,oil.perc,nuclear.perc,hydro.perc,wind.perc,solar.perc,other.perc,fossil.perc,low.carbon.perc
Gwh,2022,1,840.383249,1210.682626,0.0,1046.499124,1273.4876259999999,1019.6336269999999,57.161625,49.63325,2051.065875,3446.415252,5497.481127,0.1528669639032669,0.2202249717700577,0.0,0.19035974836917344,0.23164929475527782,0.18547287447559072,0.010397784672558459,0.009028362054074951,0.37309193567332455,0.6269080643266753
Gwh,2022,2,800.1645,1112.258875,0.0,942.82425,965.8545,665.156622,80.19925,51.75775,1912.423375,2705.792372,4618.215746999999,0.17326269361057636,0.2408416877714137,0.0,0.20415335741134663,0.20914018593163836,0.14402891905430942,0.01736585174741946,0.011207304473296192,0.4141043813819901,0.58589561861801
Gwh,2022,3,947.238625,677.859,0.0,1043.1545,1124.062626,801.67625,123.619875,54.41875,1625.097625,3146.932001,4772.0296260000005,0.19849806041417897,0.14204836372069915,0.0,0.2185976579685216,0.2355523150727396,0.16799481831213592,0.025905093783673835,0.011403690728050815,0.3405464241348781,0.6594535758651218
Gwh,2022,4,839.70175,481.357625,0.0,1007.7375,1313.030375,748.8992489999999,130.447875,46.947375,1321.059375,3247.0623739999996,4568.121749,0.1838177255638639,0.10537320401002298,0.0,0.22060215453333792,0.2874333144223736,0.1639402997881876,0.028556129229383203,0.010277172452830788,0.2891909295738869,0.7108090704261131
Gwh,2022,5,178.011875,146.091375,0.0,201.308625,346.58425,52.086875,31.902,9.218125,324.10325,641.099875,965.203125,0.1844294432842828,0.15135816618911174,0.0,0.20856607255597107,0.3590790798568954,0.053964677124309975,0.03305211014520907,0.009550450844219967,0.33578760947339453,0.6642123905266055
