unit,year,month,coal,gas,oil,nuclear,hydro,wind,solar,other,fossil,low.carbon,total.prod,coal.perc,gas.perc,oil.perc,nuclear.perc,hydro.perc,wind.perc,solar.perc,other.perc,fossil.perc,low.carbon.perc
Gwh,2022,1,1803.743,1.488,0.0,0.0,980.461,0.0,0.0,42.407599999999995,1805.231,1022.8686,2828.0996,0.6377933082696239,0.0005261483718607365,0.0,0.0,0.3466854561982188,0.0,0.0,0.014995087160296615,0.6383194566414846,0.3616805433585154
Gwh,2022,2,1613.59,1.344,0.0,0.0,766.43,0.0,0.0,38.304,1614.934,804.734,2419.668,0.6668642144294176,0.0005554481027975739,0.0,0.0,0.31675006653805393,0.0,0.0,0.015830270929730855,0.6674196625322151,0.3325803374677848
Gwh,2022,3,2044.302,1.488,0.0,0.0,816.387,24.906299999999998,0.0,42.444,2045.79,883.7373,2929.5272999999997,0.6978265742736038,0.0005079317745221218,0.0,0.0,0.2786753344131663,0.008501815292863119,0.0,0.014488344245844716,0.698334506048126,0.3016654939518741
Gwh,2022,4,1627.526,1.44,0.0,0.0,939.86,77.1687,0.0,41.04,1628.966,1058.0687,2687.0347,0.6056959368630409,0.0005359067376390785,0.0,0.0,0.3497759072482391,0.02871890712836719,0.0,0.015273342022713736,0.6062318436006798,0.39376815639932
Gwh,2022,5,1265.524,1.488,0.0,0.0,854.138,71.5455,0.0,42.408,1267.012,968.0915,2235.1035,0.5662037574546324,0.0006657409824645704,0.0,0.0,0.38214695650559355,0.03200992705706917,0.0,0.018973618000240257,0.5668694984370969,0.433130501562903
Gwh,2022,6,1053.088,1.056,0.0,0.0,502.02,38.1865,0.0,30.096,1054.144,570.3025,1624.4465,0.6482749662731274,0.0006500675768638733,0.0,0.0,0.3090406486147743,0.02350739159461392,0.0,0.01852692594062039,0.6489250338499913,0.35107496615000866
