unit,year,month,coal,oil,gas,nuclear,hydro,wind,solar,other,fossil,low.carbon,total.prod,coal.perc,oil.perc,gas.perc,nuclear.perc,hydro.perc,wind.perc,solar.perc,other.perc,fossil.perc,low.carbon.perc,biomass
Gwh,2022,1,1803.743,0.0,1.488,0.0,980.461,0.0,0.0,42.407599999999995,1805.231,1022.8686,2828.0996,0.6377933082696239,0.0,0.0005261483718607365,0.0,0.3466854561982188,0.0,0.0,0.014995087160296615,0.6383194566414846,0.3616805433585154,20.088
Gwh,2022,2,1613.59,0.0,1.344,0.0,766.43,0.0,0.0,38.304,1614.934,804.734,2419.668,0.6668642144294176,0.0,0.0005554481027975739,0.0,0.31675006653805393,0.0,0.0,0.015830270929730855,0.6674196625322151,0.3325803374677848,18.144
Gwh,2022,3,2044.302,0.0,1.488,0.0,816.387,26.901,0.0,42.444,2045.79,885.732,2931.522,0.697351751069922,0.0,0.0005075861617275941,0.0,0.2784857149289686,0.00917646191978092,0.0,0.01447848591960081,0.6978593372316496,0.3021406627683504,22.317
Gwh,2022,4,1127.019,0.0,0.96,0.0,632.635,59.343,0.0,27.36,1127.979,719.338,1847.317,0.6100842465045252,0.0,0.0005196725846186659,0.0,0.34246152663565593,0.03212388561356822,0.0,0.014810668661631977,0.6106039190891439,0.3893960809108561,14.4
