unit,year,month,coal,gas,oil,nuclear,hydro,wind,solar,other,fossil,low.carbon,total.prod,coal.perc,gas.perc,oil.perc,nuclear.perc,hydro.perc,wind.perc,solar.perc,other.perc,fossil.perc,low.carbon.perc
Gwh,2022,1,1803.743,1.488,0.0,0.0,980.461,0.0,0.0,42.407599999999995,1805.231,1022.8686,2828.0996,0.6377933082696239,0.0005261483718607365,0.0,0.0,0.3466854561982188,0.0,0.0,0.014995087160296615,0.6383194566414846,0.3616805433585154
Gwh,2022,2,1613.59,1.344,0.0,0.0,766.43,0.0,0.0,38.304,1614.934,804.734,2419.668,0.6668642144294176,0.0005554481027975739,0.0,0.0,0.31675006653805393,0.0,0.0,0.015830270929730855,0.6674196625322151,0.3325803374677848
Gwh,2022,3,2044.302,1.488,0.0,0.0,816.387,26.58,0.0,42.444,2045.79,885.411,2931.201,0.6974281190542716,0.0005076417482117398,0.0,0.0,0.27851621229659784,0.009067955421685514,0.0,0.014480071479233258,0.6979357608024833,0.3020642391975166
Gwh,2022,4,1627.526,1.44,0.0,0.0,939.86,83.446,0.0,41.04,1628.966,1064.346,2693.312,0.6042842418553811,0.0005346577002590119,0.0,0.0,0.3489606848371076,0.030982671149870494,0.0,0.015237744457381842,0.60481889955564,0.39518110044435995
Gwh,2022,5,1178.449,1.392,0.0,0.0,805.776,72.991,0.0,39.672,1179.841,918.439,2098.28,0.5616261890691423,0.0006634004994566978,0.0,0.0,0.38401738566826155,0.03478611052862344,0.0,0.018906914234515886,0.562289589568599,0.4377104104314009
