unit,year,month,coal,gas,oil,nuclear,hydro,wind,solar,other,fossil,low.carbon,total.prod,coal.perc,gas.perc,oil.perc,nuclear.perc,hydro.perc,wind.perc,solar.perc,other.perc,fossil.perc,low.carbon.perc
Gwh,2022,1,1803.743,1.488,0.0,0.0,980.461,0.0,0.0,42.407599999999995,1805.231,1022.8686,2828.0996,0.6377933082696239,0.0005261483718607365,0.0,0.0,0.3466854561982188,0.0,0.0,0.014995087160296615,0.6383194566414846,0.3616805433585154
Gwh,2022,2,1613.59,1.344,0.0,0.0,766.43,0.0,0.0,38.304,1614.934,804.734,2419.668,0.6668642144294176,0.0005554481027975739,0.0,0.0,0.31675006653805393,0.0,0.0,0.015830270929730855,0.6674196625322151,0.3325803374677848
Gwh,2022,3,2044.302,1.488,0.0,0.0,816.387,26.313038,0.0,42.444,2045.79,885.1440379999999,2930.934038,0.6974916437884024,0.0005076879863920022,0.0,0.0,0.27854158074368784,0.008977697095481341,0.0,0.014481390386036387,0.6979993317747945,0.30200066822520555
Gwh,2022,4,1627.526,1.44,0.0,0.0,939.86,81.449962,0.0,41.04,1628.966,1062.349962,2691.315962,0.6047324145436032,0.0005350542338142607,0.0,0.0,0.3492194945782438,0.030263990980632396,0.0,0.01524904566370643,0.6052674687774173,0.3947325312225826
Gwh,2022,5,1221.349,1.44,0.0,0.0,829.846,73.116,0.0,41.04,1222.789,944.002,2166.791,0.563667192636484,0.0006645772481056086,0.0,0.0,0.38298386877183815,0.03374390977256228,0.0,0.018940451571009848,0.5643317698845897,0.4356682301154102
