unit,year,month,coal,gas,oil,nuclear,hydro,wind,solar,other,fossil,low.carbon,total.prod,coal.perc,gas.perc,oil.perc,nuclear.perc,hydro.perc,wind.perc,solar.perc,other.perc,fossil.perc,low.carbon.perc
Gwh,2022,1,1803.743,1.488,0.0,0.0,980.461,0.0,0.0,42.407599999999995,1805.231,1022.8686,2828.0996,0.6377933082696239,0.0005261483718607365,0.0,0.0,0.3466854561982188,0.0,0.0,0.014995087160296615,0.6383194566414846,0.3616805433585154
Gwh,2022,2,1613.59,1.344,0.0,0.0,766.43,0.0,0.0,38.304,1614.934,804.734,2419.668,0.6668642144294176,0.0005554481027975739,0.0,0.0,0.31675006653805393,0.0,0.0,0.015830270929730855,0.6674196625322151,0.3325803374677848
Gwh,2022,3,2044.302,1.488,0.0,0.0,816.387,23.8573,0.0,42.444,2045.79,882.6883,2928.4782999999998,0.6980765402973961,0.0005081137189918738,0.0,0.0,0.27877515773294276,0.00814665418555432,0.0,0.01449353406511498,0.698584654016388,0.3014153459836121
Gwh,2022,4,1627.526,1.44,0.0,0.0,939.86,76.0052,0.0,41.04,1628.966,1056.9052,2685.8712,0.605958319967093,0.0005361388885662127,0.0,0.0,0.3499274276443338,0.02829815517586994,0.0,0.015279958324137062,0.6064944588556591,0.3935055411443408
Gwh,2022,5,1265.524,1.488,0.0,0.0,854.138,70.5575,0.0,42.408,1267.012,967.1035,2234.1155,0.5664541515422994,0.0006660353952156905,0.0,0.0,0.3823159545690454,0.031581849729792395,0.0,0.018982008763647182,0.5671201869375151,0.43287981306248496
Gwh,2022,6,1196.297,1.2,0.0,0.0,571.0,39.1165,0.0,34.2,1197.497,644.3165,1841.8135,0.6495212463151128,0.0006515317647525115,0.0,0.0,0.3100205313947368,0.021238035229951352,0.0,0.018568655295446584,0.6501727780798654,0.3498272219201347
