unit,year,month,coal,gas,oil,nuclear,hydro,wind,solar,other,fossil,low.carbon,total.prod,coal.perc,gas.perc,oil.perc,nuclear.perc,hydro.perc,wind.perc,solar.perc,other.perc,fossil.perc,low.carbon.perc
Gwh,2022,1,1803.743,1.488,0.0,0.0,980.461,0.0,0.0,42.407599999999995,1805.231,1022.8686,2828.0996,0.6377933082696239,0.0005261483718607365,0.0,0.0,0.3466854561982188,0.0,0.0,0.014995087160296615,0.6383194566414846,0.3616805433585154
Gwh,2022,2,1613.59,1.344,0.0,0.0,766.43,0.0,0.0,38.304,1614.934,804.734,2419.668,0.6668642144294176,0.0005554481027975739,0.0,0.0,0.31675006653805393,0.0,0.0,0.015830270929730855,0.6674196625322151,0.3325803374677848
Gwh,2022,3,2044.302,1.488,0.0,0.0,816.387,23.8813,0.0,42.444,2045.79,882.7123,2928.5022999999997,0.6980708193399746,0.0005081095548396872,0.0,0.0,0.2787728730825993,0.00815478273655445,0.0,0.014493415286032048,0.6985789288948143,0.3014210711051858
Gwh,2022,4,1627.526,1.44,0.0,0.0,939.86,76.86019999999999,0.0,41.04,1628.966,1057.7602,2686.7262,0.6057654851469421,0.0005359682724648309,0.0,0.0,0.34981606983249725,0.028607380982848193,0.0,0.015275095765247682,0.6063014534194068,0.3936985465805931
Gwh,2022,5,1265.524,1.488,0.0,0.0,854.138,70.7475,0.0,42.408,1267.012,967.2935,2234.3055,0.5664059816350091,0.0006659787571574254,0.0,0.0,0.3822834433339577,0.03166420169488909,0.0,0.018980394578986627,0.5670719603921666,0.4329280396078334
Gwh,2022,6,1490.891,1.44,0.0,0.0,668.975,48.4085,0.0,41.04,1492.331,758.4235,2250.7545,0.662396098730448,0.0006397854586095462,0.0,0.0,0.2972225535925842,0.021507676647986262,0.0,0.018233885570372067,0.6630358841890575,0.3369641158109425
Gwh,2022,7,635.968,0.528,0.0,0.0,190.495,23.318,0.0,15.048,636.496,228.861,865.357,0.7349198076631956,0.0006101528039872562,0.0,0.0,0.22013458029460675,0.02694610432457356,0.0,0.0173893549136368,0.7355299604671829,0.2644700395328171
