unit,year,month,coal,gas,oil,nuclear,hydro,wind,solar,other,fossil,low.carbon,total.prod,coal.perc,gas.perc,oil.perc,nuclear.perc,hydro.perc,wind.perc,solar.perc,other.perc,fossil.perc,low.carbon.perc
Gwh,2022,1,1803.743,1.488,0.0,0.0,980.461,0.0,0.0,42.407599999999995,1805.231,1022.8686,2828.0996,0.6377933082696239,0.0005261483718607365,0.0,0.0,0.3466854561982188,0.0,0.0,0.014995087160296615,0.6383194566414846,0.3616805433585154
Gwh,2022,2,1613.59,1.344,0.0,0.0,766.43,0.0,0.0,38.304,1614.934,804.734,2419.668,0.6668642144294176,0.0005554481027975739,0.0,0.0,0.31675006653805393,0.0,0.0,0.015830270929730855,0.6674196625322151,0.3325803374677848
Gwh,2022,3,2044.302,1.488,0.0,0.0,816.387,26.438538,0.0,42.444,2045.79,885.2695379999999,2931.0595379999995,0.6974617790926635,0.0005076662485728054,0.0,0.0,0.2785296543505423,0.009020129975947287,0.0,0.014480770332274297,0.6979694453412363,0.30203055465876383
Gwh,2022,4,1627.526,1.44,0.0,0.0,939.86,82.738962,0.0,41.04,1628.966,1063.638962,2692.6049620000003,0.6044429179062026,0.0005347980934159772,0.0,0.0,0.3490523167207919,0.03072822161723402,0.0,0.01524174566235535,0.6049777159996186,0.3950222840003813
Gwh,2022,5,1135.676,1.344,0.0,0.0,783.171,72.337,0.0,38.304,1137.02,893.812,2030.832,0.5592171090469324,0.0006617977262520976,0.0,0.0,0.38564046656739703,0.03561939146123362,0.0,0.018861235198184785,0.5598789067731845,0.4401210932268154
