unit,year,month,coal,gas,oil,nuclear,hydro,wind,solar,other,fossil,low.carbon,total.prod,coal.perc,gas.perc,oil.perc,nuclear.perc,hydro.perc,wind.perc,solar.perc,other.perc,fossil.perc,low.carbon.perc
Gwh,2022,1,1803.743,1.488,0.0,0.0,980.461,0.0,0.0,42.407599999999995,1805.231,1022.8686,2828.0996,0.6377933082696239,0.0005261483718607365,0.0,0.0,0.3466854561982188,0.0,0.0,0.014995087160296615,0.6383194566414846,0.3616805433585154
Gwh,2022,2,1613.59,1.344,0.0,0.0,766.43,0.0,0.0,38.304,1614.934,804.734,2419.668,0.6668642144294176,0.0005554481027975739,0.0,0.0,0.31675006653805393,0.0,0.0,0.015830270929730855,0.6674196625322151,0.3325803374677848
Gwh,2022,3,2044.302,1.488,0.0,0.0,816.387,22.4828,0.0,42.444,2045.79,881.3138,2927.1038,0.6984043408368368,0.0005083523173998818,0.0,0.0,0.2789060640760331,0.007680902877444934,0.0,0.014500339892285339,0.6989126931542367,0.3010873068457634
Gwh,2022,4,1627.526,1.44,0.0,0.0,939.86,73.978729,0.0,41.04,1628.966,1054.878729,2683.8447290000004,0.6064158564815394,0.0005365437070335077,0.0,0.0,0.350191644786467,0.02756445937450504,0.0,0.015291495650454968,0.6069524001885728,0.39304759981142706
Gwh,2022,5,1265.524,1.488,0.0,0.0,854.138,69.958471,0.0,42.408,1267.012,966.504471,2233.516471,0.5666060745159376,0.0006662140258736422,0.0,0.0,0.38241849168794423,0.031322120032845735,0.0,0.018987099737398802,0.5672722885418112,0.4327277114581888
Gwh,2022,6,1490.891,1.44,0.0,0.0,668.975,47.9555,0.0,41.04,1492.331,757.9705,2250.3015,0.6625294432768232,0.0006399142514903003,0.0,0.0,0.297282386382447,0.021310699921766037,0.0,0.018237556167473558,0.6631693575283134,0.3368306424716866
Gwh,2022,7,1792.617,1.392,0.0,0.0,438.888,48.2675,0.0,39.672,1794.009,526.8275,2320.8365,0.772401244120385,0.0005997837417672464,0.0,0.0,0.1891076773396144,0.020797458157866787,0.0,0.01709383664036652,0.7730010278621523,0.22699897213784773
