unit,year,month,coal,gas,oil,nuclear,hydro,wind,solar,other,fossil,low.carbon,total.prod,coal.perc,gas.perc,oil.perc,nuclear.perc,hydro.perc,wind.perc,solar.perc,other.perc,fossil.perc,low.carbon.perc
Gwh,2022,1,1803.743,1.488,0.0,0.0,980.461,0.0,0.0,42.407599999999995,1805.231,1022.8686,2828.0996,0.6377933082696239,0.0005261483718607365,0.0,0.0,0.3466854561982188,0.0,0.0,0.014995087160296615,0.6383194566414846,0.3616805433585154
Gwh,2022,2,1613.59,1.344,0.0,0.0,766.43,0.0,0.0,38.304,1614.934,804.734,2419.668,0.6668642144294176,0.0005554481027975739,0.0,0.0,0.31675006653805393,0.0,0.0,0.015830270929730855,0.6674196625322151,0.3325803374677848
Gwh,2022,3,2044.302,1.488,0.0,0.0,816.387,26.292538,0.0,42.444,2045.79,885.1235379999999,2930.913538,0.6974965223283226,0.0005076915373680328,0.0,0.0,0.27854352897666407,0.008970765482881332,0.0,0.014481491674763968,0.6980042138656907,0.3019957861343094
Gwh,2022,4,1627.526,1.44,0.0,0.0,939.86,80.805462,0.0,41.04,1628.966,1061.7054620000001,2690.6714620000002,0.6048772668775568,0.0005351823960438615,0.0,0.0,0.3493031435734609,0.030031708865688338,0.0,0.015252698287250052,0.6054124492736006,0.39458755072639934
Gwh,2022,5,1265.524,1.488,0.0,0.0,854.138,73.6985,0.0,42.408,1267.012,970.2445,2237.2565,0.5656588772901096,0.0006651003137101177,0.0,0.0,0.3817792014460568,0.03294146200938516,0.0,0.018955358940738357,0.5663239776038197,0.43367602239618036
