unit,year,month,coal,gas,oil,nuclear,hydro,wind,solar,other,fossil,low.carbon,total.prod,coal.perc,gas.perc,oil.perc,nuclear.perc,hydro.perc,wind.perc,solar.perc,other.perc,fossil.perc,low.carbon.perc
Gwh,2022,1,1803.743,1.488,0.0,0.0,980.461,0.0,0.0,42.407599999999995,1805.231,1022.8686,2828.0996,0.6377933082696239,0.0005261483718607365,0.0,0.0,0.3466854561982188,0.0,0.0,0.014995087160296615,0.6383194566414846,0.3616805433585154
Gwh,2022,2,1613.59,1.344,0.0,0.0,766.43,0.0,0.0,38.304,1614.934,804.734,2419.668,0.6668642144294176,0.0005554481027975739,0.0,0.0,0.31675006653805393,0.0,0.0,0.015830270929730855,0.6674196625322151,0.3325803374677848
Gwh,2022,3,2044.302,1.488,0.0,0.0,816.387,26.141038,0.0,42.444,2045.79,884.972038,2930.762038,0.6975325780441272,0.0005077177814871096,0.0,0.0,0.27855792773851945,0.008919536168770316,0.0,0.014482240267096023,0.6980402958256142,0.3019597041743858
Gwh,2022,4,1627.526,1.44,0.0,0.0,939.86,80.450962,0.0,41.04,1628.966,1061.350962,2690.3169620000003,0.6049569708656507,0.000535252916418255,0.0,0.0,0.349349170850598,0.02990389724941265,0.0,0.015254708117920268,0.6054922237820689,0.3945077762179309
Gwh,2022,5,1265.524,1.488,0.0,0.0,854.138,73.516,0.0,42.408,1267.012,970.062,2237.074,0.5657050236156693,0.0006651545724459719,0.0,0.0,0.3818103469085064,0.03286256958866805,0.0,0.0189569053147102,0.5663701781881153,0.43362982181188464
Gwh,2022,6,608.799,0.624,0.0,0.0,286.757,25.562,0.0,17.784,609.423,330.103,939.526,0.6479852606527121,0.000664164695814698,0.0,0.0,0.3052145443553452,0.027207336465409154,0.0,0.018928693830718893,0.6486494253485269,0.35135057465147324
