unit,year,month,coal,gas,oil,nuclear,hydro,wind,solar,other,fossil,low.carbon,total.prod,coal.perc,gas.perc,oil.perc,nuclear.perc,hydro.perc,wind.perc,solar.perc,other.perc,fossil.perc,low.carbon.perc
Gwh,2022,1,1803.743,1.488,0.0,0.0,980.461,0.0,0.0,42.407599999999995,1805.231,1022.8686,2828.0996,0.6377933082696239,0.0005261483718607365,0.0,0.0,0.3466854561982188,0.0,0.0,0.014995087160296615,0.6383194566414846,0.3616805433585154
Gwh,2022,2,1613.59,1.344,0.0,0.0,766.43,0.0,0.0,38.304,1614.934,804.734,2419.668,0.6668642144294176,0.0005554481027975739,0.0,0.0,0.31675006653805393,0.0,0.0,0.015830270929730855,0.6674196625322151,0.3325803374677848
Gwh,2022,3,2044.302,1.488,0.0,0.0,816.387,25.299538000000002,0.0,42.444,2045.79,884.1305379999999,2929.920538,0.6977329157859912,0.0005078636026817735,0.0,0.0,0.2786379321253797,0.008634888786871258,0.0,0.014486399699076072,0.698240779388673,0.30175922061132704
Gwh,2022,4,1627.526,1.44,0.0,0.0,939.86,79.391962,0.0,41.04,1628.966,1060.291962,2689.257962,0.6051951962204509,0.0005354636930884356,0.0,0.0,0.3494867406847897,0.02952188414865052,0.0,0.015260715253020415,0.6057306599135394,0.3942693400864606
Gwh,2022,5,1265.524,1.488,0.0,0.0,854.138,72.5515,0.0,42.408,1267.012,969.0975,2236.1095,0.5659490288825301,0.0006654414732373348,0.0,0.0,0.38197503297580016,0.03244541468116834,0.0,0.01896508198726404,0.5666144703557674,0.4333855296442325
Gwh,2022,6,513.732,0.528,0.0,0.0,239.87,20.505,0.0,15.048,514.26,275.423,789.683,0.6505547162595624,0.0006686227258279588,0.0,0.0,0.3037547978112736,0.025966115517239194,0.0,0.019055747686096827,0.6512233389853903,0.3487766610146097
