unit,year,month,coal,gas,oil,nuclear,hydro,wind,solar,other,fossil,low.carbon,total.prod,coal.perc,gas.perc,oil.perc,nuclear.perc,hydro.perc,wind.perc,solar.perc,other.perc,fossil.perc,low.carbon.perc
Gwh,2022,1,1803.743,1.488,0.0,0.0,980.461,0.0,0.0,42.407599999999995,1805.231,1022.8686,2828.0996,0.6377933082696239,0.0005261483718607365,0.0,0.0,0.3466854561982188,0.0,0.0,0.014995087160296615,0.6383194566414846,0.3616805433585154
Gwh,2022,2,1613.59,1.344,0.0,0.0,766.43,0.0,0.0,38.304,1614.934,804.734,2419.668,0.6668642144294176,0.0005554481027975739,0.0,0.0,0.31675006653805393,0.0,0.0,0.015830270929730855,0.6674196625322151,0.3325803374677848
Gwh,2022,3,2044.302,1.488,0.0,0.0,816.387,22.5143,0.0,42.444,2045.79,881.3453000000001,2927.1353,0.6983968250459758,0.0005083468468300731,0.0,0.0,0.2789030626633487,0.007691581595152093,0.0,0.014500183848693296,0.6989051718928059,0.3010948281071941
Gwh,2022,4,1627.526,1.44,0.0,0.0,939.86,74.16448600000001,0.0,41.04,1628.966,1055.064486,2684.030486,0.6063738875132881,0.0005365065737930667,0.0,0.0,0.3501674086424665,0.027631759917349914,0.0,0.015290437353102404,0.6069103940870811,0.3930896059129188
Gwh,2022,5,1265.524,1.488,0.0,0.0,854.138,70.042714,0.0,42.408,1267.012,966.588714,2233.600714,0.5665847042704696,0.0006661888987916933,0.0,0.0,0.3824040683038571,0.03135865491131823,0.0,0.01898638361556326,0.5672508931692614,0.4327491068307386
Gwh,2022,6,1490.891,1.44,0.0,0.0,668.975,47.9725,0.0,41.04,1492.331,757.9875,2250.3185,0.6625244382073028,0.0006399094172669336,0.0,0.0,0.2972801405667687,0.021318093416554145,0.0,0.01823741839210761,0.6631643476245696,0.3368356523754304
Gwh,2022,7,1922.314,1.488,0.0,0.0,458.628,54.923,0.0,42.408,1923.802,555.959,2479.761,0.7752013198046103,0.0006000578281536003,0.0,0.0,0.18494846882421329,0.02214850544064529,0.0,0.01710164810237761,0.7758013776327638,0.22419862236723617
