unit,year,month,coal,gas,oil,nuclear,hydro,wind,solar,other,fossil,low.carbon,total.prod,coal.perc,gas.perc,oil.perc,nuclear.perc,hydro.perc,wind.perc,solar.perc,other.perc,fossil.perc,low.carbon.perc
Gwh,2022,1,1803.743,1.488,0.0,0.0,980.461,0.0,0.0,42.407599999999995,1805.231,1022.8686,2828.0996,0.6377933082696239,0.0005261483718607365,0.0,0.0,0.3466854561982188,0.0,0.0,0.014995087160296615,0.6383194566414846,0.3616805433585154
Gwh,2022,2,1613.59,1.344,0.0,0.0,766.43,0.0,0.0,38.304,1614.934,804.734,2419.668,0.6668642144294176,0.0005554481027975739,0.0,0.0,0.31675006653805393,0.0,0.0,0.015830270929730855,0.6674196625322151,0.3325803374677848
Gwh,2022,3,2044.302,1.488,0.0,0.0,816.387,26.901,0.0,42.444,2045.79,885.732,2931.522,0.697351751069922,0.0005075861617275941,0.0,0.0,0.2784857149289686,0.00917646191978092,0.0,0.01447848591960081,0.6978593372316496,0.3021406627683504
Gwh,2022,4,1627.526,1.44,0.0,0.0,939.86,84.5335,0.0,41.04,1628.966,1065.4335,2694.3995,0.6040403436832585,0.0005344419044020754,0.0,0.0,0.34881983907731573,0.03137378105956448,0.0,0.015231594275459151,0.6045747855876606,0.3954252144123394
Gwh,2022,5,816.804,0.96,0.0,0.0,581.587,51.8825,0.0,27.36,817.764,660.8295,1478.5935,0.5524195798236635,0.0006492656703820218,0.0,0.0,0.3933379931671551,0.03508908973291172,0.0,0.01850407160588762,0.5530688454940456,0.44693115450595455
