unit,year,month,coal,gas,oil,nuclear,hydro,wind,solar,other,fossil,low.carbon,total.prod,coal.perc,gas.perc,oil.perc,nuclear.perc,hydro.perc,wind.perc,solar.perc,other.perc,fossil.perc,low.carbon.perc
Gwh,2022,1,1803.743,1.488,0.0,0.0,980.461,0.0,0.0,42.407599999999995,1805.231,1022.8686,2828.0996,0.6377933082696239,0.0005261483718607365,0.0,0.0,0.3466854561982188,0.0,0.0,0.014995087160296615,0.6383194566414846,0.3616805433585154
Gwh,2022,2,1613.59,1.344,0.0,0.0,766.43,0.0,0.0,38.304,1614.934,804.734,2419.668,0.6668642144294176,0.0005554481027975739,0.0,0.0,0.31675006653805393,0.0,0.0,0.015830270929730855,0.6674196625322151,0.3325803374677848
Gwh,2022,3,2044.302,1.488,0.0,0.0,816.387,25.299538000000002,0.0,42.444,2045.79,884.1305379999999,2929.920538,0.6977329157859912,0.0005078636026817735,0.0,0.0,0.2786379321253797,0.008634888786871258,0.0,0.014486399699076072,0.698240779388673,0.30175922061132704
Gwh,2022,4,1627.526,1.44,0.0,0.0,939.86,79.180962,0.0,41.04,1628.966,1060.080962,2689.0469620000003,0.6052426837460342,0.0005355057090297107,0.0,0.0,0.34951416367268334,0.02944573416490596,0.0,0.015261912707346758,0.6057781894550638,0.39422181054493605
Gwh,2022,5,1265.524,1.488,0.0,0.0,854.138,72.5015,0.0,42.408,1267.012,969.0475,2236.0595,0.5659616839355125,0.0006654563530174399,0.0,0.0,0.3819835742295767,0.03242377942089645,0.0,0.018965506060997037,0.5666271402885299,0.43337285971147016
Gwh,2022,6,89.096,0.096,0.0,0.0,46.915,1.457,0.0,2.736,89.192,51.108,140.3,0.6350392017106201,0.0006842480399144689,0.0,0.0,0.33439059158945117,0.010384889522451889,0.0,0.019501069137562367,0.6357234497505345,0.36427655024946537
