unit,year,month,coal,gas,oil,nuclear,hydro,wind,solar,other,fossil,low.carbon,total.prod,coal.perc,gas.perc,oil.perc,nuclear.perc,hydro.perc,wind.perc,solar.perc,other.perc,fossil.perc,low.carbon.perc
Gwh,2022,1,1803.743,1.488,0.0,0.0,980.461,0.0,0.0,42.407599999999995,1805.231,1022.8686,2828.0996,0.6377933082696239,0.0005261483718607365,0.0,0.0,0.3466854561982188,0.0,0.0,0.014995087160296615,0.6383194566414846,0.3616805433585154
Gwh,2022,2,1613.59,1.344,0.0,0.0,766.43,0.0,0.0,38.304,1614.934,804.734,2419.668,0.6668642144294176,0.0005554481027975739,0.0,0.0,0.31675006653805393,0.0,0.0,0.015830270929730855,0.6674196625322151,0.3325803374677848
Gwh,2022,3,2044.302,1.488,0.0,0.0,816.387,23.6178,0.0,42.444,2045.79,882.4488,2928.2387999999996,0.6981336358223243,0.0005081552774999088,0.0,0.0,0.278797958691074,0.008065530721060045,0.0,0.014494719488041756,0.6986417910998243,0.3013582089001758
Gwh,2022,4,1627.526,1.44,0.0,0.0,939.86,75.7167,0.0,41.04,1628.966,1056.6167,2685.5827000000004,0.6060234153280776,0.0005361964835415419,0.0,0.0,0.3499650187648289,0.028193769642617966,0.0,0.015281599780933946,0.606559611811619,0.39344038818838084
Gwh,2022,5,1265.524,1.488,0.0,0.0,854.138,70.117,0.0,42.408,1267.012,966.663,2233.675,0.5665658611928771,0.0006661667431475035,0.0,0.0,0.38239135057696394,0.031390869307307466,0.0,0.01898575217970385,0.5672320279360247,0.43276797206397527
Gwh,2022,6,1490.891,1.44,0.0,0.0,668.975,48.1175,0.0,41.04,1492.331,758.1325,2250.4635,0.6624817509815201,0.0006398681871534464,0.0,0.0,0.2972609864590117,0.021381151038441636,0.0,0.018236243333873223,0.6631216191686735,0.3368783808313266
Gwh,2022,7,1253.432,1.008,0.0,0.0,334.101,38.5295,0.0,28.728,1254.44,401.3585,1655.7985,0.7569954919031512,0.0006087697265095964,0.0,0.0,0.20177636348867328,0.023269437676142354,0.0,0.017349937205523497,0.7576042616296609,0.24239573837033912
