unit,year,month,coal,gas,oil,nuclear,hydro,wind,solar,other,fossil,low.carbon,total.prod,coal.perc,gas.perc,oil.perc,nuclear.perc,hydro.perc,wind.perc,solar.perc,other.perc,fossil.perc,low.carbon.perc
Gwh,2022,1,1803.743,1.488,0.0,0.0,980.461,0.0,0.0,42.407599999999995,1805.231,1022.8686,2828.0996,0.6377933082696239,0.0005261483718607365,0.0,0.0,0.3466854561982188,0.0,0.0,0.014995087160296615,0.6383194566414846,0.3616805433585154
Gwh,2022,2,1613.59,1.344,0.0,0.0,766.43,0.0,0.0,38.304,1614.934,804.734,2419.668,0.6668642144294176,0.0005554481027975739,0.0,0.0,0.31675006653805393,0.0,0.0,0.015830270929730855,0.6674196625322151,0.3325803374677848
Gwh,2022,3,2044.302,1.488,0.0,0.0,816.387,25.408038,0.0,42.444,2045.79,884.2390379999999,2930.0290379999997,0.6977070784921007,0.0005078447963149504,0.0,0.0,0.27862761406530473,0.008671599383650887,0.0,0.01448586326262887,0.6982149232884156,0.30178507671158444
Gwh,2022,4,1627.526,1.44,0.0,0.0,939.86,79.665462,0.0,41.04,1628.966,1060.565462,2689.5314620000004,0.6051336535731515,0.0005354092414777633,0.0,0.0,0.3494512011772852,0.029620572625969153,0.0,0.015259163382116255,0.6056690628146293,0.39433093718537054
Gwh,2022,5,1265.524,1.488,0.0,0.0,854.138,73.2875,0.0,42.408,1267.012,969.8335,2236.8455,0.5657628119599677,0.0006652225198387641,0.0,0.0,0.3818493498992219,0.03276377380556681,0.0,0.018958841815404776,0.5664280344798065,0.4335719655201935
Gwh,2022,6,513.732,0.528,0.0,0.0,239.87,20.505,0.0,15.048,514.26,275.423,789.683,0.6505547162595624,0.0006686227258279588,0.0,0.0,0.3037547978112736,0.025966115517239194,0.0,0.019055747686096827,0.6512233389853903,0.3487766610146097
