unit,year,month,coal,gas,oil,nuclear,hydro,wind,solar,other,fossil,low.carbon,total.prod,coal.perc,gas.perc,oil.perc,nuclear.perc,hydro.perc,wind.perc,solar.perc,other.perc,fossil.perc,low.carbon.perc
Gwh,2022,1,1803.743,1.488,0.0,0.0,980.461,0.0,0.0,42.407599999999995,1805.231,1022.8686,2828.0996,0.6377933082696239,0.0005261483718607365,0.0,0.0,0.3466854561982188,0.0,0.0,0.014995087160296615,0.6383194566414846,0.3616805433585154
Gwh,2022,2,1613.59,1.344,0.0,0.0,766.43,0.0,0.0,38.304,1614.934,804.734,2419.668,0.6668642144294176,0.0005554481027975739,0.0,0.0,0.31675006653805393,0.0,0.0,0.015830270929730855,0.6674196625322151,0.3325803374677848
Gwh,2022,3,2044.302,1.488,0.0,0.0,816.387,23.8573,0.0,42.444,2045.79,882.6883,2928.4782999999998,0.6980765402973961,0.0005081137189918738,0.0,0.0,0.27877515773294276,0.00814665418555432,0.0,0.01449353406511498,0.698584654016388,0.3014153459836121
Gwh,2022,4,1627.526,1.44,0.0,0.0,939.86,75.9697,0.0,41.04,1628.966,1056.8697,2685.8357,0.6059663292136597,0.0005361459749753121,0.0,0.0,0.34993205280576173,0.028285311718806924,0.0,0.015280160286796395,0.6065024751886349,0.393497524811365
Gwh,2022,5,1265.524,1.488,0.0,0.0,854.138,70.3675,0.0,42.408,1267.012,966.9135,2233.9255,0.5665023296434908,0.0006660920429083244,0.0,0.0,0.38234847133442906,0.03149948375628463,0.0,0.01898362322288725,0.5671684216863991,0.4328315783136009
Gwh,2022,6,1490.891,1.44,0.0,0.0,668.975,48.177,0.0,41.04,1492.331,758.192,2250.523,0.6624642360908998,0.0006398512701269881,0.0,0.0,0.29725312738416804,0.02140702405618605,0.0,0.018235761198619162,0.6631040873610267,0.3368959126389732
Gwh,2022,7,120.628,0.096,0.0,0.0,39.897,3.981,0.0,2.736,120.724,46.614,167.338,0.7208643583645078,0.0005736891799830284,0.0,0.0,0.2384216376435717,0.023790173182421208,0.0,0.01635014162951631,0.7214380475444908,0.2785619524555092
