unit,year,month,coal,gas,oil,nuclear,hydro,wind,solar,other,fossil,low.carbon,total.prod,coal.perc,gas.perc,oil.perc,nuclear.perc,hydro.perc,wind.perc,solar.perc,other.perc,fossil.perc,low.carbon.perc
Gwh,2022,1,1803.743,1.488,0.0,0.0,980.461,0.0,0.0,42.407599999999995,1805.231,1022.8686,2828.0996,0.6377933082696239,0.0005261483718607365,0.0,0.0,0.3466854561982188,0.0,0.0,0.014995087160296615,0.6383194566414846,0.3616805433585154
Gwh,2022,2,1613.59,1.344,0.0,0.0,766.43,0.0,0.0,38.304,1614.934,804.734,2419.668,0.6668642144294176,0.0005554481027975739,0.0,0.0,0.31675006653805393,0.0,0.0,0.015830270929730855,0.6674196625322151,0.3325803374677848
Gwh,2022,3,2044.302,1.488,0.0,0.0,816.387,24.964299999999998,0.0,42.444,2045.79,883.7953,2929.5852999999997,0.6978127586863575,0.0005079217184766732,0.0,0.0,0.2786698171922149,0.008521444997693018,0.0,0.01448805740525801,0.6983206804048342,0.3016793195951659
Gwh,2022,4,1627.526,1.44,0.0,0.0,939.86,78.5212,0.0,41.04,1628.966,1059.4212,2688.3872,0.6053912174555808,0.0005356371284612573,0.0,0.0,0.34959993858027594,0.029207548674536163,0.0,0.015265658161145834,0.6059268545840419,0.39407314541595795
Gwh,2022,5,1265.524,1.488,0.0,0.0,854.138,72.3555,0.0,42.408,1267.012,968.9015,2235.9135,0.5659986399294963,0.0006654998057840788,0.0,0.0,0.38200851687688275,0.032360598922990536,0.0,0.018966744464846245,0.5666641397352804,0.43333586026471954
Gwh,2022,6,843.217,0.864,0.0,0.0,416.532,33.2605,0.0,24.624,844.081,474.4165,1318.4975,0.6395287059702427,0.0006552913448830962,0.0,0.0,0.31591413711440486,0.02522606224130118,0.0,0.01867580332916824,0.6401839973151258,0.35981600268487424
