unit,year,month,coal,gas,oil,nuclear,hydro,wind,solar,other,fossil,low.carbon,total.prod,coal.perc,gas.perc,oil.perc,nuclear.perc,hydro.perc,wind.perc,solar.perc,other.perc,fossil.perc,low.carbon.perc
Gwh,2022,1,1803.743,1.488,0.0,0.0,980.461,0.0,0.0,42.407599999999995,1805.231,1022.8686,2828.0996,0.6377933082696239,0.0005261483718607365,0.0,0.0,0.3466854561982188,0.0,0.0,0.014995087160296615,0.6383194566414846,0.3616805433585154
Gwh,2022,2,1613.59,1.344,0.0,0.0,766.43,0.0,0.0,38.304,1614.934,804.734,2419.668,0.6668642144294176,0.0005554481027975739,0.0,0.0,0.31675006653805393,0.0,0.0,0.015830270929730855,0.6674196625322151,0.3325803374677848
Gwh,2022,3,2044.302,1.488,0.0,0.0,816.387,22.4828,0.0,42.444,2045.79,881.3138,2927.1038,0.6984043408368368,0.0005083523173998818,0.0,0.0,0.2789060640760331,0.007680902877444934,0.0,0.014500339892285339,0.6989126931542367,0.3010873068457634
Gwh,2022,4,1627.526,1.44,0.0,0.0,939.86,73.613729,0.0,41.04,1628.966,1054.513729,2683.479729,0.6064983396041893,0.0005366166863263828,0.0,0.0,0.3502392769518849,0.02743219119729747,0.0,0.015293575560301911,0.6070349562905156,0.39296504370948426
Gwh,2022,5,1265.524,1.488,0.0,0.0,854.138,69.911471,0.0,42.408,1267.012,966.457471,2233.469471,0.5666179978871088,0.0006662280453440772,0.0,0.0,0.38242653910893776,0.03130173566630318,0.0,0.0189874992923062,0.5672842259324529,0.4327157740675472
Gwh,2022,6,1490.891,1.44,0.0,0.0,668.975,47.6925,0.0,41.04,1492.331,757.7075,2250.0385,0.6626068842822023,0.0006399890490762714,0.0,0.0,0.2973171347956935,0.021196303974354215,0.0,0.018239687898673734,0.6632468733312785,0.3367531266687214
Gwh,2022,7,1728.725,1.344,0.0,0.0,424.831,46.5685,0.0,38.304,1730.069,509.7035,2239.7725,0.7718306211903218,0.0006000609436895935,0.0,0.0,0.18967596039329887,0.020791620577536335,0.0,0.017101736895153416,0.7724306821340113,0.22756931786598864
