unit,year,month,coal,gas,oil,nuclear,hydro,wind,solar,other,fossil,low.carbon,total.prod,coal.perc,gas.perc,oil.perc,nuclear.perc,hydro.perc,wind.perc,solar.perc,other.perc,fossil.perc,low.carbon.perc
Gwh,2022,1,1803.743,1.488,0.0,0.0,980.461,0.0,0.0,42.407599999999995,1805.231,1022.8686,2828.0996,0.6377933082696239,0.0005261483718607365,0.0,0.0,0.3466854561982188,0.0,0.0,0.014995087160296615,0.6383194566414846,0.3616805433585154
Gwh,2022,2,1613.59,1.344,0.0,0.0,766.43,0.0,0.0,38.304,1614.934,804.734,2419.668,0.6668642144294176,0.0005554481027975739,0.0,0.0,0.31675006653805393,0.0,0.0,0.015830270929730855,0.6674196625322151,0.3325803374677848
Gwh,2022,3,2044.302,1.488,0.0,0.0,816.387,22.4828,0.0,42.444,2045.79,881.3138,2927.1038,0.6984043408368368,0.0005083523173998818,0.0,0.0,0.2789060640760331,0.007680902877444934,0.0,0.014500339892285339,0.6989126931542367,0.3010873068457634
Gwh,2022,4,1627.526,1.44,0.0,0.0,939.86,73.17422900000001,0.0,41.04,1628.966,1054.074229,2683.040229,0.6065976881034683,0.0005367045877417591,0.0,0.0,0.3502966484965067,0.02727287806164311,0.0,0.015296080750640133,0.60713439269121,0.39286560730879
Gwh,2022,5,1265.524,1.488,0.0,0.0,854.138,69.85597100000001,0.0,42.408,1267.012,966.401971,2233.413971,0.5666320782588137,0.0006662446010104233,0.0,0.0,0.38243604235069956,0.03127766366067924,0.0,0.018987971128797063,0.5672983228598242,0.4327016771401758
Gwh,2022,6,1490.891,1.44,0.0,0.0,668.975,47.6925,0.0,41.04,1492.331,757.7075,2250.0385,0.6626068842822023,0.0006399890490762714,0.0,0.0,0.2973171347956935,0.021196303974354215,0.0,0.018239687898673734,0.6632468733312785,0.3367531266687214
Gwh,2022,7,1660.549,1.296,0.0,0.0,412.161,45.3785,0.0,36.936,1661.845,494.4755,2156.3205,0.7700845027443741,0.0006010238273948609,0.0,0.0,0.19114088095902257,0.021044413388455013,0.0,0.017129179080753534,0.770685526571769,0.22931447342823114
