unit,year,month,coal,gas,oil,nuclear,hydro,wind,solar,other,fossil,low.carbon,total.prod,coal.perc,gas.perc,oil.perc,nuclear.perc,hydro.perc,wind.perc,solar.perc,other.perc,fossil.perc,low.carbon.perc
Gwh,2022,1,1803.743,1.488,0.0,0.0,980.461,0.0,0.0,42.407599999999995,1805.231,1022.8686,2828.0996,0.6377933082696239,0.0005261483718607365,0.0,0.0,0.3466854561982188,0.0,0.0,0.014995087160296615,0.6383194566414846,0.3616805433585154
Gwh,2022,2,1613.59,1.344,0.0,0.0,766.43,0.0,0.0,38.304,1614.934,804.734,2419.668,0.6668642144294176,0.0005554481027975739,0.0,0.0,0.31675006653805393,0.0,0.0,0.015830270929730855,0.6674196625322151,0.3325803374677848
Gwh,2022,3,2044.302,1.488,0.0,0.0,816.387,25.408038,0.0,42.444,2045.79,884.2390379999999,2930.0290379999997,0.6977070784921007,0.0005078447963149504,0.0,0.0,0.27862761406530473,0.008671599383650887,0.0,0.01448586326262887,0.6982149232884156,0.30178507671158444
Gwh,2022,4,1627.526,1.44,0.0,0.0,939.86,79.516462,0.0,41.04,1628.966,1060.4164620000001,2689.3824620000005,0.6051671798252397,0.0005354389047845288,0.0,0.0,0.3494705618408245,0.02956681064279209,0.0,0.015260008786359072,0.6057026187300242,0.3942973812699757
Gwh,2022,5,1265.524,1.488,0.0,0.0,854.138,73.167,0.0,42.408,1267.012,969.713,2236.725,0.5657932915311449,0.0006652583576434296,0.0,0.0,0.3818699214252982,0.03271166549307582,0.0,0.018959863192837743,0.5664585498887883,0.4335414501112117
Gwh,2022,6,45.503,0.048,0.0,0.0,23.188,1.038,0.0,1.368,45.551,25.594,71.145,0.639581137114344,0.0006746784735399536,0.0,0.0,0.32592592592592595,0.014589921990301498,0.0,0.01922833649588868,0.6402558155878839,0.35974418441211614
