unit,year,month,coal,gas,oil,nuclear,hydro,wind,solar,other,fossil,low.carbon,total.prod,coal.perc,gas.perc,oil.perc,nuclear.perc,hydro.perc,wind.perc,solar.perc,other.perc,fossil.perc,low.carbon.perc
Gwh,2022,1,1803.743,1.488,0.0,0.0,980.461,0.0,0.0,42.407599999999995,1805.231,1022.8686,2828.0996,0.6377933082696239,0.0005261483718607365,0.0,0.0,0.3466854561982188,0.0,0.0,0.014995087160296615,0.6383194566414846,0.3616805433585154
Gwh,2022,2,1613.59,1.344,0.0,0.0,766.43,0.0,0.0,38.304,1614.934,804.734,2419.668,0.6668642144294176,0.0005554481027975739,0.0,0.0,0.31675006653805393,0.0,0.0,0.015830270929730855,0.6674196625322151,0.3325803374677848
Gwh,2022,3,2044.302,1.488,0.0,0.0,816.387,26.901,0.0,42.444,2045.79,885.732,2931.522,0.697351751069922,0.0005075861617275941,0.0,0.0,0.2784857149289686,0.00917646191978092,0.0,0.01447848591960081,0.6978593372316496,0.3021406627683504
Gwh,2022,4,1627.526,1.44,0.0,0.0,939.86,84.378,0.0,41.04,1628.966,1065.278,2694.244,0.6040752062545189,0.000534472750055303,0.0,0.0,0.3488399714354008,0.03131787618344886,0.0,0.015232473376576136,0.6046096790045741,0.3953903209954258
Gwh,2022,5,1094.727,1.296,0.0,0.0,758.703,69.27,0.0,36.936,1096.023,864.909,1960.932,0.5582687211999192,0.0006609102202422114,0.0,0.0,0.38690938798489694,0.03532503931803856,0.0,0.018835941276903023,0.5589296314201614,0.44107036857983856
