unit,year,month,coal,gas,oil,nuclear,hydro,wind,solar,other,fossil,low.carbon,total.prod,coal.perc,gas.perc,oil.perc,nuclear.perc,hydro.perc,wind.perc,solar.perc,other.perc,fossil.perc,low.carbon.perc
Gwh,2022,1,1803.743,1.488,0.0,0.0,980.461,0.0,0.0,42.407599999999995,1805.231,1022.8686,2828.0996,0.6377933082696239,0.0005261483718607365,0.0,0.0,0.3466854561982188,0.0,0.0,0.014995087160296615,0.6383194566414846,0.3616805433585154
Gwh,2022,2,1613.59,1.344,0.0,0.0,766.43,0.0,0.0,38.304,1614.934,804.734,2419.668,0.6668642144294176,0.0005554481027975739,0.0,0.0,0.31675006653805393,0.0,0.0,0.015830270929730855,0.6674196625322151,0.3325803374677848
Gwh,2022,3,2044.302,1.488,0.0,0.0,816.387,23.6178,0.0,42.444,2045.79,882.4488,2928.2387999999996,0.6981336358223243,0.0005081552774999088,0.0,0.0,0.278797958691074,0.008065530721060045,0.0,0.014494719488041756,0.6986417910998243,0.3013582089001758
Gwh,2022,4,1627.526,1.44,0.0,0.0,939.86,75.7167,0.0,41.04,1628.966,1056.6167,2685.5827000000004,0.6060234153280776,0.0005361964835415419,0.0,0.0,0.3499650187648289,0.028193769642617966,0.0,0.015281599780933946,0.606559611811619,0.39344038818838084
Gwh,2022,5,1265.524,1.488,0.0,0.0,854.138,70.117,0.0,42.408,1267.012,966.663,2233.675,0.5665658611928771,0.0006661667431475035,0.0,0.0,0.38239135057696394,0.031390869307307466,0.0,0.01898575217970385,0.5672320279360247,0.43276797206397527
Gwh,2022,6,1245.774,1.248,0.0,0.0,589.602,39.5725,0.0,35.568,1247.022,664.7425,1911.7645,0.6516357009453831,0.000652800070301546,0.0,0.0,0.30840723321308666,0.020699463767634558,0.0,0.01860480200359406,0.6522885010156847,0.34771149898431525
