unit,year,month,coal,gas,oil,nuclear,hydro,wind,solar,other,fossil,low.carbon,total.prod,coal.perc,gas.perc,oil.perc,nuclear.perc,hydro.perc,wind.perc,solar.perc,other.perc,fossil.perc,low.carbon.perc
Gwh,2022,1,1803.743,1.488,0.0,0.0,980.461,0.0,0.0,42.407599999999995,1805.231,1022.8686,2828.0996,0.6377933082696239,0.0005261483718607365,0.0,0.0,0.3466854561982188,0.0,0.0,0.014995087160296615,0.6383194566414846,0.3616805433585154
Gwh,2022,2,1613.59,1.344,0.0,0.0,766.43,0.0,0.0,38.304,1614.934,804.734,2419.668,0.6668642144294176,0.0005554481027975739,0.0,0.0,0.31675006653805393,0.0,0.0,0.015830270929730855,0.6674196625322151,0.3325803374677848
Gwh,2022,3,2044.302,1.488,0.0,0.0,816.387,22.5143,0.0,42.444,2045.79,881.3453000000001,2927.1353,0.6983968250459758,0.0005083468468300731,0.0,0.0,0.2789030626633487,0.007691581595152093,0.0,0.014500183848693296,0.6989051718928059,0.3010948281071941
Gwh,2022,4,1627.526,1.44,0.0,0.0,939.86,75.6377,0.0,41.04,1628.966,1056.5376999999999,2685.5037,0.6060412428402165,0.0005362122569408487,0.0,0.0,0.34997531375585145,0.028165181824176964,0.0,0.015282049322814188,0.6065774550971573,0.39342254490284256
Gwh,2022,5,1265.524,1.488,0.0,0.0,854.138,70.0855,0.0,42.408,1267.012,966.6315,2233.6435,0.5665738511987253,0.0006661761377766863,0.0,0.0,0.3823967432582684,0.03137720947859405,0.0,0.01898601992663556,0.5672400273365019,0.43275997266349797
Gwh,2022,6,1490.891,1.44,0.0,0.0,668.975,48.013,0.0,41.04,1492.331,758.028,2250.359,0.6625125146698816,0.0006398979007349494,0.0,0.0,0.29727479037789084,0.021335706880546614,0.0,0.018237090170946057,0.6631524125706165,0.33684758742938353
Gwh,2022,7,1456.845,1.152,0.0,0.0,373.422,41.5205,0.0,32.832,1457.997,447.7745,1905.7715,0.7644384439582604,0.0006044796031423493,0.0,0.0,0.19594269302484585,0.021786714724194373,0.0,0.017227668689556958,0.7650429235614028,0.23495707643859717
