unit,year,month,coal,gas,oil,nuclear,hydro,wind,solar,other,fossil,low.carbon,total.prod,coal.perc,gas.perc,oil.perc,nuclear.perc,hydro.perc,wind.perc,solar.perc,other.perc,fossil.perc,low.carbon.perc
Gwh,2022,1,351.292,60.624,0.0,515.066,246.423,0.0,11.083,13.439,411.916,786.011,1197.927,0.29324992257458093,0.05060742432552234,0.0,0.4299644302198716,0.20570786032871788,0.0,0.009251815845205928,0.011218546706101458,0.3438573469001033,0.6561426530998967
Gwh,2022,2,320.513,52.547,0.0,464.288,164.072,0.0,15.015,12.717,373.06,656.092,1029.152,0.31143407387829974,0.05105854140107583,0.0,0.45113646963713816,0.15942445819470788,0.0,0.014589681601940237,0.012356775286838095,0.36249261527937565,0.6375073847206243
Gwh,2022,3,426.967,56.0495,0.0,510.791,166.808,0.0,28.449,14.459,483.0165,720.507,1203.5235,0.3547641570771156,0.04657117206269757,0.0,0.4244129840422725,0.1385997032878876,0.0,0.023638092650455102,0.012013890879571524,0.40133532913981323,0.5986646708601867
Gwh,2022,4,228.426,35.353,0.0,497.465,271.789,0.0,27.452,13.381,263.779,810.087,1073.866,0.21271369053494568,0.032921239707747525,0.0,0.4632468110546381,0.25309396144397905,0.0,0.02556371092855161,0.012460586330138025,0.24563493024269323,0.7543650697573068
Gwh,2022,5,228.594,24.687,0.0,508.518,337.235,0.0,33.907,13.4,253.281,893.06,1146.341,0.19941186784735085,0.021535476790937428,0.0,0.4436009878386972,0.2941838423296384,0.0,0.029578458765759926,0.011689366427616216,0.22094734463828827,0.7790526553617118
Gwh,2022,6,62.336,4.2935,0.0,130.184,87.9245,0.0,9.305,3.498,66.6295,230.9115,297.541,0.2095039003028154,0.014429944108543024,0.0,0.43753297864832075,0.2955038129199001,0.0,0.03127300103179058,0.011756362988630139,0.2239338444113584,0.7760661555886416
