unit,year,month,coal,gas,oil,nuclear,hydro,wind,solar,other,fossil,low.carbon,total.prod,coal.perc,gas.perc,oil.perc,nuclear.perc,hydro.perc,wind.perc,solar.perc,other.perc,fossil.perc,low.carbon.perc
Gwh,2022,1,147.517,186.9365,51.038,1473.399,424.5045,0.0,22.154,252.423,385.4915,2172.4805,2557.972,0.05766951319248216,0.07307996334596312,0.019952524890811937,0.5760027865824957,0.16595353662979892,0.0,0.008660767201517452,0.09868090815693056,0.15070200142925722,0.8492979985707427
Gwh,2022,2,115.785,159.6085,35.552,1288.076,428.505,0.0,31.638,230.475,310.9455,1978.694,2289.6395,0.050569096139370405,0.06970900877627241,0.01552733519840132,0.5625671639574701,0.1871495490884045,0.0,0.01381789578665113,0.10065995105343001,0.13580544011404413,0.8641945598859557
Gwh,2022,3,111.8045,144.603,38.4145,1428.732,376.1175,0.0,56.539,241.654,294.822,2103.0425,2397.8645,0.04662669637921576,0.06030490880531406,0.01602029639289459,0.5958351691682328,0.15685519344399984,0.0,0.023578896972702167,0.10077883883764073,0.1229519015774244,0.8770480984225756
Gwh,2022,4,92.316,141.707,31.152,1211.925,411.7335,0.0,48.591,213.609,265.175,1885.8585,2151.0335,0.04291704429521902,0.06587856488520517,0.014482340698087686,0.5634152141284643,0.1914119422128944,0.0,0.022589606345042975,0.09930528743508645,0.12327794987851189,0.8767220501214882
Gwh,2022,5,70.349,123.794,34.5315,1275.538386,396.42409999999995,0.0,66.5625,196.6005,228.6745,1935.1254860000001,2163.799986,0.032511785033351046,0.05721138774422748,0.01595873011527046,0.5894899686906644,0.18320736785511743,0.0,0.030761854344517035,0.09085890621685216,0.10568190289284898,0.894318097107151
Gwh,2022,6,71.1545,86.177,38.74,1225.663614,315.51645,0.0,71.237,185.29,196.0715,1797.707064,1993.778564,0.03568826613184512,0.04322295442233474,0.019430442627629736,0.6147441025451812,0.15825049767161606,0.0,0.035729644849366526,0.09293409175202667,0.09834166318180959,0.9016583368181904
Gwh,2022,7,26.639,23.769,9.894,272.664,64.95545,0.0,14.825,43.249,60.302,395.69345,455.99545,0.0584194425624203,0.052125520112097604,0.021697584921077612,0.5979533348413892,0.14244758363268756,0.0,0.032511289312206954,0.09484524461812065,0.13224254759559553,0.8677574524044044
