unit,year,month,coal,oil,gas,nuclear,hydro,wind,solar,other,fossil,low.carbon,total.prod,coal.perc,oil.perc,gas.perc,nuclear.perc,hydro.perc,wind.perc,solar.perc,other.perc,fossil.perc,low.carbon.perc
Gwh,2022,1,147.517,51.038,186.9365,1473.399,424.3755,0.0,1.0735,252.423,385.4915,2151.271,2536.7625,0.05815167955218512,0.02011934503131452,0.07369097422403556,0.5808186615814449,0.16729019764365013,0.0,0.000423177179574359,0.09950596478779547,0.1519619988075352,0.848038001192465
Gwh,2022,2,115.785,35.552,159.6085,1288.288,428.505,0.0,1.2515,230.475,310.9455,1948.5195,2259.465,0.05124443175707523,0.015734698258215992,0.0706399523781072,0.570173912851051,0.18964887705717945,0.0,0.0005538921824414187,0.10200423551592964,0.13761908239339843,0.8623809176066015
Gwh,2022,3,111.8045,38.4145,144.603,1428.732,375.909,0.0,1.395,241.654,294.822,2047.69,2342.512,0.047728464144473966,0.01639884875723155,0.06172988654914041,0.6099144849631506,0.16047260376894545,0.0,0.0005955145587301153,0.1031601972583278,0.12585719945084592,0.874142800549154
Gwh,2022,4,21.622,8.218,35.031,319.777,97.0575,0.0,0.1875,54.602,64.871,471.624,536.495,0.040302332733762665,0.015317943317272296,0.06529604190160206,0.5960484254280095,0.18091035331177366,0.0,0.0003494906755887753,0.10177541263199097,0.12091631795263702,0.879083682047363
