unit,year,month,coal,oil,gas,nuclear,hydro,wind,solar,other,fossil,low.carbon,total.prod,coal.perc,oil.perc,gas.perc,nuclear.perc,hydro.perc,wind.perc,solar.perc,other.perc,fossil.perc,low.carbon.perc
Gwh,2022,1,351.292,0.0,60.624,515.066,246.423,0.0,0.51,13.439,411.916,775.438,1187.354,0.2958612174633681,0.0,0.051058066928649753,0.4337931231966204,0.20753962171349066,0.0,0.00042952649336255237,0.011318444204508511,0.34691928439201786,0.6530807156079821
Gwh,2022,2,320.513,0.0,52.547,464.288,164.072,0.0,0.431,12.717,373.06,641.508,1014.568,0.3159108113009675,0.0,0.0517924870486749,0.457621371854819,0.16171611957010276,0.0,0.000424811348278282,0.01253439887715757,0.36770329834964244,0.6322967016503577
Gwh,2022,3,426.967,0.0,56.0495,510.791,166.808,0.0,0.611,14.459,483.0165,692.669,1175.6855,0.3631642986155736,0.0,0.047673888977962216,0.43446227753935895,0.14188148105934792,0.0,0.0005196968066715121,0.012298357001085749,0.41083818759353585,0.5891618124064641
Gwh,2022,4,191.731,0.0,26.6,365.043,194.134,0.0,0.507,10.062,218.331,569.746,788.077,0.24328967854663947,0.0,0.03375304697383631,0.4632072754312079,0.24633887297814805,0.0,0.0006433381509674816,0.012767787919200788,0.27704272552047576,0.7229572744795242
