unit,year,month,coal,oil,gas,nuclear,hydro,wind,solar,other,fossil,low.carbon,total.prod,coal.perc,oil.perc,gas.perc,nuclear.perc,hydro.perc,wind.perc,solar.perc,other.perc,fossil.perc,low.carbon.perc
Gwh,2022,1,351.292,0.0,60.624,515.066,246.423,0.0,0.51,13.439,411.916,775.438,1187.354,0.2958612174633681,0.0,0.051058066928649753,0.4337931231966204,0.20753962171349066,0.0,0.00042952649336255237,0.011318444204508511,0.34691928439201786,0.6530807156079821
Gwh,2022,2,320.513,0.0,52.547,464.288,164.072,0.0,0.431,12.717,373.06,641.508,1014.568,0.3159108113009675,0.0,0.0517924870486749,0.457621371854819,0.16171611957010276,0.0,0.000424811348278282,0.01253439887715757,0.36770329834964244,0.6322967016503577
Gwh,2022,3,426.967,0.0,56.0495,510.791,166.808,0.0,0.611,14.459,483.0165,692.669,1175.6855,0.3631642986155736,0.0,0.047673888977962216,0.43446227753935895,0.14188148105934792,0.0,0.0005196968066715121,0.012298357001085749,0.41083818759353585,0.5891618124064641
Gwh,2022,4,199.764,0.0,27.75,381.634,202.263,0.0,0.542,10.456,227.514,594.895,822.409,0.24290103829116658,0.0,0.03374233501822086,0.4640440462105838,0.24593967235280742,0.0,0.0006590394803558814,0.012713868646865488,0.27664337330938743,0.7233566266906125
