unit,year,month,coal,gas,oil,nuclear,hydro,wind,solar,other,fossil,low.carbon,total.prod,coal.perc,gas.perc,oil.perc,nuclear.perc,hydro.perc,wind.perc,solar.perc,other.perc,fossil.perc,low.carbon.perc
Gwh,2022,1,147.517,186.9365,51.038,1473.399,424.3755,0.0,22.154,252.423,385.4915,2172.3515,2557.843,0.05767242164589461,0.07308364899643958,0.019953531158870972,0.5760318361994853,0.16591147306539142,0.0,0.008661203991018995,0.09868588494289916,0.15070960180120516,0.8492903981987949
Gwh,2022,2,115.785,159.6085,35.552,1288.076,428.505,0.0,31.638,230.475,310.9455,1978.694,2289.6395,0.050569096139370405,0.06970900877627241,0.01552733519840132,0.5625671639574701,0.1871495490884045,0.0,0.01381789578665113,0.10065995105343001,0.13580544011404413,0.8641945598859557
Gwh,2022,3,111.775,144.603,38.4145,1428.732,375.909,0.0,56.539,241.654,294.7925,2102.834,2397.6265,0.04661902093591309,0.06031089496216363,0.01602188664497994,0.5958943146482574,0.15678380264816058,0.0,0.023581237528030326,0.1007888426324951,0.12295180254305665,0.8770481974569433
Gwh,2022,4,92.316,141.707,31.152,1211.925,411.7335,0.0,48.591,213.609,265.175,1885.8585,2151.0335,0.04291704429521902,0.06587856488520517,0.014482340698087686,0.5634152141284643,0.1914119422128944,0.0,0.022589606345042975,0.09930528743508645,0.12327794987851189,0.8767220501214882
Gwh,2022,5,70.0375,123.794,34.5315,1275.538386,396.42409999999995,0.0,66.5625,196.6005,228.363,1935.1254860000001,2163.488486,0.032372485665264586,0.0572196250643693,0.015961027860076162,0.589574843709152,0.18323374613050744,0.0,0.030766283449497403,0.090871988121133,0.10555313858971005,0.89444686141029
Gwh,2022,6,71.1545,86.177,38.74,1226.0380220000002,315.51645,0.0,71.237,185.29,196.0715,1798.081472,1994.152972,0.035681565556446186,0.04321483918737203,0.019426794505712573,0.6148164354564872,0.15822078568203243,0.0,0.035722936504993454,0.09291664310695619,0.09832319924953078,0.9016768007504692
Gwh,2022,7,60.618,76.958,29.5075,998.1860919999999,181.18183199999999,0.0,51.339,136.9605,167.0835,1367.667424,1534.750924,0.039496962700639494,0.05014364141865146,0.019226246773056187,0.650389634168417,0.11805292257312236,0.0,0.033451030520441634,0.08923956184567183,0.10886685089234714,0.8911331491076528
