unit,year,month,coal,gas,oil,nuclear,hydro,wind,solar,other,fossil,low.carbon,total.prod,coal.perc,gas.perc,oil.perc,nuclear.perc,hydro.perc,wind.perc,solar.perc,other.perc,fossil.perc,low.carbon.perc
Gwh,2022,1,149.1,186.9365,51.038,1473.399,424.3755,0.0,22.154,252.423,387.0745,2172.3515,2559.426,0.058255249419205714,0.07303844690176625,0.019941189938681565,0.5756755616298341,0.16580885714218735,0.0,0.008655847053206461,0.09862484791511847,0.15123488625965353,0.8487651137403466
Gwh,2022,2,115.785,159.6085,35.552,1288.076,428.505,0.0,31.638,230.475,310.9455,1978.694,2289.6395,0.050569096139370405,0.06970900877627241,0.01552733519840132,0.5625671639574701,0.1871495490884045,0.0,0.01381789578665113,0.10065995105343001,0.13580544011404413,0.8641945598859557
Gwh,2022,3,111.775,144.603,38.4145,1428.732,375.909,0.0,56.539,241.654,294.7925,2102.834,2397.6265,0.04661902093591309,0.06031089496216363,0.01602188664497994,0.5958943146482574,0.15678380264816058,0.0,0.023581237528030326,0.1007888426324951,0.12295180254305665,0.8770481974569433
Gwh,2022,4,92.316,141.707,31.152,1211.925,411.7335,0.0,48.591,213.609,265.175,1885.8585,2151.0335,0.04291704429521902,0.06587856488520517,0.014482340698087686,0.5634152141284643,0.1914119422128944,0.0,0.022589606345042975,0.09930528743508645,0.12327794987851189,0.8767220501214882
Gwh,2022,5,70.0375,123.794,34.5315,1302.357934,396.42409999999995,0.0,66.5625,196.6005,228.363,1961.945034,2190.308034,0.03197609601609122,0.056518990972207694,0.015765590713255815,0.5946003547371363,0.18099011364901013,0.0,0.03038956117895516,0.08975929273334346,0.10426067770155473,0.8957393222984452
Gwh,2022,6,71.1545,86.177,38.74,1228.5144739999998,315.51645,0.0,71.237,185.29,196.0715,1800.557924,1996.629424,0.03563730912942811,0.04316123911835129,0.019402699136021547,0.6152941849062923,0.15802454186410908,0.0,0.03567862876491396,0.09280139708088364,0.09820124738380094,0.901798752616199
Gwh,2022,7,66.666,98.732,36.8475,1320.142092,224.76745000000003,0.0,64.984,176.3915,202.2455,1786.285042,1988.530542,0.033525258270838264,0.04965073350128107,0.018530014612166815,0.6638782076096471,0.11303193250124093,0.0,0.032679407546157765,0.08870444595866811,0.10170600638428615,0.8982939936157138
