unit,year,month,coal,oil,gas,nuclear,hydro,wind,solar,other,fossil,low.carbon,total.prod,coal.perc,oil.perc,gas.perc,nuclear.perc,hydro.perc,wind.perc,solar.perc,other.perc,fossil.perc,low.carbon.perc,biomass
Gwh,2022,1,147.517,51.038,186.9365,1473.399,424.5045,0.0,1.0735,252.423,385.4915,2151.4,2536.8915,0.05814872256066134,0.02011832197001724,0.07368722706509127,0.5807891271660612,0.16733254063092567,0.0,0.0004231556611703732,0.09950090494607278,0.15195427159576985,0.8480457284042301,70.658
Gwh,2022,2,115.785,35.552,159.6085,1288.288,428.505,0.0,1.2515,230.475,310.9455,1948.5195,2259.465,0.05124443175707523,0.015734698258215992,0.0706399523781072,0.570173912851051,0.18964887705717945,0.0,0.0005538921824414187,0.10200423551592964,0.13761908239339843,0.8623809176066015,61.714
Gwh,2022,3,111.8045,38.4145,144.603,1428.732,376.1175,0.0,1.395,241.654,294.822,2047.8985,2342.7205,0.04772421635444775,0.01639738927456348,0.061724392645217396,0.6098602031270909,0.16054732094588323,0.0,0.0005954615584744318,0.10315101609432283,0.12584599827422863,0.8741540017257714,77.238
Gwh,2022,4,60.848,21.116,96.234,824.596,283.72040000000004,0.0,1.24,144.168,178.198,1253.7243999999998,1431.9224,0.0424939228550374,0.014746609173793217,0.0672061558643122,0.575866401698863,0.1981395081185964,0.0,0.0008659687145057582,0.10068143357489205,0.12444668789314282,0.8755533121068572,48.364
