unit,year,month,coal,gas,oil,nuclear,hydro,wind,solar,other,fossil,low.carbon,total.prod,coal.perc,gas.perc,oil.perc,nuclear.perc,hydro.perc,wind.perc,solar.perc,other.perc,fossil.perc,low.carbon.perc
Gwh,2022,1,147.517,186.9365,51.038,1473.399,424.5045,0.0,22.154,252.423,385.4915,2172.4805,2557.972,0.05766951319248216,0.07307996334596312,0.019952524890811937,0.5760027865824957,0.16595353662979892,0.0,0.008660767201517452,0.09868090815693056,0.15070200142925722,0.8492979985707427
Gwh,2022,2,115.785,159.6085,35.552,1288.288,428.505,0.0,31.638,230.475,310.9455,1978.906,2289.8515,0.05056441432992488,0.06970255494734046,0.01552589764008714,0.5626076625492963,0.18713222232970128,0.0,0.013816616492379526,0.10065063171127035,0.13579286691735248,0.8642071330826474
Gwh,2022,3,111.8045,144.603,38.4145,1428.732,376.1175,0.0,56.539,241.654,294.822,2103.0425,2397.8645,0.04662669637921576,0.06030490880531406,0.01602029639289459,0.5958351691682328,0.15685519344399984,0.0,0.023578896972702167,0.10077883883764073,0.1229519015774244,0.8770480984225756
Gwh,2022,4,92.316,141.707,31.152,1211.925,411.7335,0.0,48.591,213.609,265.175,1885.8585,2151.0335,0.04291704429521902,0.06587856488520517,0.014482340698087686,0.5634152141284643,0.1914119422128944,0.0,0.022589606345042975,0.09930528743508645,0.12327794987851189,0.8767220501214882
Gwh,2022,5,22.853,43.063,9.695,507.019,145.244516,0.0,21.894,70.317,75.611,744.4745160000001,820.0855160000001,0.027866606047947808,0.05251037746653728,0.011821937847759768,0.6182513775795059,0.17710898822897878,0.0,0.026697215805967234,0.0857434970233031,0.09219892136224486,0.9078010786377552
