unit,year,month,coal,gas,oil,nuclear,hydro,wind,solar,other,fossil,low.carbon,total.prod,coal.perc,gas.perc,oil.perc,nuclear.perc,hydro.perc,wind.perc,solar.perc,other.perc,fossil.perc,low.carbon.perc
Gwh,2022,1,147.517,186.9365,51.038,1473.399,424.3755,0.0,22.154,252.423,385.4915,2172.3515,2557.843,0.05767242164589461,0.07308364899643958,0.019953531158870972,0.5760318361994853,0.16591147306539142,0.0,0.008661203991018995,0.09868588494289916,0.15070960180120516,0.8492903981987949
Gwh,2022,2,115.785,159.6085,35.552,1288.076,428.505,0.0,31.638,230.475,310.9455,1978.694,2289.6395,0.050569096139370405,0.06970900877627241,0.01552733519840132,0.5625671639574701,0.1871495490884045,0.0,0.01381789578665113,0.10065995105343001,0.13580544011404413,0.8641945598859557
Gwh,2022,3,111.775,144.603,38.4145,1428.732,375.909,0.0,56.539,241.654,294.7925,2102.834,2397.6265,0.04661902093591309,0.06031089496216363,0.01602188664497994,0.5958943146482574,0.15678380264816058,0.0,0.023581237528030326,0.1007888426324951,0.12295180254305665,0.8770481974569433
Gwh,2022,4,92.316,141.707,31.152,1211.925,411.7335,0.0,48.591,213.609,265.175,1885.8585,2151.0335,0.04291704429521902,0.06587856488520517,0.014482340698087686,0.5634152141284643,0.1914119422128944,0.0,0.022589606345042975,0.09930528743508645,0.12327794987851189,0.8767220501214882
Gwh,2022,5,70.0375,123.794,34.5315,1302.357934,396.42409999999995,0.0,66.5625,196.6005,228.363,1961.945034,2190.308034,0.03197609601609122,0.056518990972207694,0.015765590713255815,0.5946003547371363,0.18099011364901013,0.0,0.03038956117895516,0.08975929273334346,0.10426067770155473,0.8957393222984452
Gwh,2022,6,71.1545,86.177,38.74,1228.5144739999998,315.51645,0.0,71.237,185.29,196.0715,1800.557924,1996.629424,0.03563730912942811,0.04316123911835129,0.019402699136021547,0.6152941849062923,0.15802454186410908,0.0,0.03567862876491396,0.09280139708088364,0.09820124738380094,0.901798752616199
Gwh,2022,7,63.21,86.457,32.6855,1135.773092,198.97745,0.0,57.446,153.5555,182.3525,1545.7520419999998,1728.1045419999998,0.03657764820572991,0.05002995935647509,0.018914075627723223,0.657236332869959,0.11514202130949554,0.0,0.03324220184822592,0.08885776078239138,0.10552168318992822,0.8944783168100718
