unit,year,month,coal,gas,oil,nuclear,hydro,wind,solar,other,fossil,low.carbon,total.prod,coal.perc,gas.perc,oil.perc,nuclear.perc,hydro.perc,wind.perc,solar.perc,other.perc,fossil.perc,low.carbon.perc
Gwh,2022,1,351.292,60.624,0.0,515.066,246.423,0.0,0.51,13.439,411.916,775.438,1187.354,0.2958612174633681,0.051058066928649753,0.0,0.4337931231966204,0.20753962171349066,0.0,0.00042952649336255237,0.011318444204508511,0.34691928439201786,0.6530807156079821
Gwh,2022,2,320.513,52.547,0.0,464.288,164.072,0.0,0.431,12.717,373.06,641.508,1014.568,0.3159108113009675,0.0517924870486749,0.0,0.457621371854819,0.16171611957010276,0.0,0.000424811348278282,0.01253439887715757,0.36770329834964244,0.6322967016503577
Gwh,2022,3,426.967,56.0495,0.0,510.791,166.808,0.0,0.611,14.459,483.0165,692.669,1175.6855,0.3631642986155736,0.047673888977962216,0.0,0.43446227753935895,0.14188148105934792,0.0,0.0005196968066715121,0.012298357001085749,0.41083818759353585,0.5891618124064641
Gwh,2022,4,228.426,35.353,0.0,497.465,271.789,0.0,0.7645,13.381,263.779,783.3995,1047.1785,0.21813473061182978,0.03376024240375447,0.0,0.47505272501297535,0.25954409873770323,0.0,0.0007300570055630439,0.01277814622817409,0.2518949730155843,0.7481050269844157
Gwh,2022,5,4.084,1.912,0.0,33.159,18.197,0.0,0.091,0.866,5.996,52.313,58.309,0.07004064552641959,0.03279082131403385,0.0,0.5686772196401928,0.31207875285118936,0.0,0.0015606510144231594,0.014851909653741275,0.10283146684045345,0.8971685331595466
