unit,year,month,coal,gas,oil,nuclear,hydro,wind,solar,other,fossil,low.carbon,total.prod,coal.perc,gas.perc,oil.perc,nuclear.perc,hydro.perc,wind.perc,solar.perc,other.perc,fossil.perc,low.carbon.perc
Gwh,2022,1,147.517,186.9365,51.038,1473.399,424.5045,0.0,22.154,252.423,385.4915,2172.4805,2557.972,0.05766951319248216,0.07307996334596312,0.019952524890811937,0.5760027865824957,0.16595353662979892,0.0,0.008660767201517452,0.09868090815693056,0.15070200142925722,0.8492979985707427
Gwh,2022,2,115.785,159.6085,35.552,1288.076,428.505,0.0,31.638,230.475,310.9455,1978.694,2289.6395,0.050569096139370405,0.06970900877627241,0.01552733519840132,0.5625671639574701,0.1871495490884045,0.0,0.01381789578665113,0.10065995105343001,0.13580544011404413,0.8641945598859557
Gwh,2022,3,111.775,144.603,38.4145,1428.732,376.1175,0.0,56.539,241.654,294.7925,2103.0425,2397.835,0.046614967251708314,0.06030565072242252,0.01602049348683291,0.5958424995881701,0.15685712319655024,0.0,0.02357918705832553,0.10078007869599034,0.12294111146096375,0.8770588885390362
Gwh,2022,4,92.316,141.707,31.152,1211.925,411.7335,0.0,48.591,213.609,265.175,1885.8585,2151.0335,0.04291704429521902,0.06587856488520517,0.014482340698087686,0.5634152141284643,0.1914119422128944,0.0,0.022589606345042975,0.09930528743508645,0.12327794987851189,0.8767220501214882
Gwh,2022,5,70.0375,123.794,34.5315,1275.538386,396.42409999999995,0.0,66.5625,196.6005,228.363,1935.1254860000001,2163.488486,0.032372485665264586,0.0572196250643693,0.015961027860076162,0.589574843709152,0.18323374613050744,0.0,0.030766283449497403,0.090871988121133,0.10555313858971005,0.89444686141029
Gwh,2022,6,71.1545,86.177,38.74,1226.0380220000002,315.51645,0.0,71.237,185.29,196.0715,1798.081472,1994.152972,0.035681565556446186,0.04321483918737203,0.019426794505712573,0.6148164354564872,0.15822078568203243,0.0,0.035722936504993454,0.09291664310695619,0.09832319924953078,0.9016768007504692
Gwh,2022,7,46.39,51.059,20.8375,629.2830919999999,132.5722,0.0,31.864,90.9575,118.2865,884.6767919999999,1002.9632919999999,0.046252939035778796,0.05090814430325133,0.02077593483850055,0.6274238519189992,0.13218051055052973,0.0,0.03176985663798352,0.09068876271495688,0.11793701817753069,0.8820629818224692
