unit,year,month,coal,oil,gas,nuclear,hydro,wind,solar,other,fossil,low.carbon,total.prod,coal.perc,oil.perc,gas.perc,nuclear.perc,hydro.perc,wind.perc,solar.perc,other.perc,fossil.perc,low.carbon.perc
Gwh,2022,1,147.612,51.038,186.9365,1473.399,424.3755,0.0,1.0735,252.423,385.5865,2151.271,2536.8575,0.058186949799111695,0.020118591603982484,0.07368821465139448,0.5807969111390765,0.16728393297613287,0.0,0.00042316133247531634,0.09950223849782654,0.15199375605448867,0.8480062439455114
Gwh,2022,2,115.785,35.552,159.6085,1288.288,428.505,0.0,1.2515,230.475,310.9455,1948.5195,2259.465,0.05124443175707523,0.015734698258215992,0.0706399523781072,0.570173912851051,0.18964887705717945,0.0,0.0005538921824414187,0.10200423551592964,0.13761908239339843,0.8623809176066015
Gwh,2022,3,111.8045,38.4145,144.603,1428.732,375.909,0.0,1.395,241.654,294.822,2047.69,2342.512,0.047728464144473966,0.01639884875723155,0.06172988654914041,0.6099144849631506,0.16047260376894545,0.0,0.0005955145587301153,0.1031601972583278,0.12585719945084592,0.874142800549154
Gwh,2022,4,4.809,2.227,10.101,93.775,30.0005,0.0,0.129,15.235,17.137,139.1395,156.2765,0.03077238100418169,0.0142503831350203,0.06463543782974408,0.600058230124171,0.19197064177915424,0.0,0.0008254600019836636,0.09748746612574508,0.10965820196894607,0.890341798031054
