unit,year,month,coal,gas,oil,nuclear,hydro,wind,solar,other,fossil,low.carbon,total.prod,coal.perc,gas.perc,oil.perc,nuclear.perc,hydro.perc,wind.perc,solar.perc,other.perc,fossil.perc,low.carbon.perc
Gwh,2022,1,147.517,186.9365,51.038,1473.399,424.5045,0.0,22.154,252.423,385.4915,2172.4805,2557.972,0.05766951319248216,0.07307996334596312,0.019952524890811937,0.5760027865824957,0.16595353662979892,0.0,0.008660767201517452,0.09868090815693056,0.15070200142925722,0.8492979985707427
Gwh,2022,2,115.785,159.6085,35.552,1288.288,428.5635,0.0,31.638,230.475,310.9455,1978.9645,2289.91,0.05056312256813587,0.06970077426623754,0.015525501002222795,0.562593289692608,0.18715298854540136,0.0,0.013816263521273764,0.10064806040412069,0.1357893978365962,0.8642106021634038
Gwh,2022,3,111.8045,144.603,38.4145,1428.732,376.1175,0.0,56.539,241.654,294.822,2103.0425,2397.8645,0.04662669637921576,0.06030490880531406,0.01602029639289459,0.5958351691682328,0.15685519344399984,0.0,0.023578896972702167,0.10077883883764073,0.1229519015774244,0.8770480984225756
Gwh,2022,4,92.316,141.707,31.152,1211.925,411.78,0.0,48.591,213.609,265.175,1885.905,2151.08,0.042916116555404726,0.065877140785094,0.014482027632631051,0.5634030347546348,0.19142942149989772,0.0,0.022589118024434238,0.09930314074790339,0.12327528497312978,0.8767247150268702
Gwh,2022,5,19.953,39.078,8.74,461.293,130.816,0.0,19.33,64.112,67.771,675.551,743.322,0.02684301016248678,0.05257210199617394,0.011758026803996116,0.6205830044045515,0.17598833345441142,0.0,0.02600488079190445,0.08625064238647584,0.09117313896265683,0.9088268610373432
