unit,year,month,coal,gas,oil,nuclear,hydro,wind,solar,other,fossil,low.carbon,total.prod,coal.perc,gas.perc,oil.perc,nuclear.perc,hydro.perc,wind.perc,solar.perc,other.perc,fossil.perc,low.carbon.perc
Gwh,2022,1,729.845,6550.6065,131.9385,5045.371,2447.456713,5278.4875,1664.7355,707.284672,7412.39,15143.335385,22555.725384999998,0.03235741646710069,0.29041879115784425,0.0058494461050559565,0.22368471480661276,0.10850711609690047,0.23401985127511343,0.07380545167955813,0.03135721241181444,0.3286256537300009,0.6713743462699993
Gwh,2022,2,593.484,5737.426437,122.9595,4770.81,1627.4065,4545.1765,1835.4405,620.067139,6453.8699369999995,13398.900639000001,19852.770576000003,0.029894265776559285,0.2889987780313127,0.0061935687781858335,0.24030953169667052,0.0819737725658992,0.2289441910689614,0.09245261224238709,0.031233279840023873,0.32508661258605775,0.6749133874139421
Gwh,2022,3,732.62,5270.1015,135.865,4796.306,2192.094286,6287.2165,1512.0645,716.021661,6138.5865,15503.702947,21642.289447,0.03385131696875785,0.24350942689801833,0.006277755425678095,0.2216173114099466,0.10128754129124092,0.2905060721693434,0.06986619893902207,0.03308437689799279,0.28363849929245427,0.7163615007075458
Gwh,2022,4,714.986,4166.986,110.382,4437.473,2244.043,5371.6505,2888.494,702.347676,4992.354,15644.008176,20636.362176,0.03464690113025472,0.201924446007552,0.0053489078675103795,0.2150317464945814,0.10874217950147301,0.26030026291393576,0.1399710847951344,0.03403447128955836,0.2419202550053171,0.7580797449946829
Gwh,2022,5,563.31925,4772.22575,122.50275,4079.8575,2357.8346239999996,4419.46025,3943.1705,661.217966,5458.04775,15461.54084,20919.58859,0.026927835964674678,0.22812235190328853,0.005855887149643033,0.19502570437500177,0.11270941652873107,0.21125942467685976,0.1884917804686139,0.03160759893318724,0.26090607501760626,0.7390939249823938
Gwh,2022,6,492.803333,4326.885332999999,63.778,2697.268667,1111.470337,2287.783,2281.132333,401.495866,4883.466665999999,8779.150203,13662.616869,0.036069468808581875,0.3166952110629371,0.004668066199287931,0.19741962267272592,0.08135120435982417,0.16744837551515476,0.16696159709900155,0.029386454282486693,0.3574327460708069,0.642567253929193
