unit,year,month,coal,gas,oil,nuclear,hydro,wind,solar,other,fossil,low.carbon,total.prod,coal.perc,gas.perc,oil.perc,nuclear.perc,hydro.perc,wind.perc,solar.perc,other.perc,fossil.perc,low.carbon.perc
Gwh,2022,1,729.845,6540.955,131.9385,5045.371,2443.465213,5278.611,1664.7355,707.284672,7402.7385,15139.467385,22542.205885,0.03237682255779823,0.2901648149861178,0.0058529542615789135,0.22381886784901042,0.10839512448184704,0.23416568134143806,0.07384971588373904,0.031376018638470525,0.3283945918054949,0.6716054081945051
Gwh,2022,2,593.484,5722.467437,122.9595,4770.81,1627.4065,4545.1765,1835.4405,620.067139,6438.910937,13398.900639000001,19837.811576,0.02991680799700726,0.2884626368728647,0.006198239131818236,0.24049074071112653,0.08203558612124606,0.22911682987748525,0.09252232752429888,0.03125683176415306,0.3245776840016902,0.6754223159983098
Gwh,2022,3,732.62,5270.1015,135.865,4796.306,2191.9362859999997,6287.2165,1512.0645,716.021661,6138.5865,15503.544947,21642.131447,0.0338515641028303,0.24351120465680998,0.006277801256901312,0.22161892934371102,0.10128098017368999,0.29050819303066033,0.06986670900243516,0.03308461843296187,0.2836405700165416,0.7163594299834585
Gwh,2022,4,714.986,4166.986,110.382,4437.473,2244.043,5372.5235,2888.494,702.347676,4992.354,15644.881175999999,20637.235176,0.03464543549086897,0.20191590416365376,0.005348681597056585,0.21502265018332223,0.10873757947041773,0.26033155382402956,0.13996516371336234,0.03403303155728887,0.24191002125157934,0.7580899787484207
Gwh,2022,5,563.31925,4772.22575,122.50275,4079.8575,2353.7721239999996,4419.46025,3943.1705,661.217966,5458.04775,15457.47834,20915.52609,0.02693306625786146,0.2281666609515343,0.0058570245602653165,0.19506358493897202,0.1125370747965728,0.21130045837637357,0.1885283919243745,0.03161373819404607,0.2609567517696611,0.739043248230339
Gwh,2022,6,243.06633300000001,2432.925333,44.195,1693.2006669999998,688.5238340000001,1374.018,1529.257333,251.162866,2720.186666,5536.162700000001,8256.349366000002,0.029439928257028163,0.29467325389825316,0.005352850035876254,0.2050786118587317,0.08339325329853052,0.16641955652437196,0.18522197465353715,0.030420571473670843,0.32946603219115755,0.6705339678088422
