unit,year,month,coal,gas,oil,nuclear,hydro,wind,solar,other,fossil,low.carbon,total.prod,coal.perc,gas.perc,oil.perc,nuclear.perc,hydro.perc,wind.perc,solar.perc,other.perc,fossil.perc,low.carbon.perc
Gwh,2022,1,728.99,6472.836,131.806,5039.279,2437.73713,5272.1535,1664.721,706.3396720000001,7333.632,15120.230302,22453.862302,0.03246612944335495,0.28827272176793634,0.005870081424177071,0.2244281599407129,0.10856649502935924,0.23479940462315926,0.07413962807867226,0.03145737969262799,0.3266089326354683,0.6733910673645316
Gwh,2022,2,570.251,5493.6405,118.747,4614.568,1550.968,4416.864,1832.595,599.986916,6182.6385,13014.981915999999,19197.620416,0.029704254362938224,0.28616257541072115,0.006185506194352707,0.24037187422218484,0.0807895961265786,0.23007351454448088,0.09545948718064287,0.03125319195810064,0.3220523359680121,0.6779476640319878
Gwh,2022,3,731.534,5252.6985,135.67,4789.213,2180.4225,6279.515,1512.041,715.051736,6119.9025,15476.243236,21596.145736000002,0.033873359114286725,0.2432238865310091,0.006282139491855852,0.22176239494515695,0.10096350185141202,0.2907701715279812,0.07001439138649086,0.03311015515180722,0.28337938513715166,0.7166206148628482
Gwh,2022,4,714.986,4166.986,110.382,4437.473,2238.1755,5373.9515,2888.494,702.347676,4992.354,15640.441675999999,20632.795675999998,0.03465289005074913,0.2019593498348372,0.005349832457673004,0.21506891599579278,0.10847659886456582,0.2604567788286181,0.13999527961980873,0.034040354347955305,0.24196207234325937,0.7580379276567407
Gwh,2022,5,414.31,3498.28075,91.82175,3102.6765,1806.373875,3148.78025,2803.21075,488.47325,4004.4125,11349.514625,15353.927125,0.026983975931825326,0.2278427350553157,0.0059803429606287125,0.20207706306929601,0.11764898063497875,0.20507979648236085,0.18257288361331858,0.03181422225227606,0.2608070539477697,0.7391929460522303
