unit,year,month,coal,gas,oil,nuclear,hydro,wind,solar,other,fossil,low.carbon,total.prod,coal.perc,gas.perc,oil.perc,nuclear.perc,hydro.perc,wind.perc,solar.perc,other.perc,fossil.perc,low.carbon.perc
Gwh,2022,1,728.99,6472.836,131.806,5039.279,2438.4636299999997,5272.1535,1664.721,706.3396720000001,7333.632,15120.956801999999,22454.588802000002,0.03246507902808132,0.2882633949379413,0.005869891502455846,0.22442089874970939,0.1085953366370623,0.23479180787894974,0.0741372293511661,0.031456361914634,0.3265983654684784,0.6734016345315215
Gwh,2022,2,570.251,5493.6405,118.747,4614.568,1550.968,4416.864,1832.595,599.986916,6182.6385,13014.981915999999,19197.620416,0.029704254362938224,0.28616257541072115,0.006185506194352707,0.24037187422218484,0.0807895961265786,0.23007351454448088,0.09545948718064287,0.03125319195810064,0.3220523359680121,0.6779476640319878
Gwh,2022,3,731.534,5252.6985,135.67,4789.213,2180.4225,6278.7915,1512.041,715.051736,6119.9025,15475.519736,21595.422236000002,0.03387449395550684,0.24323203513213307,0.006282349959049903,0.2217698245332886,0.10096688437817122,0.2907464105764567,0.07001673704158455,0.03311126442380897,0.2833888790466898,0.7166111209533101
Gwh,2022,4,714.986,4166.986,110.382,4437.473,2238.1755,5373.2735,2888.494,702.347676,4992.354,15639.763675999999,20632.117675999998,0.03465402879277374,0.20196598649915534,0.005350008260586852,0.21507598345863566,0.10848016355604272,0.26043247641275236,0.1399998800588462,0.03404147296120724,0.24197002355251596,0.758029976447484
Gwh,2022,5,203.837,1221.037,41.219,1455.287,887.142,1358.73,1252.911,225.755,1466.093,5179.825,6645.918,0.030671007376257126,0.1837273646770845,0.006202152960659461,0.21897456453720918,0.13348675081456016,0.2044457966529229,0.18852339135090143,0.03396897163040531,0.2206005250140011,0.7793994749859989
