unit,year,month,coal,gas,oil,nuclear,hydro,wind,solar,other,fossil,low.carbon,total.prod,coal.perc,gas.perc,oil.perc,nuclear.perc,hydro.perc,wind.perc,solar.perc,other.perc,fossil.perc,low.carbon.perc
Gwh,2022,1,729.845,6669.2485,131.9385,5045.371,2458.8810120000003,5278.129,1664.7355,703.804088,7531.032,15150.9206,22681.9526,0.03217734437907255,0.2940332614926635,0.005816893383332439,0.22243988817788113,0.10840693724049137,0.23270170311527763,0.07339471734898168,0.03102925486229964,0.3320274992550685,0.6679725007449314
Gwh,2022,2,593.484,5819.977642,122.9595,4770.81,1641.645,4545.1765,1835.4405,616.895077,6536.421142,13409.967077,19946.388219,0.029753958134369148,0.29178102712631254,0.0061644994898311725,0.23918164770580114,0.08230287017256815,0.22786964988831793,0.09201868929090856,0.030927658191891326,0.32769948475051286,0.6723005152494871
Gwh,2022,3,732.62,5273.5735,135.865,4796.306,2200.832286,6282.767,1512.0645,713.011108,6142.0585,15504.980894000002,21647.039394,0.03384388907256589,0.2436163857798355,0.0062763779160330945,0.22156868256679071,0.10166897403115614,0.2902367795265999,0.06985086840185199,0.0329380427051668,0.28373665276843446,0.7162633472315657
Gwh,2022,4,714.986,4166.986,110.382,4437.473,2257.5025,5369.1965,2888.494,701.4321289999999,4992.354,15654.098129,20646.452129,0.03462996913623386,0.201825765219345,0.005346293847985508,0.21492666014841003,0.10934094080159722,0.26005419558057763,0.1399026807101072,0.03397349455574348,0.2418020282035644,0.7581979717964356
Gwh,2022,5,544.61125,4775.26325,122.2535,4079.95775,2332.022875,4414.9815,3907.4285,647.73243,5442.128,15382.123055,20824.251055,0.02615274127081926,0.2293126046832516,0.0058707273398265316,0.19592338467415774,0.11198591818936367,0.21201153829443206,0.1876383688268015,0.031104716721347653,0.26133607329389735,0.7386639267061026
Gwh,2022,6,824.881333,6971.767334,83.054,4487.232667,1673.135837,3486.029,3694.941333,654.809658,7879.702667,13996.148495000001,21875.851162,0.03770739373254107,0.3186969632573879,0.0037966065587551195,0.20512265482929695,0.0764832337087008,0.15935512516447795,0.16890503165510615,0.02993299109373416,0.3602009635486841,0.639799036451316
Gwh,2022,7,623.044,6167.050181,41.366,3818.155,1087.986001,3166.451,2971.198,494.394,6831.4601809999995,11538.184001,18369.644182,0.03391704236767453,0.335719631795751,0.002251867243053821,0.2078513313688092,0.05922738569242909,0.1723741063587249,0.1617449946532666,0.026913640520290837,0.37188854140647937,0.6281114585935206
