unit,year,month,coal,gas,oil,nuclear,hydro,wind,solar,other,fossil,low.carbon,total.prod,coal.perc,gas.perc,oil.perc,nuclear.perc,hydro.perc,wind.perc,solar.perc,other.perc,fossil.perc,low.carbon.perc
Gwh,2022,1,729.845,6558.324,131.9385,5045.371,2454.790012,5278.129,1664.7355,703.804088,7420.1075,15146.8296,22566.937100000003,0.032341340642102465,0.2906164877820304,0.005846539980828855,0.22357358367432148,0.10877816520346484,0.23388769936350817,0.07376878362460627,0.031187399729137363,0.32880436840496174,0.671195631595038
Gwh,2022,2,593.484,5767.679937,122.9595,4770.81,1637.1645,4545.1765,1835.4405,616.895077,6484.123437,13405.486577,19889.610013999998,0.02983889576428374,0.2899845664615956,0.006182097080508399,0.23986443156210197,0.08231254905690079,0.228520141762494,0.09228137196798031,0.031015946344135296,0.32600555930638775,0.6739944406936124
Gwh,2022,3,732.62,5270.9635,135.865,4796.306,2200.021786,6285.7485,1512.0645,713.011108,6139.4485,15507.151894,21646.600394,0.03384457543749306,0.24350075319268166,0.0062765052029906294,0.22157317605075014,0.10163359354154296,0.29038040087543177,0.06985228499987063,0.03293871069923905,0.28362183383316536,0.7163781661668346
Gwh,2022,4,714.986,4166.986,110.382,4437.473,2253.2605,5371.6505,2888.494,701.4321289999999,4992.354,15652.310129000001,20644.664129,0.03463296838022392,0.20184324501295933,0.00534675688159751,0.21494527458872953,0.10914493381535798,0.26019558692913425,0.13991479744843469,0.033976436943562734,0.24182297027478078,0.7581770297252193
Gwh,2022,5,563.31925,4772.22575,122.50275,4079.8575,2362.846625,4419.46025,3943.1705,659.08118,5458.04775,15464.416055,20922.463805,0.026924135477074135,0.22809100278426792,0.005855082419629977,0.19499890347641588,0.11293347891634697,0.2112303929016165,0.18846587747747331,0.03150112654717531,0.26087022068097204,0.739129779319028
Gwh,2022,6,824.881333,6887.826335,83.054,4487.232667,1665.797337,3486.029,3694.941333,654.809658,7795.761667999999,13988.809995000001,21784.571663000002,0.037865391422913286,0.31617910333755267,0.003812514713845076,0.20598213893832665,0.076466839135941,0.16002283882041365,0.16961276035900544,0.030058413272002094,0.35785700947431104,0.6421429905256889
Gwh,2022,7,53.936,408.571,3.445,328.973,99.2035,235.375,275.436,47.049,465.952,986.0365,1451.9885,0.03714629971242885,0.28138721484364376,0.0023726083229998036,0.22656722143460506,0.06832251081878404,0.16210527838202576,0.18969571728701706,0.03240314919849572,0.3209061228790724,0.6790938771209277
