unit,year,month,coal,gas,oil,nuclear,hydro,wind,solar,other,fossil,low.carbon,total.prod,coal.perc,gas.perc,oil.perc,nuclear.perc,hydro.perc,wind.perc,solar.perc,other.perc,fossil.perc,low.carbon.perc
Gwh,2022,1,728.99,6472.836,131.806,5039.279,2437.73713,5272.1535,1664.721,706.3396720000001,7333.632,15120.230302,22453.862302,0.03246612944335495,0.28827272176793634,0.005870081424177071,0.2244281599407129,0.10856649502935924,0.23479940462315926,0.07413962807867226,0.03145737969262799,0.3266089326354683,0.6733910673645316
Gwh,2022,2,570.251,5493.6405,118.747,4614.568,1552.953,4416.864,1832.595,599.986916,6182.6385,13016.966916,19199.605416000002,0.029701183313110224,0.2861329897656059,0.006184866690074897,0.2403470227650849,0.08088463103027345,0.23004972780946858,0.09544961785895902,0.031249960767422882,0.32201903976879104,0.6779809602312088
Gwh,2022,3,731.534,5252.6985,135.67,4789.213,2180.4225,6280.741,1512.041,715.051736,6119.9025,15477.469235999999,21597.371736,0.03387143625354321,0.24321007964336872,0.006281782878879461,0.22174980634412134,0.10095777054045517,0.2908104317865134,0.0700104169378918,0.033108275615226924,0.28336329877579136,0.7166367012242085
Gwh,2022,4,714.986,4166.986,110.382,4437.473,2238.1755,5373.9515,2888.494,702.347676,4992.354,15640.441675999999,20632.795675999998,0.03465289005074913,0.2019593498348372,0.005349832457673004,0.21506891599579278,0.10847659886456582,0.2604567788286181,0.13999527961980873,0.034040354347955305,0.24196207234325937,0.7580379276567407
Gwh,2022,5,422.105,3581.52575,93.85675,3163.3985,1838.9519520000001,3267.80425,2862.59475,498.04725,4097.4875,11630.796702,15728.284201999999,0.026837320242873372,0.22771242584391851,0.005967386448171202,0.20112800985613827,0.11692006123377145,0.2077660988338746,0.18200298985161995,0.031665707689632706,0.2605171325349631,0.739482867465037
