unit,year,month,coal,gas,oil,nuclear,hydro,wind,solar,other,fossil,low.carbon,total.prod,coal.perc,gas.perc,oil.perc,nuclear.perc,hydro.perc,wind.perc,solar.perc,other.perc,fossil.perc,low.carbon.perc
Gwh,2022,1,729.845,6540.313,131.9385,5045.371,2443.465213,5278.611,1664.7355,707.284672,7402.0965,15139.467385,22541.563885,0.03237774467305998,0.2901445983680027,0.005853120957938363,0.22382524237182047,0.10839821165318406,0.23417235054896016,0.07385181917691955,0.03137691225011472,0.328375463999001,0.6716245360009989
Gwh,2022,2,593.484,5711.562437,122.9595,4770.81,1627.4065,4545.1765,1835.4405,620.067139,6428.005937,13398.900639000001,19826.906576,0.02993326254527261,0.28807128409601274,0.006201648226296661,0.240623013061198,0.0820807065268536,0.22924284646107262,0.09257321574419264,0.031274023339101044,0.324206194867582,0.6757938051324179
Gwh,2022,3,732.62,5268.058,135.865,4796.306,2191.9362859999997,6287.2165,1512.0645,716.021661,6136.543,15503.544947,21640.087947,0.033854760747474885,0.24343976849365437,0.006278394077360263,0.22163985709054934,0.10129054426065173,0.2905356260750136,0.06987330660130796,0.03308774265398784,0.2835729233184895,0.7164270766815105
Gwh,2022,4,714.986,4166.986,110.382,4437.473,2244.043,5372.5235,2888.494,702.347676,4992.354,15644.881175999999,20637.235176,0.03464543549086897,0.20191590416365376,0.005348681597056585,0.21502265018332223,0.10873757947041773,0.26033155382402956,0.13996516371336234,0.03403303155728887,0.24191002125157934,0.7580899787484207
Gwh,2022,5,563.324583,4772.22075,122.504083,4079.8575,2353.788469,4419.4175829999995,3943.214167,660.627166,5458.049415999999,15456.904885,20914.954300999998,0.02693405755962211,0.22817265968263808,0.005857248418378937,0.1950689177362884,0.11254093291934467,0.21130419504615872,0.18853563389385292,0.03158635474371625,0.26096396566063906,0.7390360343393609
Gwh,2022,6,163.782334,1524.4813330000002,26.782,971.795667,410.34433399999995,591.369,897.641332,146.142336,1715.045667,3017.2926690000004,4732.338336,0.034609176768716984,0.32214123859296273,0.005659358671856382,0.20535211094425013,0.08671069244530025,0.12496338131644526,0.18968240820218482,0.030881633058283516,0.3624097740335361,0.6375902259664641
