unit,year,month,coal,gas,oil,nuclear,hydro,wind,solar,other,fossil,low.carbon,total.prod,coal.perc,gas.perc,oil.perc,nuclear.perc,hydro.perc,wind.perc,solar.perc,other.perc,fossil.perc,low.carbon.perc
Gwh,2022,1,728.99,6472.836,131.806,5039.279,2438.35813,5272.1535,1664.721,706.3396720000001,7333.632,15120.851302,22454.483302,0.03246523156179994,0.288264749312823,0.005869919081516348,0.22442195316741742,0.10859114846712227,0.23479291102327055,0.0741375776770479,0.031456509709002614,0.32659989995613925,0.6734001000438606
Gwh,2022,2,570.251,5493.6405,118.747,4614.568,1549.321,4416.864,1832.595,599.986916,6182.6385,13013.334916,19195.973416,0.029706802965495414,0.2861871279432491,0.006186036906105705,0.24039249794718512,0.0807107285691815,0.2300932546780101,0.0954676775324411,0.03125587345833194,0.3220799678148502,0.6779200321851497
Gwh,2022,3,731.534,5252.6985,135.67,4789.213,2170.0275,6278.7915,1512.041,715.051736,6119.9025,15465.124736,21585.027236,0.03389080736390876,0.2433491717462107,0.006285375437179271,0.22187662529387225,0.10053392457067549,0.2908864293452495,0.07005045596969103,0.03312721027321292,0.2835253545472987,0.7164746454527012
Gwh,2022,4,714.986,4166.986,110.382,4437.473,2238.1755,5372.5235,2888.494,702.347676,4992.354,15639.013675999999,20631.367675999998,0.03465528855034303,0.20197332845012306,0.005350202746297081,0.21508380198962823,0.10848410707175844,0.2604055913486402,0.14000496939231613,0.03404271045089391,0.2419788197467632,0.7580211802532368
Gwh,2022,5,248.837,1828.62,55.058,1889.754,1127.843,1657.46,1637.234,283.068,2132.515,6595.359,8727.874,0.028510608654524573,0.2095149402935927,0.006308294551456632,0.21651939521583377,0.1292231074829907,0.189904208057999,0.18758680521739887,0.032432640526203746,0.24433384349957388,0.7556661565004261
