unit,year,month,coal,gas,oil,nuclear,hydro,wind,solar,other,fossil,low.carbon,total.prod,coal.perc,gas.perc,oil.perc,nuclear.perc,hydro.perc,wind.perc,solar.perc,other.perc,fossil.perc,low.carbon.perc
Gwh,2022,1,729.845,6540.313,131.9385,5045.371,2443.465213,5278.611,1664.7355,707.284672,7402.0965,15139.467385,22541.563885,0.03237774467305998,0.2901445983680027,0.005853120957938363,0.22382524237182047,0.10839821165318406,0.23417235054896016,0.07385181917691955,0.03137691225011472,0.328375463999001,0.6716245360009989
Gwh,2022,2,593.484,5721.820437,122.9595,4770.81,1627.4065,4545.1765,1835.4405,620.067139,6438.263937,13398.900639000001,19837.164576000003,0.029917783750104426,0.2884394296916075,0.0061984412907862135,0.24049858444850358,0.08203826175687014,0.2291243026485238,0.09252534519074404,0.031257851222860164,0.32455565473249814,0.6754443452675017
Gwh,2022,3,732.62,5269.726,135.865,4796.306,2191.9362859999997,6287.2165,1512.0645,716.021661,6138.211,15503.544947,21641.755947,0.03385215145176593,0.24349807903320772,0.006277910181259286,0.22162277459121182,0.10128273747139487,0.2905132335563344,0.06986792123998624,0.03308519247483962,0.283628140666233,0.716371859333767
Gwh,2022,4,714.986,4166.986,110.382,4437.473,2244.043,5372.5235,2888.494,702.347676,4992.354,15644.881175999999,20637.235176,0.03464543549086897,0.20191590416365376,0.005348681597056585,0.21502265018332223,0.10873757947041773,0.26033155382402956,0.13996516371336234,0.03403303155728887,0.24191002125157934,0.7580899787484207
Gwh,2022,5,563.31925,4772.22575,122.50275,4079.8575,2353.7721239999996,4419.46025,3943.1705,660.6285,5458.04775,15456.888874,20914.936623999998,0.02693382533866195,0.2281730915944467,0.005857189634484833,0.19506908260569827,0.11254024653840136,0.2113064136626953,0.18853370540340014,0.03158644522221145,0.2609641065675935,0.7390358934324066
Gwh,2022,6,181.223331,1757.269334,30.699,1117.1806669999999,466.187651,727.244,985.434331,167.230333,1969.191665,3463.2769820000003,5432.468647,0.033359296256606635,0.32347528318832103,0.005651022029727327,0.20564880160273843,0.08581506517436512,0.1338698936443213,0.1813971501785273,0.030783487925392903,0.362485601474655,0.6375143985253452
