unit,year,month,coal,oil,gas,nuclear,hydro,wind,solar,other,fossil,low.carbon,total.prod,coal.perc,oil.perc,gas.perc,nuclear.perc,hydro.perc,wind.perc,solar.perc,other.perc,fossil.perc,low.carbon.perc
Gwh,2022,1,728.99,131.806,6472.836,5039.279,2438.35813,5272.1535,611.326,706.3396720000001,7333.632,14067.456301999999,21401.088302,0.034063220977966505,0.006158845668969196,0.3024535906145994,0.23546835230473134,0.113936174440817,0.2463497849082423,0.02856518282497202,0.033004848259702305,0.3426756572615351,0.6573243427384649
Gwh,2022,2,570.251,118.747,5493.6405,4614.568,1549.321,4416.864,490.486,599.986916,6182.6385,11671.225916,17853.864416,0.03193991993626664,0.006651053084820289,0.3077003595410299,0.25846325996878233,0.08677790779073875,0.24738980296286794,0.027472259706444496,0.03360543700904959,0.34629133256211686,0.6537086674378831
Gwh,2022,3,731.534,135.67,5252.6985,4789.213,2169.665,6279.515,725.8265,715.051736,6119.9025,14679.271235999999,20799.173736,0.03517130099903119,0.006522855269254143,0.2525436138315644,0.2302597718923155,0.10431496113928128,0.30191175282752586,0.0348968910598459,0.034378852981181714,0.2942377700998497,0.7057622299001503
Gwh,2022,4,520.262,79.464,2720.123,3410.621,1551.0065,4475.736,534.6605,517.5656759999999,3319.849,10489.589676,13809.438676,0.03767437708414499,0.005754325129674083,0.19697563846149774,0.24697752602554807,0.11231495619699293,0.32410701875801573,0.03871703351195648,0.03747912483216997,0.24040434067531682,0.7595956593246832
