unit,year,month,coal,gas,oil,nuclear,hydro,wind,solar,other,fossil,low.carbon,total.prod,coal.perc,gas.perc,oil.perc,nuclear.perc,hydro.perc,wind.perc,solar.perc,other.perc,fossil.perc,low.carbon.perc
Gwh,2022,1,729.845,6558.324,131.9385,5045.371,2454.790012,5278.129,1664.7355,703.804088,7420.1075,15146.8296,22566.937100000003,0.032341340642102465,0.2906164877820304,0.005846539980828855,0.22357358367432148,0.10877816520346484,0.23388769936350817,0.07376878362460627,0.031187399729137363,0.32880436840496174,0.671195631595038
Gwh,2022,2,593.484,5767.679937,122.9595,4770.81,1632.5205,4545.1765,1835.4405,616.895077,6484.123437,13400.842577,19884.966013999998,0.029845864437593607,0.2900522904056898,0.006183540867680158,0.2399204502859655,0.08209822932815802,0.22857351110381435,0.0923029236614113,0.031023189909687318,0.3260816957109636,0.6739183042890364
Gwh,2022,3,732.62,5270.9635,135.865,4796.306,2198.326286,6285.7485,1512.0645,713.011108,6139.4485,15505.456394,21644.904894000003,0.03384722656846061,0.24351982722091414,0.0062769968574757735,0.2215905324365524,0.10156322223478002,0.290403147104722,0.06985775670555829,0.03294129087153659,0.28364405064685055,0.7163559493531494
Gwh,2022,4,714.986,4166.986,110.382,4437.473,2246.818,5371.6505,2888.494,701.4321289999999,4992.354,15645.867629,20638.221629,0.03464377952969215,0.20190625311168858,0.005348425944069505,0.2150123726631873,0.10886684135821383,0.2602768105005701,0.13995847374471473,0.03398704314786385,0.24189845858545025,0.7581015414145498
Gwh,2022,5,563.31925,4772.22575,122.50275,4079.8575,2362.705625,4419.46025,3943.1705,659.08118,5458.04775,15464.275055,20922.322805,0.026924316924571035,0.22809253993822984,0.005855121878280379,0.1950002176156559,0.11292750078568535,0.21123181642832894,0.18846714758925642,0.03150133883999215,0.26087197874108126,0.7391280212589187
Gwh,2022,6,824.881333,6883.017837,83.054,4487.232667,1665.283837,3486.029,3694.941333,654.809658,7790.95317,13988.296495,21779.249665,0.03787464424569285,0.31603558170606977,0.0038134463435382086,0.20603247292817148,0.07646194715680073,0.16006194215231245,0.16965420709318088,0.03006575837423369,0.35772367229530083,0.6422763277046992
