unit,year,month,coal,gas,oil,nuclear,hydro,wind,solar,other,fossil,low.carbon,total.prod,coal.perc,gas.perc,oil.perc,nuclear.perc,hydro.perc,wind.perc,solar.perc,other.perc,fossil.perc,low.carbon.perc
Gwh,2022,1,728.99,6472.836,131.806,5039.279,2438.35813,5272.1535,611.326,706.3396720000001,7333.632,14067.456301999999,21401.088302,0.034063220977966505,0.3024535906145994,0.006158845668969196,0.23546835230473134,0.113936174440817,0.2463497849082423,0.02856518282497202,0.033004848259702305,0.3426756572615351,0.6573243427384649
Gwh,2022,2,570.251,5493.6405,118.747,4614.568,1549.321,4416.864,490.486,599.986916,6182.6385,11671.225916,17853.864416,0.03193991993626664,0.3077003595410299,0.006651053084820289,0.25846325996878233,0.08677790779073875,0.24738980296286794,0.027472259706444496,0.03360543700904959,0.34629133256211686,0.6537086674378831
Gwh,2022,3,731.534,5252.6985,135.67,4789.213,2169.665,6279.515,725.8265,715.051736,6119.9025,14679.271235999999,20799.173736,0.03517130099903119,0.2525436138315644,0.006522855269254143,0.2302597718923155,0.10431496113928128,0.30191175282752586,0.0348968910598459,0.034378852981181714,0.2942377700998497,0.7057622299001503
Gwh,2022,4,627.12,3658.979,97.37,4054.218,1936.616,5102.4225,698.4115,631.544676,4383.469,12423.212676,16806.681676,0.03731373105587699,0.21770978177239084,0.005793529137821698,0.24122655965986653,0.11522893319063063,0.3035948796059056,0.04155558565718146,0.03757699992032621,0.2608170419660895,0.7391829580339104
