unit,year,month,coal,gas,oil,nuclear,hydro,wind,solar,other,fossil,low.carbon,total.prod,coal.perc,gas.perc,oil.perc,nuclear.perc,hydro.perc,wind.perc,solar.perc,other.perc,fossil.perc,low.carbon.perc
Gwh,2022,1,729.845,6533.3265,131.9385,5045.371,2441.120713,5278.611,1664.7355,707.284672,7395.11,15137.122885,22532.232884999998,0.03239115287530458,0.28995468550963366,0.005855544839847328,0.22391793240157612,0.10833905034884873,0.2342693255009822,0.07388240253402655,0.03138990598978092,0.32820138322478554,0.6717986167752146
Gwh,2022,2,593.484,5711.562437,122.9595,4770.81,1625.291,4545.1765,1835.4405,620.067139,6428.005937,13396.785139,19824.791076,0.029936456718501057,0.28810202413252406,0.0062023100030978605,0.240648689900978,0.0819827555190524,0.22926730892525848,0.09258309421590798,0.031277360584680086,0.324240790854123,0.675759209145877
Gwh,2022,3,732.62,5268.058,135.865,4796.306,2191.8117859999998,6287.3695,1512.0645,716.021661,6136.543,15503.573447,21640.116447,0.03385471616080717,0.24343944788385455,0.006278385808724942,0.22163956519119923,0.1012846576573692,0.2905423136422922,0.06987321457827088,0.03308769907748177,0.28357254985338665,0.7164274501466134
Gwh,2022,4,714.986,4166.986,110.382,4437.473,2239.6125,5372.5235,2888.494,702.347676,4992.354,15640.450675999999,20632.804676,0.03465287493520786,0.20195926174045656,0.0053498301240837084,0.21506882218303805,0.10854619791971902,0.2603874550438264,0.1399952185540672,0.03404033949960124,0.24196196679974816,0.7580380332002518
Gwh,2022,5,563.324583,4772.22075,122.504083,4079.8575,2350.782469,4419.4175829999995,3943.214167,660.627166,5458.049415999999,15453.898885,20911.948301,0.026937929211170726,0.22820545849244447,0.0058580903719115405,0.19509695802972615,0.11241336460685429,0.2113345690888431,0.18856273505665835,0.03159089514239135,0.26100147807552665,0.7389985219244732
Gwh,2022,6,142.507,1297.579,23.607,825.235,361.43248100000005,437.914,1160.75,124.705,1463.693,2910.036481,4373.729481,0.03258249066821972,0.2966756416090289,0.005397453158123201,0.1886799363300631,0.082637136697664,0.10012370493016323,0.2653913565167749,0.028512280089962882,0.3346555854353718,0.6653444145646281
