unit,year,month,coal,gas,oil,nuclear,hydro,wind,solar,other,fossil,low.carbon,total.prod,coal.perc,gas.perc,oil.perc,nuclear.perc,hydro.perc,wind.perc,solar.perc,other.perc,fossil.perc,low.carbon.perc
Gwh,2022,1,729.845,6540.955,131.9385,5045.371,2443.465213,5278.611,1664.7355,707.284672,7402.7385,15139.467385,22542.205885,0.03237682255779823,0.2901648149861178,0.0058529542615789135,0.22381886784901042,0.10839512448184704,0.23416568134143806,0.07384971588373904,0.031376018638470525,0.3283945918054949,0.6716054081945051
Gwh,2022,2,593.484,5725.675937,122.9595,4770.81,1627.4065,4545.1765,1835.4405,620.067139,6442.119437,13398.900639000001,19841.020076,0.029911970136953153,0.28857769988982895,0.006197236811868039,0.24045185084867912,0.08202232011087654,0.22907977929511367,0.09250736569840866,0.0312517772082718,0.3246869068386502,0.6753130931613499
Gwh,2022,3,732.62,5270.1015,135.865,4796.306,2191.9362859999997,6287.2165,1512.0645,716.021661,6138.5865,15503.544947,21642.131447,0.0338515641028303,0.24351120465680998,0.006277801256901312,0.22161892934371102,0.10128098017368999,0.29050819303066033,0.06986670900243516,0.03308461843296187,0.2836405700165416,0.7163594299834585
Gwh,2022,4,714.986,4166.986,110.382,4437.473,2244.043,5371.6505,2888.494,702.347676,4992.354,15644.008176,20636.362176,0.03464690113025472,0.201924446007552,0.0053489078675103795,0.2150317464945814,0.10874217950147301,0.26030026291393576,0.1399710847951344,0.03403447128955836,0.2419202550053171,0.7580797449946829
Gwh,2022,5,563.31925,4772.22575,122.50275,4079.8575,2353.7721239999996,4419.46025,3943.1705,661.217966,5458.04775,15457.47834,20915.52609,0.02693306625786146,0.2281666609515343,0.0058570245602653165,0.19506358493897202,0.1125370747965728,0.21130045837637357,0.1885283919243745,0.03161373819404607,0.2609567517696611,0.739043248230339
Gwh,2022,6,267.849333,2670.6423330000002,48.235,1837.039667,773.3603340000001,1520.256,1633.1733330000002,271.024866,2986.726666,6034.854200000001,9021.580866,0.029689844493824214,0.2960281986791205,0.005346623913973349,0.20362724607649713,0.08572337215471788,0.16851325976907783,0.1810296174537444,0.030041837459044728,0.33106466708691806,0.6689353329130819
