unit,year,month,coal,gas,oil,nuclear,hydro,wind,solar,other,fossil,low.carbon,total.prod,coal.perc,gas.perc,oil.perc,nuclear.perc,hydro.perc,wind.perc,solar.perc,other.perc,fossil.perc,low.carbon.perc
Gwh,2022,1,729.845,6551.089,131.9385,5045.371,2448.354713,5278.4875,1664.7355,707.284672,7412.8725,15144.233385,22557.105884999997,0.03235543618586867,0.2904224076172971,0.005849088117626665,0.22367102525129637,0.10854028550835082,0.23400552920709938,0.07380093476916355,0.03135529334329762,0.32862693192079245,0.6713730680792077
Gwh,2022,2,593.484,5737.803437,122.9595,4770.81,1630.7925,4545.1765,1835.4405,620.067139,6454.246937,13402.286639,19856.533576,0.029888600531833332,0.2889629962369218,0.00619239503860923,0.2402639907786491,0.08212876098228394,0.22890080398995818,0.0924350916022141,0.03122736083953025,0.3250439918073644,0.6749560081926356
Gwh,2022,3,732.62,5270.9635,135.865,4796.306,2192.094286,6287.2165,1512.0645,716.021661,6139.4485,15503.702947,21643.151447,0.03384996874387948,0.2435395562844716,0.006277505396231588,0.2216084848708493,0.10128350722712567,0.29049450193961857,0.06986341631914192,0.033083059218681814,0.2836670304245827,0.7163329695754173
Gwh,2022,4,714.986,4166.986,110.382,4437.473,2244.2245,5371.6505,2888.494,702.347676,4992.354,15644.189675999998,20636.543675999998,0.034646596408075755,0.20192267006640965,0.005348860823451394,0.21502985527371607,0.1087500181830352,0.26029797355296236,0.1399698537386024,0.034034171953747284,0.24191812729793682,0.7580818727020633
Gwh,2022,5,563.31925,4772.22575,122.50275,4079.8575,2357.845624,4419.46025,3943.1705,661.217966,5458.04775,15461.55184,20919.59959,0.0269278218054077,0.2281222319513812,0.005855884070484735,0.19502560182606246,0.11270988308624696,0.2112593135918621,0.18849168135536,0.03160758231319474,0.26090593782727367,0.7390940621727262
Gwh,2022,6,580.938333,5262.453844,69.542,3152.776667,1259.574338,2558.155,2596.836333,470.631866,5912.934176999999,10037.974204,15950.908381,0.03642039181241787,0.3299156209980114,0.004359751704350286,0.19765499190976765,0.07896568069442038,0.16037675967389786,0.16280178350803107,0.029505019699103494,0.37069576451477954,0.6293042354852204
