unit,year,month,coal,gas,oil,nuclear,hydro,wind,solar,other,fossil,low.carbon,total.prod,coal.perc,gas.perc,oil.perc,nuclear.perc,hydro.perc,wind.perc,solar.perc,other.perc,fossil.perc,low.carbon.perc
Gwh,2022,1,729.845,6558.324,131.9385,5045.371,2454.790012,5278.129,1664.7355,703.804088,7420.1075,15146.8296,22566.937100000003,0.032341340642102465,0.2906164877820304,0.005846539980828855,0.22357358367432148,0.10877816520346484,0.23388769936350817,0.07376878362460627,0.031187399729137363,0.32880436840496174,0.671195631595038
Gwh,2022,2,593.484,5767.679937,122.9595,4770.81,1632.5205,4545.1765,1835.4405,616.895077,6484.123437,13400.842577,19884.966013999998,0.029845864437593607,0.2900522904056898,0.006183540867680158,0.2399204502859655,0.08209822932815802,0.22857351110381435,0.0923029236614113,0.031023189909687318,0.3260816957109636,0.6739183042890364
Gwh,2022,3,732.62,5270.9635,135.865,4796.306,2198.326286,6285.4375,1512.0645,713.011108,6139.4485,15505.145394000001,21644.593894,0.03384771290179236,0.24352332623164344,0.006277087048404384,0.22159371635656153,0.10156468154430875,0.29039295127372927,0.06985876045561439,0.032941764187945824,0.2836481261818402,0.7163518738181598
Gwh,2022,4,714.986,4166.986,110.382,4437.473,2246.818,5371.6505,2888.494,701.4321289999999,4992.354,15645.867629,20638.221629,0.03464377952969215,0.20190625311168858,0.005348425944069505,0.2150123726631873,0.10886684135821383,0.2602768105005701,0.13995847374471473,0.03398704314786385,0.24189845858545025,0.7581015414145498
Gwh,2022,5,563.31925,4772.22575,122.50275,4079.8575,2362.705625,4419.46025,3943.1705,659.08118,5458.04775,15464.275055,20922.322805,0.026924316924571035,0.22809253993822984,0.005855121878280379,0.1950002176156559,0.11292750078568535,0.21123181642832894,0.18846714758925642,0.03150133883999215,0.26087197874108126,0.7391280212589187
Gwh,2022,6,824.881333,6887.826335,83.054,4487.232667,1665.283837,3486.029,3694.941333,654.809658,7795.761667999999,13988.296495,21784.058163,0.03786628399666379,0.31618655640108884,0.003812604583523669,0.20598699440775084,0.07644506935023096,0.16002661092417503,0.16961675851911837,0.03005912181744848,0.35786544498127626,0.6421345550187236
Gwh,2022,7,25.384,220.012,1.815,167.233,54.393,106.224,140.888,23.894,247.211,492.632,739.843,0.03430998198266389,0.2973766055771292,0.002453223183837652,0.22603849735687168,0.073519652142414,0.14357640742698113,0.19042959114298577,0.03229604118711672,0.3341398107436308,0.6658601892563693
