unit,year,month,coal,gas,oil,nuclear,hydro,wind,solar,other,fossil,low.carbon,total.prod,coal.perc,gas.perc,oil.perc,nuclear.perc,hydro.perc,wind.perc,solar.perc,other.perc,fossil.perc,low.carbon.perc
Gwh,2022,1,728.99,6472.836,131.806,5039.279,2438.35813,5272.1535,1664.721,706.3396720000001,7333.632,15120.851302,22454.483302,0.03246523156179994,0.288264749312823,0.005869919081516348,0.22442195316741742,0.10859114846712227,0.23479291102327055,0.0741375776770479,0.031456509709002614,0.32659989995613925,0.6734001000438606
Gwh,2022,2,570.251,5493.6405,118.747,4614.568,1549.321,4416.864,1832.595,599.986916,6182.6385,13013.334916,19195.973416,0.029706802965495414,0.2861871279432491,0.006186036906105705,0.24039249794718512,0.0807107285691815,0.2300932546780101,0.0954676775324411,0.03125587345833194,0.3220799678148502,0.6779200321851497
Gwh,2022,3,731.534,5252.6985,135.67,4789.213,2170.0275,6279.515,1512.041,715.051736,6119.9025,15465.848236,21585.750736,0.03388967142940142,0.24334101529485946,0.006285164767224614,0.22186918854819854,0.10053055492672303,0.29091019704620386,0.07004810805483211,0.03312609993255691,0.2835158514914855,0.7164841485085144
Gwh,2022,4,714.986,4166.986,110.382,4437.473,2238.1755,5373.2735,2888.494,702.347676,4992.354,15639.763675999999,20632.117675999998,0.03465402879277374,0.20196598649915534,0.005350008260586852,0.21507598345863566,0.10848016355604272,0.26043247641275236,0.1399998800588462,0.03404147296120724,0.24197002355251596,0.758029976447484
Gwh,2022,5,52.159,350.673,11.95,436.699,263.843,418.761,308.822,70.292,414.782,1498.417,1913.199,0.027262715483334456,0.18329144014814977,0.006246083130923652,0.22825592110386844,0.13790672062864345,0.21888000150533218,0.1614165593856154,0.03674055861413266,0.21680023876240787,0.783199761237592
