unit,year,month,coal,gas,oil,nuclear,hydro,wind,solar,other,fossil,low.carbon,total.prod,coal.perc,gas.perc,oil.perc,nuclear.perc,hydro.perc,wind.perc,solar.perc,other.perc,fossil.perc,low.carbon.perc
Gwh,2022,1,728.99,6472.836,131.806,5039.279,2437.84913,5272.1535,1664.721,706.3396720000001,7333.632,15120.342302,22453.974302000002,0.032465967502914084,0.2882712838690413,0.0058700521443217244,0.2244270404972872,0.10857094148285625,0.2347982334481608,0.07413925827160679,0.03145722278381184,0.32660730351627704,0.6733926964837228
Gwh,2022,2,570.251,5493.6405,118.747,4614.568,1554.7125,4416.864,1832.595,599.986916,6182.6385,13018.726416,19201.364916000002,0.029698461671587968,0.28610677022352154,0.006184299945315407,0.24032499877937322,0.08096885334982089,0.23002864740722367,0.09544087141810143,0.03124709720505579,0.3219895318404249,0.678010468159575
Gwh,2022,3,731.534,5252.6985,135.67,4789.213,2184.1435,6280.741,1512.041,715.051736,6119.9025,15481.190236,21601.092736000002,0.03386560156657437,0.24316818432272852,0.006280700780192233,0.22171160776595256,0.10111263937865259,0.29076033683854463,0.06999835695719499,0.033102572390160026,0.2833144866694951,0.7166855133305048
Gwh,2022,4,714.986,4166.986,110.382,4437.473,2238.1755,5373.9515,2888.494,702.347676,4992.354,15640.441675999999,20632.795675999998,0.03465289005074913,0.2019593498348372,0.005349832457673004,0.21506891599579278,0.10847659886456582,0.2604567788286181,0.13999527961980873,0.034040354347955305,0.24196207234325937,0.7580379276567407
Gwh,2022,5,465.23025,3801.0865299999996,99.35897,3335.570377,1969.457073,3557.147421,3091.4165,537.918379,4365.675749999999,12491.50975,16857.1855,0.027598334846585155,0.22548761357582497,0.00589416127621067,0.19787231842468603,0.11683190370065039,0.21101668608914578,0.18338865049565956,0.031910331591237455,0.2589801096986208,0.7410198903013792
