unit,year,month,coal,gas,oil,nuclear,hydro,wind,solar,other,fossil,low.carbon,total.prod,coal.perc,gas.perc,oil.perc,nuclear.perc,hydro.perc,wind.perc,solar.perc,other.perc,fossil.perc,low.carbon.perc
Gwh,2022,1,729.845,6620.154,131.9385,5045.371,2457.7000120000002,5278.129,1664.7355,703.804088,7481.9375,15149.739599999999,22631.6771,0.03224882525387392,0.29251716391800237,0.005829815413900545,0.22293403081471147,0.10859557606537255,0.23321864202454531,0.0735577612142584,0.031098185295335447,0.3305958045857768,0.6694041954142231
Gwh,2022,2,593.484,5811.056142,122.9595,4770.81,1637.1645,4545.1765,1835.4405,616.895077,6527.499642,13405.486577,19932.986219000002,0.02977396329278022,0.2915296322465189,0.006168644208603112,0.2393424621671836,0.08213342857978123,0.2280228586957816,0.09208055831847559,0.03094845249087562,0.32747223974790224,0.6725277602520976
Gwh,2022,3,732.62,5272.3575,135.865,4796.306,2200.7197859999997,6285.7485,1512.0645,713.011108,6140.8425,15507.849894,21648.692394,0.03384130490038501,0.24354161461785329,0.006275898679111695,0.22155176454580278,0.10165601441174967,0.2903523402522969,0.06984553489332561,0.03293552769947496,0.28365881819735,0.7163411818026499
Gwh,2022,4,714.986,4166.986,110.382,4437.473,2253.4895,5371.6505,2888.494,701.4321289999999,4992.354,15652.539129,20644.893129,0.03463258421985508,0.20184100610075867,0.005346697573597307,0.21494289034447245,0.10915481547514094,0.26019270075340867,0.13991324546710857,0.03397606006565828,0.2418202878942111,0.7581797121057889
Gwh,2022,5,563.31925,4772.22575,122.50275,4079.8575,2362.846625,4419.46025,3943.1705,659.08118,5458.04775,15464.416055,20922.463805,0.026924135477074135,0.22809100278426792,0.005855082419629977,0.19499890347641588,0.11293347891634697,0.2112303929016165,0.18846587747747331,0.03150112654717531,0.26087022068097204,0.739129779319028
Gwh,2022,6,824.881333,6906.498333,83.054,4487.232667,1668.364338,3486.029,3694.941333,654.809658,7814.433665999999,13991.376996,21805.810662,0.0378285102895754,0.3167274283012849,0.00380880130013852,0.2057815110180562,0.07651008090735113,0.1598669755522983,0.16944755644599846,0.030029136185297033,0.3583647398909988,0.6416352601090012
Gwh,2022,7,347.842,2998.222,21.848,2156.051,608.178,1927.117,1699.341,280.23,3367.912,6670.917,10038.829,0.034649658839691365,0.2986625232883238,0.002176349452710072,0.21477116504325355,0.06058256396239044,0.19196631399937183,0.16927681505482362,0.027914610359435352,0.33548853158072517,0.6645114684192749
