unit,year,month,coal,gas,oil,nuclear,hydro,wind,solar,other,fossil,low.carbon,total.prod,coal.perc,gas.perc,oil.perc,nuclear.perc,hydro.perc,wind.perc,solar.perc,other.perc,fossil.perc,low.carbon.perc
Gwh,2022,1,729.845,6540.955,131.9385,5045.371,2447.456713,5278.611,1664.7355,707.284672,7402.7385,15143.458885,22546.197385,0.032371090678269605,0.2901134452212195,0.005851918075008905,0.2237792437387552,0.1085529710934002,0.23412422546747788,0.07383664178809814,0.031370463937770585,0.32833645397449807,0.671663546025502
Gwh,2022,2,593.484,5725.675937,122.9595,4770.81,1627.4065,4545.1765,1835.4405,620.067139,6442.119437,13398.900639000001,19841.020076,0.029911970136953153,0.28857769988982895,0.006197236811868039,0.24045185084867912,0.08202232011087654,0.22907977929511367,0.09250736569840866,0.0312517772082718,0.3246869068386502,0.6753130931613499
Gwh,2022,3,732.62,5270.1015,135.865,4796.306,2192.094286,6287.2165,1512.0645,716.021661,6138.5865,15503.702947,21642.289447,0.03385131696875785,0.24350942689801833,0.006277755425678095,0.2216173114099466,0.10128754129124092,0.2905060721693434,0.06986619893902207,0.03308437689799279,0.28363849929245427,0.7163615007075458
Gwh,2022,4,714.986,4166.986,110.382,4437.473,2244.043,5371.6505,2888.494,702.347676,4992.354,15644.008176,20636.362176,0.03464690113025472,0.201924446007552,0.0053489078675103795,0.2150317464945814,0.10874217950147301,0.26030026291393576,0.1399710847951344,0.03403447128955836,0.2419202550053171,0.7580797449946829
Gwh,2022,5,563.31925,4772.22575,122.50275,4079.8575,2357.8346239999996,4419.46025,3943.1705,661.217966,5458.04775,15461.54084,20919.58859,0.026927835964674678,0.22812235190328853,0.005855887149643033,0.19502570437500177,0.11270941652873107,0.21125942467685976,0.1884917804686139,0.03160759893318724,0.26090607501760626,0.7390939249823938
Gwh,2022,6,298.157333,2981.324333,52.403,1980.628667,841.384365,1602.538,1744.1663330000001,290.72486599999996,3331.8846660000004,6459.442231000001,9791.326896999999,0.030451167256130885,0.3044862421980272,0.005351981457799754,0.20228398947714146,0.08593159781620557,0.1636691346186192,0.1781338067197411,0.029692080456334907,0.3402893909119579,0.6597106090880424
