unit,year,month,coal,gas,oil,nuclear,hydro,wind,solar,other,fossil,low.carbon,total.prod,coal.perc,gas.perc,oil.perc,nuclear.perc,hydro.perc,wind.perc,solar.perc,other.perc,fossil.perc,low.carbon.perc
Gwh,2022,1,728.99,6494.992,131.806,5039.279,2437.84913,5272.1535,1664.721,706.3396720000001,7355.788,15120.342302,22476.130302,0.03243396395219919,0.28897287534509686,0.0058642657000556484,0.2242058099988675,0.10846391693071258,0.23456677947497334,0.07406617498795455,0.031426213610140336,0.3272711049973516,0.6727288950026482
Gwh,2022,2,570.251,5493.6405,118.747,4614.568,1554.7125,4416.864,1832.595,599.986916,6182.6385,13018.726416,19201.364916000002,0.029698461671587968,0.28610677022352154,0.006184299945315407,0.24032499877937322,0.08096885334982089,0.23002864740722367,0.09544087141810143,0.03124709720505579,0.3219895318404249,0.678010468159575
Gwh,2022,3,731.534,5253.5565,135.67,4789.213,2190.0665,6280.741,1512.041,715.051736,6120.7605,15487.113236,21607.873736,0.03385497383674641,0.2431315808388524,0.006278729765713398,0.2216420300541134,0.1013550211722692,0.29066909020001874,0.06997639001753558,0.03309218411475079,0.2832652844413122,0.7167347155586877
Gwh,2022,4,714.986,4166.986,110.382,4437.473,2239.6125,5373.9515,2888.494,702.347676,4992.354,15641.878675999998,20634.232676,0.034650476769684364,0.2019452850721552,0.005349459887034571,0.21505393826256958,0.10853868593838863,0.26043864021415863,0.13998553013118112,0.0340379837248279,0.24194522172887417,0.7580547782711258
Gwh,2022,5,564.00725,4754.33353,121.72597,4064.710377,2347.405073,4419.290421,3939.4725,659.8053789999999,5440.06675,15430.68375,20870.7505,0.027023812584027588,0.22779887718939482,0.00583237148084349,0.19475631108713604,0.11247343850907518,0.21174563995674234,0.1887556702860302,0.03161387890675038,0.2606550612542659,0.7393449387457341
Gwh,2022,6,20.503,234.352,4.158,126.182,60.823,107.918,124.299,21.126,259.013,440.348,699.361,0.029316762015611394,0.33509446480429994,0.005945427325801697,0.18042470197794844,0.08696939062944603,0.15430943389751503,0.17773224414858707,0.030207575200790437,0.370356654145713,0.629643345854287
