unit,year,month,coal,oil,gas,nuclear,hydro,wind,solar,other,fossil,low.carbon,total.prod,coal.perc,oil.perc,gas.perc,nuclear.perc,hydro.perc,wind.perc,solar.perc,other.perc,fossil.perc,low.carbon.perc
Gwh,2022,1,728.99,131.806,6472.836,5039.279,2438.35813,5272.1535,611.326,706.3396720000001,7333.632,14067.456301999999,21401.088302,0.034063220977966505,0.006158845668969196,0.3024535906145994,0.23546835230473134,0.113936174440817,0.2463497849082423,0.02856518282497202,0.033004848259702305,0.3426756572615351,0.6573243427384649
Gwh,2022,2,570.251,118.747,5493.6405,4614.568,1549.321,4416.864,490.486,599.986916,6182.6385,11671.225916,17853.864416,0.03193991993626664,0.006651053084820289,0.3077003595410299,0.25846325996878233,0.08677790779073875,0.24738980296286794,0.027472259706444496,0.03360543700904959,0.34629133256211686,0.6537086674378831
Gwh,2022,3,731.534,135.67,5252.6985,4789.213,2170.0275,6279.515,725.8265,715.051736,6119.9025,14679.633736,20799.536236,0.0351706880239885,0.006522741587150453,0.2525392124324671,0.2302557588621035,0.10433057138284169,0.30190649102701467,0.0348962828672946,0.03437825381713958,0.294232642043606,0.705767357956394
Gwh,2022,4,533.449,81.53,2794.379,3556.167,1616.462071,4811.9725,565.1835,540.153676,3409.358,11089.938747000002,14499.296747000002,0.036791370595982455,0.005623031338872975,0.19272514031262758,0.24526479194487785,0.1114855498998223,0.33187626848147844,0.03898006295491125,0.03725378447142695,0.235139542247483,0.764860457752517
