unit,year,month,coal,gas,oil,nuclear,hydro,wind,solar,other,fossil,low.carbon,total.prod,coal.perc,gas.perc,oil.perc,nuclear.perc,hydro.perc,wind.perc,solar.perc,other.perc,fossil.perc,low.carbon.perc
Gwh,2022,1,729.845,6540.955,131.9385,5045.371,2443.465213,5278.611,1664.7355,707.284672,7402.7385,15139.467385,22542.205885,0.03237682255779823,0.2901648149861178,0.0058529542615789135,0.22381886784901042,0.10839512448184704,0.23416568134143806,0.07384971588373904,0.031376018638470525,0.3283945918054949,0.6716054081945051
Gwh,2022,2,593.484,5725.104937,122.9595,4770.81,1627.4065,4545.1765,1835.4405,620.067139,6441.5484369999995,13398.900639000001,19840.449076,0.02991283099120513,0.28855722544735,0.0061974151658057966,0.24045877095448462,0.08202468067966225,0.22908637211735658,0.09251002802251289,0.031252676621622656,0.32466747160436094,0.6753325283956391
Gwh,2022,3,732.62,5270.1015,135.865,4796.306,2191.9362859999997,6287.2165,1512.0645,716.021661,6138.5865,15503.544947,21642.131447,0.0338515641028303,0.24351120465680998,0.006277801256901312,0.22161892934371102,0.10128098017368999,0.29050819303066033,0.06986670900243516,0.03308461843296187,0.2836405700165416,0.7163594299834585
Gwh,2022,4,714.986,4166.986,110.382,4437.473,2244.043,5371.6505,2888.494,702.347676,4992.354,15644.008176,20636.362176,0.03464690113025472,0.201924446007552,0.0053489078675103795,0.2150317464945814,0.10874217950147301,0.26030026291393576,0.1399710847951344,0.03403447128955836,0.2419202550053171,0.7580797449946829
Gwh,2022,5,563.31925,4772.22575,122.50275,4079.8575,2353.7721239999996,4419.46025,3943.1705,661.217966,5458.04775,15457.47834,20915.52609,0.02693306625786146,0.2281666609515343,0.0058570245602653165,0.19506358493897202,0.1125370747965728,0.21130045837637357,0.1885283919243745,0.03161373819404607,0.2609567517696611,0.739043248230339
Gwh,2022,6,197.36533300000002,1974.565333,34.344,1261.0656669999998,523.4873339999999,889.419,1154.1643330000002,189.483866,2206.2746660000003,4017.6202000000003,6223.894866000001,0.0317109040639762,0.31725557315993386,0.005518088068552538,0.2026168009181792,0.08410928289610345,0.14290392417435155,0.18544084658386323,0.030444580135039832,0.35448456529246264,0.6455154347075374
