unit,year,month,coal,gas,oil,nuclear,hydro,wind,solar,other,fossil,low.carbon,total.prod,coal.perc,gas.perc,oil.perc,nuclear.perc,hydro.perc,wind.perc,solar.perc,other.perc,fossil.perc,low.carbon.perc
Gwh,2022,1,728.99,6472.836,131.806,5039.279,2438.4636299999997,5272.1535,1664.721,706.3396720000001,7333.632,15120.956801999999,22454.588802000002,0.03246507902808132,0.2882633949379413,0.005869891502455846,0.22442089874970939,0.1085953366370623,0.23479180787894974,0.0741372293511661,0.031456361914634,0.3265983654684784,0.6734016345315215
Gwh,2022,2,570.251,5493.6405,118.747,4614.568,1550.968,4416.864,1832.595,599.986916,6182.6385,13014.981915999999,19197.620416,0.029704254362938224,0.28616257541072115,0.006185506194352707,0.24037187422218484,0.0807895961265786,0.23007351454448088,0.09545948718064287,0.03125319195810064,0.3220523359680121,0.6779476640319878
Gwh,2022,3,731.534,5252.6985,135.67,4789.213,2180.4225,6278.7915,1512.041,715.051736,6119.9025,15475.519736,21595.422236000002,0.03387449395550684,0.24323203513213307,0.006282349959049903,0.2217698245332886,0.10096688437817122,0.2907464105764567,0.07001673704158455,0.03311126442380897,0.2833888790466898,0.7166111209533101
Gwh,2022,4,714.986,4166.986,110.382,4437.473,2238.1755,5372.5235,2888.494,702.347676,4992.354,15639.013675999999,20631.367675999998,0.03465528855034303,0.20197332845012306,0.005350202746297081,0.21508380198962823,0.10848410707175844,0.2604055913486402,0.14000496939231613,0.03404271045089391,0.2419788197467632,0.7580211802532368
Gwh,2022,5,366.478,3086.209,81.096,2743.124,1610.2975,2684.383,2496.295,426.716,3533.783,9960.8155,13494.5985,0.027157384489801605,0.2286995793168652,0.006009515585069093,0.20327570323785474,0.11932904117154726,0.1989227763982752,0.18498475519668112,0.03162124460390578,0.26186647939173585,0.7381335206082642
