unit,year,month,coal,gas,oil,nuclear,hydro,wind,solar,other,fossil,low.carbon,total.prod,coal.perc,gas.perc,oil.perc,nuclear.perc,hydro.perc,wind.perc,solar.perc,other.perc,fossil.perc,low.carbon.perc
Gwh,2022,1,728.99,6472.836,131.806,5039.279,2437.84913,5272.1535,1664.721,706.3396720000001,7333.632,15120.342302,22453.974302000002,0.032465967502914084,0.2882712838690413,0.0058700521443217244,0.2244270404972872,0.10857094148285625,0.2347982334481608,0.07413925827160679,0.03145722278381184,0.32660730351627704,0.6733926964837228
Gwh,2022,2,570.251,5493.6405,118.747,4614.568,1554.7125,4416.864,1832.595,599.986916,6182.6385,13018.726416,19201.364916000002,0.029698461671587968,0.28610677022352154,0.006184299945315407,0.24032499877937322,0.08096885334982089,0.23002864740722367,0.09544087141810143,0.03124709720505579,0.3219895318404249,0.678010468159575
Gwh,2022,3,731.534,5252.6985,135.67,4789.213,2190.0665,6280.741,1512.041,715.051736,6119.9025,15487.113236,21607.015736,0.033856318194889476,0.24310152610516894,0.006278979089831306,0.22165083130941446,0.10135904591169775,0.2906806324732525,0.06997916873271628,0.03309349818302923,0.2832368233898897,0.7167631766101102
Gwh,2022,4,714.986,4166.986,110.382,4437.473,2239.6125,5376.386,2888.494,702.347676,4992.354,15644.313176,20636.667176,0.03464638906574572,0.20192146166150876,0.005348828813228713,0.21502856842895085,0.10852588166972144,0.2605258859944508,0.1399690160899264,0.034033968276467395,0.2419166795404832,0.7580833204595169
Gwh,2022,5,493.88525,4024.0045299999997,106.46697,3578.362377,2097.3240729999998,4000.7554210000003,3400.0805,577.354379,4624.356749999999,13653.87675,18278.2335,0.02702040380433919,0.22015281345431986,0.005824795377518293,0.19577178379956686,0.11474435278441979,0.21888085744172164,0.18601800332619672,0.03158699001191773,0.2529980126361773,0.7470019873638227
