unit,year,month,coal,gas,oil,nuclear,hydro,wind,solar,other,fossil,low.carbon,total.prod,coal.perc,gas.perc,oil.perc,nuclear.perc,hydro.perc,wind.perc,solar.perc,other.perc,fossil.perc,low.carbon.perc
Gwh,2022,1,729.845,6551.089,131.9385,5045.371,2451.568213,5278.4875,1664.7355,707.284672,7412.8725,15147.446885,22560.319385,0.03235082746591179,0.29038103974519597,0.005848254971413385,0.22363916547008583,0.10866726535041915,0.23397219737543182,0.07379042253749547,0.03135082708404662,0.32858012218252114,0.6714198778174789
Gwh,2022,2,593.484,5739.808437,122.9595,4770.81,1631.4015,4545.1765,1835.4405,620.067139,6456.251937,13402.895639,19859.147576000003,0.029884666385038193,0.2890259219351701,0.006191579952233091,0.24023236555055244,0.08214861658873851,0.2288706744640387,0.09242292464849548,0.031223250475733304,0.3251021682724414,0.6748978317275585
Gwh,2022,3,732.62,5270.9635,135.865,4796.306,2195.694786,6287.2165,1512.0645,716.021661,6139.4485,15507.303447,21646.751947,0.033844338485226326,0.24349904839790512,0.006276461259991912,0.22157162477508383,0.10143299056486389,0.29044618404616307,0.06985179595082648,0.03307755651993936,0.28361984814312335,0.7163801518568766
Gwh,2022,4,714.986,4166.986,110.382,4437.473,2246.637,5371.6505,2888.494,702.347676,4992.354,15646.602175999999,20638.956176,0.034642546546584614,0.20189906720406614,0.005348235591892852,0.21500472030461082,0.10885419692942132,0.2602675471662865,0.13995349257821885,0.03403019367891893,0.24188984934254362,0.7581101506574563
Gwh,2022,5,563.31925,4772.22575,122.50275,4079.8575,2362.705625,4419.46025,3943.1705,661.217966,5458.04775,15466.411841,20924.459591,0.026921567438821414,0.22806924734403286,0.005854523958778402,0.19498030437807928,0.11291596873623651,0.21121024563525131,0.1884479015026047,0.03160024100619555,0.2608453387416327,0.7391546612583673
Gwh,2022,6,706.657333,6038.224835,76.047,3819.433667,1463.160406,3028.721,3128.112333,565.557866,6820.929168,12004.985272,18825.914439999997,0.037536414778266684,0.32074005511096976,0.004039485053561096,0.20288170750870577,0.07772054901573218,0.1608804188318621,0.16615991446097322,0.030041455239929377,0.3623159549427975,0.6376840450572027
