unit,year,month,coal,gas,oil,nuclear,hydro,wind,solar,other,fossil,low.carbon,total.prod,coal.perc,gas.perc,oil.perc,nuclear.perc,hydro.perc,wind.perc,solar.perc,other.perc,fossil.perc,low.carbon.perc
Gwh,2022,1,729.845,6551.089,131.9385,5045.371,2449.874213,5278.4875,1664.7355,707.284672,7412.8725,15145.752885,22558.625385,0.03235325679397553,0.29040284539482814,0.00584869413575751,0.22365595925693413,0.10860033229812864,0.23398976710300118,0.07379596369852126,0.03135318131885366,0.3286047963245612,0.6713952036754388
Gwh,2022,2,593.484,5739.808437,122.9595,4770.81,1630.7925,4545.1765,1835.4405,620.067139,6456.251937,13402.286639,19858.538576000003,0.02988558285538967,0.28903478546688394,0.006191769828853492,0.2402397327347015,0.08212046892367453,0.22887769322023846,0.09242575897393668,0.031224207996321588,0.3251121381511271,0.6748878618488727
Gwh,2022,3,732.62,5270.9635,135.865,4796.306,2194.237286,6287.2165,1512.0645,716.021661,6139.4485,15505.845947,21645.294447,0.033846617415802346,0.24351544456492927,0.006276883889598954,0.22158654444475617,0.10137248497001239,0.29046574142914455,0.069856499467004,0.03307978381875232,0.2836389458703306,0.7163610541296694
Gwh,2022,4,714.986,4166.986,110.382,4437.473,2246.084,5371.6505,2888.494,702.347676,4992.354,15646.049175999999,20638.403176,0.03464347478352605,0.20190447703074757,0.005348378896307303,0.21501048129344869,0.10883031893726776,0.2602745209593826,0.13995724259127634,0.03403110550804369,0.24189633071058095,0.758103669289419
Gwh,2022,5,563.31925,4772.22575,122.50275,4079.8575,2360.926625,4419.46025,3943.1705,661.217966,5458.04775,15464.632841,20922.680590999997,0.02692385650824851,0.2280886394668185,0.0058550217534121905,0.19499688303586551,0.11284054233545798,0.21122820428186695,0.18846392472751203,0.03160292789081847,0.2608675177284792,0.739132482271521
Gwh,2022,6,646.329333,5749.996835,73.097,3484.951667,1353.456837,2803.971,2843.545333,517.977866,6469.423167999999,11003.902703,17473.325871,0.036989485446081855,0.3290728323531762,0.004183347837707135,0.1994440951155085,0.077458455647891,0.1604715107301738,0.16273635334183026,0.029643919527631176,0.37024566563696515,0.6297543343630347
