unit,year,month,coal,gas,oil,nuclear,hydro,wind,solar,other,fossil,low.carbon,total.prod,coal.perc,gas.perc,oil.perc,nuclear.perc,hydro.perc,wind.perc,solar.perc,other.perc,fossil.perc,low.carbon.perc
Gwh,2022,1,728.99,6472.836,131.806,5039.279,2438.35813,5272.1535,1664.721,706.3396720000001,7333.632,15120.851302,22454.483302,0.03246523156179994,0.288264749312823,0.005869919081516348,0.22442195316741742,0.10859114846712227,0.23479291102327055,0.0741375776770479,0.031456509709002614,0.32659989995613925,0.6734001000438606
Gwh,2022,2,570.251,5493.6405,118.747,4614.568,1549.321,4416.864,1832.595,599.986916,6182.6385,13013.334916,19195.973416,0.029706802965495414,0.2861871279432491,0.006186036906105705,0.24039249794718512,0.0807107285691815,0.2300932546780101,0.0954676775324411,0.03125587345833194,0.3220799678148502,0.6779200321851497
Gwh,2022,3,731.534,5252.6985,135.67,4789.213,2170.0275,6278.7915,1512.041,715.051736,6119.9025,15465.124736,21585.027236,0.03389080736390876,0.2433491717462107,0.006285375437179271,0.22187662529387225,0.10053392457067549,0.2908864293452495,0.07005045596969103,0.03312721027321292,0.2835253545472987,0.7164746454527012
Gwh,2022,4,714.986,4166.986,110.382,4437.473,2238.1755,5373.2735,2888.494,702.347676,4992.354,15639.763675999999,20632.117675999998,0.03465402879277374,0.20196598649915534,0.005350008260586852,0.21507598345863566,0.10848016355604272,0.26043247641275236,0.1399998800588462,0.03404147296120724,0.24197002355251596,0.758029976447484
Gwh,2022,5,216.465,1399.862,45.769,1600.252,968.737,1482.96,1385.888,242.861,1662.096,5680.698,7342.794,0.029479922765094597,0.19064432421772967,0.0062331858962678234,0.21793502582259558,0.13193029792201716,0.2019612697836818,0.18874123392267303,0.03307473966994035,0.22635743287909207,0.773642567120908
