unit,year,month,coal,gas,oil,nuclear,hydro,wind,solar,other,fossil,low.carbon,total.prod,coal.perc,gas.perc,oil.perc,nuclear.perc,hydro.perc,wind.perc,solar.perc,other.perc,fossil.perc,low.carbon.perc
Gwh,2022,1,729.845,6558.324,131.9385,5045.371,2455.8990120000003,5278.4875,1664.7355,707.284672,7420.1075,15151.777684,22571.885184,0.032334250952036035,0.29055278044072474,0.005845258334626128,0.22352457310815996,0.10880345137236723,0.2338523103839655,0.07375261243930312,0.03133476296881734,0.32873228972738694,0.6712677102726131
Gwh,2022,2,593.484,5767.679937,122.9595,4770.81,1632.5205,4545.1765,1835.4405,620.067139,6484.123437,13404.014639,19888.138076000003,0.029841104166316426,0.29000602846578905,0.006182554622766889,0.23988218413251927,0.08208513505696358,0.22853705473238284,0.09228820179074061,0.031177737032521188,0.32602968725487236,0.6739703127451275
Gwh,2022,3,732.62,5270.9635,135.865,4796.306,2198.326286,6287.2165,1512.0645,716.021661,6139.4485,15509.934947,21649.383447,0.03384022467861646,0.2434694508923952,0.0062756983510690745,0.2215446925655813,0.10154221210879918,0.2904108800784917,0.06984330540875194,0.03307353591629514,0.2835853739220807,0.7164146260779193
Gwh,2022,4,714.986,4166.986,110.382,4437.473,2246.818,5371.6505,2888.494,702.347676,4992.354,15646.783175999999,20639.137176,0.03464224274023499,0.20189729660043806,0.005348188689222752,0.21500283476772797,0.10886201205216507,0.2602652646858884,0.139952265221574,0.03402989524274869,0.24188772802989583,0.7581122719701041
Gwh,2022,5,563.31925,4772.22575,122.50275,4079.8575,2362.705625,4419.46025,3943.1705,661.217966,5458.04775,15466.411841,20924.459591,0.026921567438821414,0.22806924734403286,0.005854523958778402,0.19498030437807928,0.11291596873623651,0.21121024563525131,0.1884479015026047,0.03160024100619555,0.2608453387416327,0.7391546612583673
Gwh,2022,6,769.411333,6467.320837,79.67,4153.007667,1568.481837,3262.212,3405.883333,612.1888660000001,7316.40217,13001.773703,20318.175873000004,0.03786813037790658,0.3183022372394246,0.00392111971556808,0.20439864744545116,0.07719599666839638,0.1605563422814457,0.1676274166681439,0.030130109603663434,0.36009148733289925,0.6399085126671006
