unit,year,month,coal,gas,oil,nuclear,hydro,wind,solar,other,fossil,low.carbon,total.prod,coal.perc,gas.perc,oil.perc,nuclear.perc,hydro.perc,wind.perc,solar.perc,other.perc,fossil.perc,low.carbon.perc
Gwh,2022,1,729.845,6551.089,131.9385,5045.371,2448.354713,5278.4875,1664.7355,707.284672,7412.8725,15144.233385,22557.105884999997,0.03235543618586867,0.2904224076172971,0.005849088117626665,0.22367102525129637,0.10854028550835082,0.23400552920709938,0.07380093476916355,0.03135529334329762,0.32862693192079245,0.6713730680792077
Gwh,2022,2,593.484,5737.426437,122.9595,4770.81,1630.7925,4545.1765,1835.4405,620.067139,6453.8699369999995,13402.286639,19856.156576,0.029889168013377775,0.28894949609406223,0.006192512610855431,0.2402685525640166,0.08213032032448453,0.22890515002755987,0.09243684662612321,0.03122795373952031,0.3250311767182954,0.6749688232817045
Gwh,2022,3,732.62,5270.1015,135.865,4796.306,2192.094286,6287.2165,1512.0645,716.021661,6138.5865,15503.702947,21642.289447,0.03385131696875785,0.24350942689801833,0.006277755425678095,0.2216173114099466,0.10128754129124092,0.2905060721693434,0.06986619893902207,0.03308437689799279,0.28363849929245427,0.7163615007075458
Gwh,2022,4,714.986,4166.986,110.382,4437.473,2244.2245,5371.6505,2888.494,702.347676,4992.354,15644.189675999998,20636.543675999998,0.034646596408075755,0.20192267006640965,0.005348860823451394,0.21502985527371607,0.1087500181830352,0.26029797355296236,0.1399698537386024,0.034034171953747284,0.24191812729793682,0.7580818727020633
Gwh,2022,5,563.31925,4772.22575,122.50275,4079.8575,2357.845624,4419.46025,3943.1705,661.217966,5458.04775,15461.55184,20919.59959,0.0269278218054077,0.2281222319513812,0.005855884070484735,0.19502560182606246,0.11270988308624696,0.2112593135918621,0.18849168135536,0.03160758231319474,0.26090593782727367,0.7390940621727262
Gwh,2022,6,527.404333,4625.710738,65.632,2840.4846669999997,1168.565838,2393.194,2392.806333,424.25886599999995,5218.747071,9219.309704,14438.056775,0.03652876153757887,0.32038319353402045,0.004545764088810352,0.1967359396950425,0.08093650386687859,0.16575596268217335,0.16572911232370466,0.029384762271791244,0.36145771916040964,0.6385422808395903
