unit,year,month,coal,gas,oil,nuclear,hydro,wind,solar,other,fossil,low.carbon,total.prod,coal.perc,gas.perc,oil.perc,nuclear.perc,hydro.perc,wind.perc,solar.perc,other.perc,fossil.perc,low.carbon.perc
Gwh,2022,1,729.845,6551.089,131.9385,5045.371,2451.568213,5278.4875,1664.7355,707.284672,7412.8725,15147.446885,22560.319385,0.03235082746591179,0.29038103974519597,0.005848254971413385,0.22363916547008583,0.10866726535041915,0.23397219737543182,0.07379042253749547,0.03135082708404662,0.32858012218252114,0.6714198778174789
Gwh,2022,2,593.484,5737.803437,122.9595,4770.81,1631.4015,4545.1765,1835.4405,620.067139,6454.246937,13402.895639,19857.142576000002,0.02988768387639541,0.28895413401195486,0.006192205123642156,0.2402566221066549,0.08215691123514245,0.22889378381628028,0.0924322567043646,0.031226403125565187,0.32503402301199247,0.6749659769880074
Gwh,2022,3,732.62,5270.9635,135.865,4796.306,2195.694786,6287.2165,1512.0645,716.021661,6139.4485,15507.303447,21646.751947,0.033844338485226326,0.24349904839790512,0.006276461259991912,0.22157162477508383,0.10143299056486389,0.29044618404616307,0.06985179595082648,0.03307755651993936,0.28361984814312335,0.7163801518568766
Gwh,2022,4,714.986,4166.986,110.382,4437.473,2246.084,5371.6505,2888.494,702.347676,4992.354,15646.049175999999,20638.403176,0.03464347478352605,0.20190447703074757,0.005348378896307303,0.21501048129344869,0.10883031893726776,0.2602745209593826,0.13995724259127634,0.03403110550804369,0.24189633071058095,0.758103669289419
Gwh,2022,5,563.31925,4772.22575,122.50275,4079.8575,2361.921125,4419.46025,3943.1705,661.217966,5458.04775,15465.627341,20923.675090999997,0.02692257682027873,0.228077798438607,0.0058547434648654395,0.19498761485523589,0.11288270892793324,0.2112181646283049,0.1884549670576798,0.031601425807095095,0.26085511872375117,0.7391448812762489
Gwh,2022,6,676.5783329999999,5916.328835,74.576,3652.200667,1409.672837,2914.819,2984.257333,542.0978660000001,6667.483168,11503.047703,18170.530871,0.03723492383372314,0.3256002192232263,0.0041042279132869255,0.2009958153082296,0.07758016796580364,0.16041463073883133,0.1642361114370548,0.0298339035798444,0.3669393709702363,0.6330606290297638
