unit,year,month,coal,gas,oil,nuclear,hydro,wind,solar,other,fossil,low.carbon,total.prod,coal.perc,gas.perc,oil.perc,nuclear.perc,hydro.perc,wind.perc,solar.perc,other.perc,fossil.perc,low.carbon.perc
Gwh,2022,1,729.845,6533.3265,131.9385,5045.371,2441.120713,5278.611,1664.7355,707.284672,7395.11,15137.122885,22532.232884999998,0.03239115287530458,0.28995468550963366,0.005855544839847328,0.22391793240157612,0.10833905034884873,0.2342693255009822,0.07388240253402655,0.03138990598978092,0.32820138322478554,0.6717986167752146
Gwh,2022,2,593.484,5710.980937,122.9595,4770.81,1625.291,4545.1765,1835.4405,620.067139,6427.424437,13396.785139,19824.209576,0.029937334839241006,0.28808114215630304,0.006202491934349796,0.2406557488060325,0.08198516030458251,0.2292740339822969,0.09258580993928046,0.031278278037913734,0.3242209689298938,0.6757790310701061
Gwh,2022,3,732.62,5268.058,135.865,4796.306,2191.8117859999998,6288.093,1512.0645,716.021661,6136.543,15504.296947,21640.839947,0.033853584324556714,0.24343130917754852,0.006278175908732902,0.2216321553020356,0.10128127149259951,0.29056603234440065,0.06987087856585772,0.03308659288426833,0.28356306941083814,0.7164369305891619
Gwh,2022,4,714.986,4166.986,110.382,4437.473,2239.6125,5373.9515,2888.494,702.347676,4992.354,15641.878675999998,20634.232676,0.034650476769684364,0.2019452850721552,0.005349459887034571,0.21505393826256958,0.10853868593838863,0.26043864021415863,0.13998553013118112,0.0340379837248279,0.24194522172887417,0.7580547782711258
Gwh,2022,5,569.71325,4775.453091,122.159909,4079.878633,2362.367477,4441.605262,4006.6005,664.065635,5467.32625,15554.517506999999,21021.843757,0.027101012479473545,0.2271662346177336,0.005811093946472813,0.194078059001911,0.11237679740690501,0.21128523802870544,0.19059224996217825,0.03158931455662042,0.26007834104367994,0.73992165895632
Gwh,2022,6,142.507,1297.579,23.607,825.235,361.43248100000005,437.914,1160.75,124.705,1463.693,2910.036481,4373.729481,0.03258249066821972,0.2966756416090289,0.005397453158123201,0.1886799363300631,0.082637136697664,0.10012370493016323,0.2653913565167749,0.028512280089962882,0.3346555854353718,0.6653444145646281
