unit,year,month,coal,gas,oil,nuclear,hydro,wind,solar,other,fossil,low.carbon,total.prod,coal.perc,gas.perc,oil.perc,nuclear.perc,hydro.perc,wind.perc,solar.perc,other.perc,fossil.perc,low.carbon.perc
Gwh,2022,1,729.845,6540.955,131.9385,5045.371,2447.456713,5278.4875,1664.7355,707.284672,7402.7385,15143.335385,22546.073884999998,0.032371267996490025,0.29011503436754577,0.005851950129897306,0.22378046952807634,0.10855356571098189,0.23412003025111175,0.0738370462410112,0.03137063577488582,0.3283382524939331,0.671661747506067
Gwh,2022,2,593.484,5725.894937,122.9595,4770.81,1627.4065,4545.1765,1835.4405,620.067139,6442.338437,13398.900639000001,19841.239076,0.02991163998007964,0.28858555229678434,0.006197168409140941,0.24044919683321495,0.0820214147799123,0.2290772508002211,0.09250634463752579,0.03125143226312082,0.32469436068600493,0.675305639313995
Gwh,2022,3,732.62,5270.1015,135.865,4796.306,2192.094286,6287.2165,1512.0645,716.021661,6138.5865,15503.702947,21642.289447,0.03385131696875785,0.24350942689801833,0.006277755425678095,0.2216173114099466,0.10128754129124092,0.2905060721693434,0.06986619893902207,0.03308437689799279,0.28363849929245427,0.7163615007075458
Gwh,2022,4,714.986,4166.986,110.382,4437.473,2244.043,5371.6505,2888.494,702.347676,4992.354,15644.008176,20636.362176,0.03464690113025472,0.201924446007552,0.0053489078675103795,0.2150317464945814,0.10874217950147301,0.26030026291393576,0.1399710847951344,0.03403447128955836,0.2419202550053171,0.7580797449946829
Gwh,2022,5,563.31925,4772.22575,122.50275,4079.8575,2357.8346239999996,4419.46025,3943.1705,661.217966,5458.04775,15461.54084,20919.58859,0.026927835964674678,0.22812235190328853,0.005855887149643033,0.19502570437500177,0.11270941652873107,0.21125942467685976,0.1884917804686139,0.03160759893318724,0.26090607501760626,0.7390939249823938
Gwh,2022,6,337.090333,3294.572333,55.215,2124.0496669999998,917.748617,1697.668,1835.034333,311.704866,3686.8776660000003,6886.205483000001,10573.083149,0.031881933419948744,0.31159996441639637,0.0052222231890063425,0.20089217469181558,0.08680047286744363,0.16056508551723297,0.17355716465481094,0.029480981243345368,0.3487041210253515,0.6512958789746486
