unit,year,month,coal,gas,oil,nuclear,hydro,wind,solar,other,fossil,low.carbon,total.prod,coal.perc,gas.perc,oil.perc,nuclear.perc,hydro.perc,wind.perc,solar.perc,other.perc,fossil.perc,low.carbon.perc
Gwh,2022,1,0.0,0.0,0.0,4988.721,6325.393,3614.222,0.0,1091.046,0.0,16019.382,16019.382,0.0,0.0,0.0,0.31141781873982405,0.394858740493235,0.2256155699389652,0.0,0.06810787082797577,0.0,1.0
Gwh,2022,2,0.0,0.0,0.0,4380.35,6066.609,3306.0489700000003,0.0,886.354,0.0,14639.36197,14639.36197,0.0,0.0,0.0,0.2992172752457736,0.41440392091076905,0.225832859162509,0.0,0.06054594468094842,0.0,1.0
Gwh,2022,3,0.0,0.0,0.0,5167.7685,6066.264,3044.9885299999996,0.0,1016.0105,0.0,15295.03153,15295.03153,0.0,0.0,0.0,0.33787236658282327,0.3966166390766505,0.19908350787165716,0.0,0.06642748646886902,0.0,1.0
Gwh,2022,4,0.0,0.0,0.0,4529.8,5790.078,2188.7065,0.0,846.221,0.0,13354.8055,13354.8055,0.0,0.0,0.0,0.3391887661710985,0.43355764335167596,0.16388905851155974,0.0,0.06336453196566584,0.0,1.0
Gwh,2022,5,0.0,0.0,0.0,3783.237,5225.8,2676.6955,0.0,646.709,0.0,12332.4415,12332.4415,0.0,0.0,0.0,0.3067711288150039,0.42374415479692323,0.21704505956910475,0.0,0.052439656818968075,0.0,1.0
Gwh,2022,6,0.0,0.0,0.0,3673.92,5394.831,1836.072,0.0,403.366,0.0,11308.189,11308.189,0.0,0.0,0.0,0.32489021893779807,0.47707294244905174,0.16236658230597312,0.0,0.03567025630717704,0.0,1.0
Gwh,2022,7,0.0,0.0,0.0,1579.377,1920.194,834.375,0.0,114.751,0.0,4448.697,4448.697,0.0,0.0,0.0,0.3550201328613749,0.431630654998531,0.18755491776580874,0.0,0.025794294374285324,0.0,1.0
