unit,year,month,coal,gas,oil,nuclear,hydro,wind,solar,other,fossil,low.carbon,total.prod,coal.perc,gas.perc,oil.perc,nuclear.perc,hydro.perc,wind.perc,solar.perc,other.perc,fossil.perc,low.carbon.perc
Gwh,2022,1,0.0,0.0,0.0,4988.721,6325.393,3600.5885,0.0,1091.046,0.0,16005.7485,16005.7485,0.0,0.0,0.0,0.31168308061319344,0.39519507631898626,0.22495595879193028,0.0,0.06816588427589,0.0,1.0
Gwh,2022,2,0.0,0.0,0.0,4380.35,6066.609,3291.9244700000004,0.0,886.354,0.0,14625.23747,14625.23747,0.0,0.0,0.0,0.2995062479488068,0.4148041365102019,0.22508519788157672,0.0,0.06060441765941459,0.0,1.0
Gwh,2022,3,0.0,0.0,0.0,5167.7685,6066.264,3031.2005299999996,0.0,1016.0105,0.0,15281.24353,15281.24353,0.0,0.0,0.0,0.33817722293703933,0.3969744993652359,0.19836085486427685,0.0,0.0664874228334479,0.0,1.0
Gwh,2022,4,0.0,0.0,0.0,4142.143,5220.636,1953.144,0.0,767.164,0.0,12083.087,12083.087,0.0,0.0,0.0,0.34280502987357453,0.4320614425767191,0.16164279873181414,0.0,0.06349072881789232,0.0,1.0
