unit,year,month,coal,gas,oil,nuclear,hydro,wind,solar,other,fossil,low.carbon,total.prod,coal.perc,gas.perc,oil.perc,nuclear.perc,hydro.perc,wind.perc,solar.perc,other.perc,fossil.perc,low.carbon.perc
Gwh,2022,1,0.0,0.0,0.0,4988.721,6325.393,3614.222,0.0,1091.046,0.0,16019.382,16019.382,0.0,0.0,0.0,0.31141781873982405,0.394858740493235,0.2256155699389652,0.0,0.06810787082797577,0.0,1.0
Gwh,2022,2,0.0,0.0,0.0,4380.35,6066.609,3302.9179700000004,0.0,886.354,0.0,14636.23097,14636.23097,0.0,0.0,0.0,0.29928128416246225,0.41449257069219375,0.22566724840363736,0.0,0.060558896741706725,0.0,1.0
Gwh,2022,3,0.0,0.0,0.0,5167.7685,6066.264,3034.84453,0.0,1016.0105,0.0,15284.88753,15284.88753,0.0,0.0,0.0,0.33809659965486183,0.39687985849379687,0.19855196997972283,0.0,0.06647157187161848,0.0,1.0
Gwh,2022,4,0.0,0.0,0.0,4529.8,5790.078,2188.7065,0.0,846.221,0.0,13354.8055,13354.8055,0.0,0.0,0.0,0.3391887661710985,0.43355764335167596,0.16388905851155974,0.0,0.06336453196566584,0.0,1.0
Gwh,2022,5,0.0,0.0,0.0,3783.237,5225.8,2676.6955,0.0,646.709,0.0,12332.4415,12332.4415,0.0,0.0,0.0,0.3067711288150039,0.42374415479692323,0.21704505956910475,0.0,0.052439656818968075,0.0,1.0
Gwh,2022,6,0.0,0.0,0.0,3673.92,5394.831,1836.072,0.0,403.366,0.0,11308.189,11308.189,0.0,0.0,0.0,0.32489021893779807,0.47707294244905174,0.16236658230597312,0.0,0.03567025630717704,0.0,1.0
Gwh,2022,7,0.0,0.0,0.0,429.516,489.106,225.51,0.0,29.048,0.0,1173.18,1173.18,0.0,0.0,0.0,0.36611261698972025,0.4169061866039312,0.19222114253567227,0.0,0.024760053870676278,0.0,1.0
