unit,year,month,coal,gas,oil,nuclear,hydro,wind,solar,other,fossil,low.carbon,total.prod,coal.perc,gas.perc,oil.perc,nuclear.perc,hydro.perc,wind.perc,solar.perc,other.perc,fossil.perc,low.carbon.perc
Gwh,2022,1,0.0,0.0,0.0,4988.721,6325.393,3609.653,0.0,1091.046,0.0,16014.813,16014.813,0.0,0.0,0.0,0.31150666573502916,0.3949713930471745,0.22539463932547946,0.0,0.06812730189231682,0.0,1.0
Gwh,2022,2,0.0,0.0,0.0,4380.35,6066.609,3302.9179700000004,0.0,886.354,0.0,14636.23097,14636.23097,0.0,0.0,0.0,0.29928128416246225,0.41449257069219375,0.22566724840363736,0.0,0.060558896741706725,0.0,1.0
Gwh,2022,3,0.0,0.0,0.0,5167.7685,6066.264,3034.84453,0.0,1016.0105,0.0,15284.88753,15284.88753,0.0,0.0,0.0,0.33809659965486183,0.39687985849379687,0.19855196997972283,0.0,0.06647157187161848,0.0,1.0
Gwh,2022,4,0.0,0.0,0.0,4529.8,5790.078,2188.623,0.0,846.221,0.0,13354.722,13354.722,0.0,0.0,0.0,0.3391908869387173,0.4335603541578777,0.16388383075289775,0.0,0.06336492815050737,0.0,1.0
Gwh,2022,5,0.0,0.0,0.0,3783.237,5225.8,2676.6955,0.0,646.709,0.0,12332.4415,12332.4415,0.0,0.0,0.0,0.3067711288150039,0.42374415479692323,0.21704505956910475,0.0,0.052439656818968075,0.0,1.0
Gwh,2022,6,0.0,0.0,0.0,3053.463,4440.145,1633.27,0.0,345.445,0.0,9472.323,9472.323,0.0,0.0,0.0,0.32235630056111897,0.4687493236875474,0.17242549689236736,0.0,0.03646887885896627,0.0,1.0
