unit,year,month,coal,gas,oil,nuclear,hydro,wind,solar,other,fossil,low.carbon,total.prod,coal.perc,gas.perc,oil.perc,nuclear.perc,hydro.perc,wind.perc,solar.perc,other.perc,fossil.perc,low.carbon.perc
Gwh,2022,1,0.0,0.0,0.0,4988.721,6325.393,3608.1425,0.0,1091.046,0.0,16013.3025,16013.3025,0.0,0.0,0.0,0.3115360494813609,0.39500864983971923,0.225321572486375,0.0,0.06813372819254492,0.0,1.0
Gwh,2022,2,0.0,0.0,0.0,4380.35,6066.609,3302.7009700000003,0.0,886.354,0.0,14636.01397,14636.01397,0.0,0.0,0.0,0.2992857214388133,0.414498716141906,0.22565576780465454,0.0,0.06055979461462621,0.0,1.0
Gwh,2022,3,0.0,0.0,0.0,5167.7685,6066.264,3033.45153,0.0,1016.0105,0.0,15283.49453,15283.49453,0.0,0.0,0.0,0.338127415157324,0.3969160317421202,0.19847892273888226,0.0,0.06647763036167358,0.0,1.0
Gwh,2022,4,0.0,0.0,0.0,4529.8,5790.078,2188.5055,0.0,846.221,0.0,13354.6045,13354.6045,0.0,0.0,0.0,0.3391938712973492,0.4335641688228207,0.16387647421531654,0.0,0.0633654856645137,0.0,1.0
Gwh,2022,5,0.0,0.0,0.0,3783.237,5225.8,2676.6955,0.0,646.709,0.0,12332.4415,12332.4415,0.0,0.0,0.0,0.3067711288150039,0.42374415479692323,0.21704505956910475,0.0,0.052439656818968075,0.0,1.0
Gwh,2022,6,0.0,0.0,0.0,812.86,1196.38,501.785,0.0,112.123,0.0,2623.148,2623.148,0.0,0.0,0.0,0.30987957980258835,0.4560855887658645,0.19129115093772825,0.0,0.042743680493818874,0.0,1.0
