unit,year,month,coal,gas,oil,nuclear,hydro,wind,solar,other,fossil,low.carbon,total.prod,coal.perc,gas.perc,oil.perc,nuclear.perc,hydro.perc,wind.perc,solar.perc,other.perc,fossil.perc,low.carbon.perc
Gwh,2022,1,0.0,0.0,0.0,4988.721,6325.393,3608.1425,0.0,1091.046,0.0,16013.3025,16013.3025,0.0,0.0,0.0,0.3115360494813609,0.39500864983971923,0.225321572486375,0.0,0.06813372819254492,0.0,1.0
Gwh,2022,2,0.0,0.0,0.0,4380.35,6066.609,3301.44347,0.0,886.354,0.0,14634.75647,14634.75647,0.0,0.0,0.0,0.2993114377392848,0.4145343321862602,0.2255892318240947,0.0,0.060564998250360366,0.0,1.0
Gwh,2022,3,0.0,0.0,0.0,5167.7685,6066.264,3033.45153,0.0,1016.0105,0.0,15283.49453,15283.49453,0.0,0.0,0.0,0.338127415157324,0.3969160317421202,0.19847892273888226,0.0,0.06647763036167358,0.0,1.0
Gwh,2022,4,0.0,0.0,0.0,4529.8,5790.078,2188.3535,0.0,846.221,0.0,13354.4525,13354.4525,0.0,0.0,0.0,0.33919773199238235,0.43356910363790657,0.16386695748103491,0.0,0.06336620688867627,0.0,1.0
Gwh,2022,5,0.0,0.0,0.0,2208.817,3126.019,1915.4845,0.0,431.218,0.0,7681.5385,7681.5385,0.0,0.0,0.0,0.2875487768498459,0.4069522010467044,0.24936209068014176,0.0,0.05613693142330798,0.0,1.0
