unit,year,month,coal,gas,oil,nuclear,hydro,wind,solar,other,fossil,low.carbon,total.prod,coal.perc,gas.perc,oil.perc,nuclear.perc,hydro.perc,wind.perc,solar.perc,other.perc,fossil.perc,low.carbon.perc
Gwh,2022,1,0.0,0.0,0.0,4988.721,6325.393,3600.5885,0.0,1091.046,0.0,16005.7485,16005.7485,0.0,0.0,0.0,0.31168308061319344,0.39519507631898626,0.22495595879193028,0.0,0.06816588427589,0.0,1.0
Gwh,2022,2,0.0,0.0,0.0,4380.35,6066.609,3296.09497,0.0,886.354,0.0,14629.40797,14629.40797,0.0,0.0,0.0,0.2994208657645358,0.41468588561072167,0.2253061078588541,0.0,0.06058714076588843,0.0,1.0
Gwh,2022,3,0.0,0.0,0.0,5167.7685,6066.264,3031.2005299999996,0.0,1016.0105,0.0,15281.24353,15281.24353,0.0,0.0,0.0,0.33817722293703933,0.3969744993652359,0.19836085486427685,0.0,0.0664874228334479,0.0,1.0
Gwh,2022,4,0.0,0.0,0.0,4529.8,5790.078,2187.758,0.0,846.221,0.0,13353.857,13353.857,0.0,0.0,0.0,0.33921285812780533,0.43358843815685616,0.16382967108304364,0.0,0.06336903263229493,0.0,1.0
Gwh,2022,5,0.0,0.0,0.0,418.58,649.394,388.202,0.0,106.269,0.0,1562.445,1562.445,0.0,0.0,0.0,0.26790063010217957,0.41562679006301023,0.24845802572250544,0.0,0.06801455411230475,0.0,1.0
