unit,year,month,coal,oil,gas,nuclear,hydro,wind,solar,other,fossil,low.carbon,total.prod,coal.perc,oil.perc,gas.perc,nuclear.perc,hydro.perc,wind.perc,solar.perc,other.perc,fossil.perc,low.carbon.perc
Gwh,2022,1,0.0,0.0,0.0,4988.721,6325.393,3577.57,0.0,1091.046,0.0,15982.73,15982.73,0.0,0.0,0.0,0.31213196994505943,0.39576424052711895,0.22383973201073912,0.0,0.0682640575170825,0.0,1.0
Gwh,2022,2,0.0,0.0,0.0,4380.35,6066.609,3289.91447,0.0,886.354,0.0,14623.22747,14623.22747,0.0,0.0,0.0,0.29954741584827443,0.4148611523992111,0.22497868386095757,0.0,0.06061274789155694,0.0,1.0
Gwh,2022,3,0.0,0.0,0.0,5167.7685,6066.264,3031.2005299999996,0.0,1016.0105,0.0,15281.24353,15281.24353,0.0,0.0,0.0,0.33817722293703933,0.3969744993652359,0.19836085486427685,0.0,0.0664874228334479,0.0,1.0
Gwh,2022,4,0.0,0.0,0.0,3617.994,4460.15,1655.828,0.0,649.865,0.0,10383.837,10383.837,0.0,0.0,0.0,0.3484255386520417,0.42952812144489555,0.15946205627072152,0.0,0.06258428363234131,0.0,1.0
