unit,year,month,coal,oil,gas,nuclear,hydro,wind,solar,other,fossil,low.carbon,total.prod,coal.perc,oil.perc,gas.perc,nuclear.perc,hydro.perc,wind.perc,solar.perc,other.perc,fossil.perc,low.carbon.perc
Gwh,2022,1,0.0,0.0,0.0,4988.721,6325.393,3600.5885,0.0,1091.046,0.0,16005.7485,16005.7485,0.0,0.0,0.0,0.31168308061319344,0.39519507631898626,0.22495595879193028,0.0,0.06816588427589,0.0,1.0
Gwh,2022,2,0.0,0.0,0.0,4380.35,6066.609,3289.91447,0.0,886.354,0.0,14623.22747,14623.22747,0.0,0.0,0.0,0.29954741584827443,0.4148611523992111,0.22497868386095757,0.0,0.06061274789155694,0.0,1.0
Gwh,2022,3,0.0,0.0,0.0,5167.7685,6066.264,3031.2005299999996,0.0,1016.0105,0.0,15281.24353,15281.24353,0.0,0.0,0.0,0.33817722293703933,0.3969744993652359,0.19836085486427685,0.0,0.0664874228334479,0.0,1.0
Gwh,2022,4,0.0,0.0,0.0,2957.369,3494.629,1376.359,0.0,527.688,0.0,8356.045,8356.045,0.0,0.0,0.0,0.3539197072299156,0.41821567499935675,0.16471416800651503,0.0,0.06315044976421261,0.0,1.0
