unit,year,month,coal,gas,oil,nuclear,hydro,wind,solar,other,fossil,low.carbon,total.prod,coal.perc,gas.perc,oil.perc,nuclear.perc,hydro.perc,wind.perc,solar.perc,other.perc,fossil.perc,low.carbon.perc
Gwh,2022,1,0.0,0.0,0.0,4988.721,6325.393,3614.222,0.0,1091.046,0.0,16019.382,16019.382,0.0,0.0,0.0,0.31141781873982405,0.394858740493235,0.2256155699389652,0.0,0.06810787082797577,0.0,1.0
Gwh,2022,2,0.0,0.0,0.0,4380.35,6066.609,3315.6849700000002,0.0,886.354,0.0,14648.99797,14648.99797,0.0,0.0,0.0,0.2990204523866147,0.4141313291478325,0.22634210044879952,0.0,0.06050611801675333,0.0,1.0
Gwh,2022,3,0.0,0.0,0.0,5167.7685,6066.264,3045.24603,0.0,1016.0105,0.0,15295.28903,15295.28903,0.0,0.0,0.0,0.3378666784173872,0.39660996193675724,0.19909699150026455,0.0,0.06642636814559104,0.0,1.0
Gwh,2022,4,0.0,0.0,0.0,4529.8,5790.078,2188.773,0.0,846.221,0.0,13354.872,13354.872,0.0,0.0,0.0,0.3391870771954984,0.4335554844703866,0.16389322188935995,0.0,0.06336421644475515,0.0,1.0
Gwh,2022,5,0.0,0.0,0.0,3783.237,5225.8,2676.6955,0.0,646.709,0.0,12332.4415,12332.4415,0.0,0.0,0.0,0.3067711288150039,0.42374415479692323,0.21704505956910475,0.0,0.052439656818968075,0.0,1.0
Gwh,2022,6,0.0,0.0,0.0,3673.92,5394.831,1836.072,0.0,403.366,0.0,11308.189,11308.189,0.0,0.0,0.0,0.32489021893779807,0.47707294244905174,0.16236658230597312,0.0,0.03567025630717704,0.0,1.0
Gwh,2022,7,0.0,0.0,0.0,2209.875,2765.852,1363.639,0.0,166.097,0.0,6505.463,6505.463,0.0,0.0,0.0,0.33969526842286246,0.42515836305578864,0.20961444250778152,0.0,0.02553192601356737,0.0,1.0
