unit,year,month,coal,gas,oil,nuclear,hydro,wind,solar,other,fossil,low.carbon,total.prod,coal.perc,gas.perc,oil.perc,nuclear.perc,hydro.perc,wind.perc,solar.perc,other.perc,fossil.perc,low.carbon.perc
Gwh,2022,1,0.0,0.0,0.0,4988.721,6325.393,3608.1425,0.0,1091.046,0.0,16013.3025,16013.3025,0.0,0.0,0.0,0.3115360494813609,0.39500864983971923,0.225321572486375,0.0,0.06813372819254492,0.0,1.0
Gwh,2022,2,0.0,0.0,0.0,4380.35,6066.609,3300.74447,0.0,886.354,0.0,14634.057470000002,14634.057470000002,0.0,0.0,0.0,0.29932573443693056,0.41455413253888224,0.2255522418691171,0.0,0.06056789115507006,0.0,1.0
Gwh,2022,3,0.0,0.0,0.0,5167.7685,6066.264,3033.45153,0.0,1016.0105,0.0,15283.49453,15283.49453,0.0,0.0,0.0,0.338127415157324,0.3969160317421202,0.19847892273888226,0.0,0.06647763036167358,0.0,1.0
Gwh,2022,4,0.0,0.0,0.0,4529.8,5790.078,2188.3535,0.0,846.221,0.0,13354.4525,13354.4525,0.0,0.0,0.0,0.33919773199238235,0.43356910363790657,0.16386695748103491,0.0,0.06336620688867627,0.0,1.0
Gwh,2022,5,0.0,0.0,0.0,2343.929,3334.667,1953.4045,0.0,451.218,0.0,8083.2185,8083.2185,0.0,0.0,0.0,0.28997471737278907,0.4125419843593242,0.24166172175105746,0.0,0.055821576516829285,0.0,1.0
