unit,year,month,coal,gas,oil,nuclear,hydro,wind,solar,other,fossil,low.carbon,total.prod,coal.perc,gas.perc,oil.perc,nuclear.perc,hydro.perc,wind.perc,solar.perc,other.perc,fossil.perc,low.carbon.perc
Gwh,2022,1,0.0,0.0,0.0,4988.721,6325.393,3609.653,0.0,1091.046,0.0,16014.813,16014.813,0.0,0.0,0.0,0.31150666573502916,0.3949713930471745,0.22539463932547946,0.0,0.06812730189231682,0.0,1.0
Gwh,2022,2,0.0,0.0,0.0,4380.35,6066.609,3302.9179700000004,0.0,886.354,0.0,14636.23097,14636.23097,0.0,0.0,0.0,0.29928128416246225,0.41449257069219375,0.22566724840363736,0.0,0.060558896741706725,0.0,1.0
Gwh,2022,3,0.0,0.0,0.0,5167.7685,6066.264,3033.83853,0.0,1016.0105,0.0,15283.881529999999,15283.881529999999,0.0,0.0,0.0,0.3381188535030473,0.39690598151345396,0.19849921788814076,0.0,0.06647594709535805,0.0,1.0
Gwh,2022,4,0.0,0.0,0.0,4529.8,5790.078,2188.5055,0.0,846.221,0.0,13354.6045,13354.6045,0.0,0.0,0.0,0.3391938712973492,0.4335641688228207,0.16387647421531654,0.0,0.0633654856645137,0.0,1.0
Gwh,2022,5,0.0,0.0,0.0,3783.237,5225.8,2676.6955,0.0,646.709,0.0,12332.4415,12332.4415,0.0,0.0,0.0,0.3067711288150039,0.42374415479692323,0.21704505956910475,0.0,0.052439656818968075,0.0,1.0
Gwh,2022,6,0.0,0.0,0.0,2559.503,3729.71,1394.555,0.0,289.286,0.0,7973.054,7973.054,0.0,0.0,0.0,0.32101914774439005,0.46778938158452205,0.17490851059079746,0.0,0.03628296008029044,0.0,1.0
