unit,year,month,coal,gas,oil,nuclear,hydro,wind,solar,other,fossil,low.carbon,total.prod,coal.perc,gas.perc,oil.perc,nuclear.perc,hydro.perc,wind.perc,solar.perc,other.perc,fossil.perc,low.carbon.perc
Gwh,2022,1,0.0,0.0,0.0,4988.721,6325.393,3608.1425,0.0,1091.046,0.0,16013.3025,16013.3025,0.0,0.0,0.0,0.3115360494813609,0.39500864983971923,0.225321572486375,0.0,0.06813372819254492,0.0,1.0
Gwh,2022,2,0.0,0.0,0.0,4380.35,6066.609,3300.74447,0.0,886.354,0.0,14634.057470000002,14634.057470000002,0.0,0.0,0.0,0.29932573443693056,0.41455413253888224,0.2255522418691171,0.0,0.06056789115507006,0.0,1.0
Gwh,2022,3,0.0,0.0,0.0,5167.7685,6066.264,3032.93603,0.0,1016.0105,0.0,15282.979029999999,15282.979029999999,0.0,0.0,0.0,0.3381388203082551,0.39692941985277336,0.19845188716456677,0.0,0.0664798726744049,0.0,1.0
Gwh,2022,4,0.0,0.0,0.0,4529.8,5790.078,2188.112,0.0,846.221,0.0,13354.211,13354.211,0.0,0.0,0.0,0.33920386610635406,0.4335769443810646,0.16385183669780268,0.0,0.0633673528147788,0.0,1.0
Gwh,2022,5,0.0,0.0,0.0,1278.17,1924.946,1279.0965,0.0,292.318,0.0,4774.5305,4774.5305,0.0,0.0,0.0,0.26770590322964744,0.4031696938578568,0.2678999537231986,0.0,0.06122444918929725,0.0,1.0
