unit,year,month,coal,gas,oil,nuclear,hydro,wind,solar,other,fossil,low.carbon,total.prod,coal.perc,gas.perc,oil.perc,nuclear.perc,hydro.perc,wind.perc,solar.perc,other.perc,fossil.perc,low.carbon.perc
Gwh,2022,1,0.0,0.0,0.0,4988.721,6325.393,3600.5885,0.0,1091.046,0.0,16005.7485,16005.7485,0.0,0.0,0.0,0.31168308061319344,0.39519507631898626,0.22495595879193028,0.0,0.06816588427589,0.0,1.0
Gwh,2022,2,0.0,0.0,0.0,4380.35,6066.609,3300.67297,0.0,886.354,0.0,14633.985970000002,14633.985970000002,0.0,0.0,0.0,0.2993271969086082,0.41455615800347795,0.2255484580049792,0.0,0.060568187082934585,0.0,1.0
Gwh,2022,3,0.0,0.0,0.0,5167.7685,6066.264,3032.61953,0.0,1016.0105,0.0,15282.66253,15282.66253,0.0,0.0,0.0,0.33814582307602653,0.3969376401587008,0.1984352873098481,0.0,0.06648124945542457,0.0,1.0
Gwh,2022,4,0.0,0.0,0.0,4529.8,5790.078,2188.0285,0.0,846.221,0.0,13354.1275,13354.1275,0.0,0.0,0.0,0.33920598706280136,0.4335796554286306,0.16384660847367227,0.0,0.06336774903489577,0.0,1.0
Gwh,2022,5,0.0,0.0,0.0,830.622,1259.572,818.8125,0.0,204.098,0.0,3113.1045,3113.1045,0.0,0.0,0.0,0.26681468611156484,0.4046031863048606,0.2630212060019187,0.0,0.06556092158165587,0.0,1.0
