unit,year,month,coal,gas,oil,nuclear,hydro,wind,solar,other,fossil,low.carbon,total.prod,coal.perc,gas.perc,oil.perc,nuclear.perc,hydro.perc,wind.perc,solar.perc,other.perc,fossil.perc,low.carbon.perc
Gwh,2022,1,0.0,0.0,0.0,2247.41,1347.692,13.16625,71.514,0.0,0.0,3679.78225,3679.78225,0.0,0.0,0.0,0.6107453776646702,0.36624232317007344,0.0035779970404498794,0.019434302124806433,0.0,0.0,1.0
Gwh,2022,2,0.0,0.0,0.0,2022.574,925.2975,13.87625,135.939,0.0,0.0,3097.68675,3097.68675,0.0,0.0,0.0,0.6529304488260474,0.2987059617955237,0.004479552362742941,0.04388403701568598,0.0,0.0,1.0
Gwh,2022,3,0.0,0.0,0.0,2236.684,966.808,8.227,272.215,0.0,0.0,3483.934,3483.934,0.0,0.0,0.0,0.6419995327121581,0.277504682924533,0.002361410979656905,0.07813437338365192,0.0,0.0,1.0
Gwh,2022,4,0.0,0.0,0.0,2142.283,923.645,9.866,320.368,0.0,0.0,3396.162,3396.162,0.0,0.0,0.0,0.6307952918618134,0.27196729720195917,0.0029050439878898593,0.09433236694833756,0.0,0.0,1.0
Gwh,2022,5,0.0,0.0,0.0,1191.589,749.8295,0.001,225.424,0.0,0.0,2166.8435,2166.8435,0.0,0.0,0.0,0.5499192719732643,0.34604691109440994,4.615007959734979e-07,0.10403335543152979,0.0,0.0,1.0
