unit,year,month,coal,gas,oil,nuclear,hydro,wind,solar,other,fossil,low.carbon,total.prod,coal.perc,gas.perc,oil.perc,nuclear.perc,hydro.perc,wind.perc,solar.perc,other.perc,fossil.perc,low.carbon.perc
Gwh,2022,1,0.0,0.0,0.0,2247.41,1347.692,13.16625,71.514,0.0,0.0,3679.78225,3679.78225,0.0,0.0,0.0,0.6107453776646702,0.36624232317007344,0.0035779970404498794,0.019434302124806433,0.0,0.0,1.0
Gwh,2022,2,0.0,0.0,0.0,2022.574,925.2975,13.87625,114.482,0.0,0.0,3076.22975,3076.22975,0.0,0.0,0.0,0.6574847018497237,0.3007894647660826,0.004510797673678307,0.037215035710515446,0.0,0.0,1.0
Gwh,2022,3,0.0,0.0,0.0,2236.684,966.808,0.027,139.522,0.0,0.0,3343.041,3343.041,0.0,0.0,0.0,0.6690567061546658,0.2892001623671382,8.076478870585194e-06,0.041735054999325456,0.0,0.0,1.0
Gwh,2022,4,0.0,0.0,0.0,2142.283,923.645,9.866,320.368,0.0,0.0,3396.162,3396.162,0.0,0.0,0.0,0.6307952918618134,0.27196729720195917,0.0029050439878898593,0.09433236694833756,0.0,0.0,1.0
Gwh,2022,5,0.0,0.0,0.0,817.323,455.5975,0.0,53.107,0.0,0.0,1326.0275,1326.0275,0.0,0.0,0.0,0.6163695700126883,0.3435807326771127,0.0,0.04004969731019908,0.0,0.0,1.0
