unit,year,month,coal,gas,oil,nuclear,hydro,wind,solar,other,fossil,low.carbon,total.prod,coal.perc,gas.perc,oil.perc,nuclear.perc,hydro.perc,wind.perc,solar.perc,other.perc,fossil.perc,low.carbon.perc
Gwh,2022,1,0.0,0.0,0.0,2247.41,1347.76,13.16625,0.0,0.0,0.0,3608.33625,3608.33625,0.0,0.0,0.0,0.6228382956272437,0.373512862056578,0.0036488423161782665,0.0,0.0,0.0,1.0
Gwh,2022,2,0.0,0.0,0.0,2023.177,924.7745,13.87625,0.0,0.0,0.0,2961.82775,2961.82775,0.0,0.0,0.0,0.6830839504424253,0.3122310201867749,0.004685029370799838,0.0,0.0,0.0,1.0
Gwh,2022,3,0.0,0.0,0.0,2235.862,966.698,0.027,0.0,0.0,0.0,3202.587,3202.587,0.0,0.0,0.0,0.6981424704465484,0.30184909886913297,8.430684318646144e-06,0.0,0.0,0.0,1.0
Gwh,2022,4,0.0,0.0,0.0,2142.283,923.456,0.0,0.0,0.0,0.0,3065.739,3065.739,0.0,0.0,0.0,0.6987819250105766,0.30121807498942343,0.0,0.0,0.0,0.0,1.0
Gwh,2022,5,0.0,0.0,0.0,126.429,45.592,0.0,0.0,0.0,0.0,172.021,172.021,0.0,0.0,0.0,0.7349625917765855,0.2650374082234146,0.0,0.0,0.0,0.0,1.0
