unit,year,month,coal,gas,oil,nuclear,hydro,wind,solar,other,fossil,low.carbon,total.prod,coal.perc,gas.perc,oil.perc,nuclear.perc,hydro.perc,wind.perc,solar.perc,other.perc,fossil.perc,low.carbon.perc
Gwh,2022,1,0.0,0.0,0.0,2247.41,1347.76,13.16625,71.514,0.0,0.0,3679.85025,3679.85025,0.0,0.0,0.0,0.6107340916929975,0.36625403438631776,0.003577930922596646,0.01943394299808803,0.0,0.0,1.0
Gwh,2022,2,0.0,0.0,0.0,2023.177,924.7745,13.87625,114.482,0.0,0.0,3076.30975,3076.30975,0.0,0.0,0.0,0.6576636179110377,0.3006116337927284,0.0045106803695564145,0.03721406792667741,0.0,0.0,1.0
Gwh,2022,3,0.0,0.0,0.0,2235.862,966.698,0.027,139.522,0.0,0.0,3342.109,3342.109,0.0,0.0,0.0,0.668997330727394,0.2892478970614064,8.078731124568349e-06,0.041746693480075,0.0,0.0,1.0
Gwh,2022,4,0.0,0.0,0.0,2142.283,923.456,0.0,115.697,0.0,0.0,3181.436,3181.436,0.0,0.0,0.0,0.6733698241925973,0.2902638934116544,0.0,0.03636628239574834,0.0,0.0,1.0
Gwh,2022,5,0.0,0.0,0.0,315.635,179.9305,0.0,0.0,0.0,0.0,495.5655,495.5655,0.0,0.0,0.0,0.6369188331310391,0.3630811668689608,0.0,0.0,0.0,0.0,1.0
