unit,year,month,coal,gas,oil,nuclear,hydro,wind,solar,other,fossil,low.carbon,total.prod,coal.perc,gas.perc,oil.perc,nuclear.perc,hydro.perc,wind.perc,solar.perc,other.perc,fossil.perc,low.carbon.perc
Gwh,2022,1,0.0,0.0,0.0,2247.41,1343.6935,13.16625,71.514,0.0,0.0,3675.78375,3675.78375,0.0,0.0,0.0,0.6114097435682934,0.3655529245973733,0.0035818891685344655,0.019455442665798822,0.0,0.0,1.0
Gwh,2022,2,0.0,0.0,0.0,2022.574,925.0705,13.87625,135.939,0.0,0.0,3097.45975,3097.45975,0.0,0.0,0.0,0.6529782993951737,0.29865456685918196,0.004479880650587954,0.04388725309505636,0.0,0.0,1.0
Gwh,2022,3,0.0,0.0,0.0,2236.684,965.8375,8.227,272.215,0.0,0.0,3482.9635,3482.9635,0.0,0.0,0.0,0.6421784207615154,0.27730336536687794,0.0023620689679923436,0.0781561449036144,0.0,0.0,1.0
Gwh,2022,4,0.0,0.0,0.0,2142.283,922.4365,9.866,320.368,0.0,0.0,3394.9535,3394.9535,0.0,0.0,0.0,0.6310198357650554,0.2717081397432984,0.0029060780950313455,0.09436594639661486,0.0,0.0,1.0
Gwh,2022,5,0.0,0.0,0.0,1684.421,1337.4065,0.001,403.389,0.0,0.0,3425.2175,3425.2175,0.0,0.0,0.0,0.49177052260184934,0.39045885407277053,2.9195226288549557e-07,0.11777033137311718,0.0,0.0,1.0
Gwh,2022,6,0.0,0.0,0.0,1037.479,1634.081,0.0,365.028,0.0,0.0,3036.588,3036.588,0.0,0.0,0.0,0.34165945462473013,0.5381306255573689,0.0,0.12020991981790088,0.0,0.0,1.0
Gwh,2022,7,0.0,0.0,0.0,353.802,458.488,0.0,130.386,0.0,0.0,942.676,942.676,0.0,0.0,0.0,0.37531665174460793,0.4863685932388222,0.0,0.13831475501656984,0.0,0.0,1.0
