unit,year,month,coal,gas,oil,nuclear,hydro,wind,solar,other,fossil,low.carbon,total.prod,coal.perc,gas.perc,oil.perc,nuclear.perc,hydro.perc,wind.perc,solar.perc,other.perc,fossil.perc,low.carbon.perc
Gwh,2022,1,0.0,0.0,0.0,2247.41,1343.6935,13.16625,71.514,0.0,0.0,3675.78375,3675.78375,0.0,0.0,0.0,0.6114097435682934,0.3655529245973733,0.0035818891685344655,0.019455442665798822,0.0,0.0,1.0
Gwh,2022,2,0.0,0.0,0.0,2022.574,925.0705,13.87625,135.939,0.0,0.0,3097.45975,3097.45975,0.0,0.0,0.0,0.6529782993951737,0.29865456685918196,0.004479880650587954,0.04388725309505636,0.0,0.0,1.0
Gwh,2022,3,0.0,0.0,0.0,2236.684,965.8375,8.227,272.215,0.0,0.0,3482.9635,3482.9635,0.0,0.0,0.0,0.6421784207615154,0.27730336536687794,0.0023620689679923436,0.0781561449036144,0.0,0.0,1.0
Gwh,2022,4,0.0,0.0,0.0,2142.283,922.4365,9.866,320.368,0.0,0.0,3394.9535,3394.9535,0.0,0.0,0.0,0.6310198357650554,0.2717081397432984,0.0029060780950313455,0.09436594639661486,0.0,0.0,1.0
Gwh,2022,5,0.0,0.0,0.0,1684.421,1335.654,0.001,403.389,0.0,0.0,3423.465,3423.465,0.0,0.0,0.0,0.49202226399276755,0.3901468249273762,2.921017156594269e-07,0.11783061897814057,0.0,0.0,1.0
Gwh,2022,6,0.0,0.0,0.0,427.192,446.8205,0.0,137.331,0.0,0.0,1011.3435,1011.3435,0.0,0.0,0.0,0.4224004999290548,0.4418088414074941,0.0,0.13579065866345114,0.0,0.0,1.0
