unit,year,month,coal,oil,gas,nuclear,hydro,wind,solar,other,fossil,low.carbon,total.prod,coal.perc,oil.perc,gas.perc,nuclear.perc,hydro.perc,wind.perc,solar.perc,other.perc,fossil.perc,low.carbon.perc
Gwh,2022,1,0.0,0.0,0.0,2247.41,1347.76,13.16625,0.0,0.0,0.0,3608.33625,3608.33625,0.0,0.0,0.0,0.6228382956272437,0.373512862056578,0.0036488423161782665,0.0,0.0,0.0,1.0
Gwh,2022,2,0.0,0.0,0.0,2023.177,924.7745,13.87625,0.0,0.0,0.0,2961.82775,2961.82775,0.0,0.0,0.0,0.6830839504424253,0.3122310201867749,0.004685029370799838,0.0,0.0,0.0,1.0
Gwh,2022,3,0.0,0.0,0.0,2235.862,966.698,0.027,0.0,0.0,0.0,3202.587,3202.587,0.0,0.0,0.0,0.6981424704465484,0.30184909886913297,8.430684318646144e-06,0.0,0.0,0.0,1.0
Gwh,2022,4,0.0,0.0,0.0,1299.262,563.016,0.0,0.0,0.0,0.0,1862.278,1862.278,0.0,0.0,0.0,0.6976734945051168,0.3023265054948831,0.0,0.0,0.0,0.0,1.0
