unit,year,month,coal,gas,oil,nuclear,hydro,wind,solar,other,fossil,low.carbon,total.prod,coal.perc,gas.perc,oil.perc,nuclear.perc,hydro.perc,wind.perc,solar.perc,other.perc,fossil.perc,low.carbon.perc
Gwh,2022,1,0.0,0.0,0.0,2247.41,1345.168,13.16625,71.514,0.0,0.0,3677.25825,3677.25825,0.0,0.0,0.0,0.6111645816553678,0.36580732397568216,0.0035804529094468685,0.01944764145950315,0.0,0.0,1.0
Gwh,2022,2,0.0,0.0,0.0,2022.574,925.0705,13.87625,135.939,0.0,0.0,3097.45975,3097.45975,0.0,0.0,0.0,0.6529782993951737,0.29865456685918196,0.004479880650587954,0.04388725309505636,0.0,0.0,1.0
Gwh,2022,3,0.0,0.0,0.0,2236.684,966.808,8.227,272.215,0.0,0.0,3483.934,3483.934,0.0,0.0,0.0,0.6419995327121581,0.277504682924533,0.002361410979656905,0.07813437338365192,0.0,0.0,1.0
Gwh,2022,4,0.0,0.0,0.0,2142.283,922.4365,9.866,320.368,0.0,0.0,3394.9535,3394.9535,0.0,0.0,0.0,0.6310198357650554,0.2717081397432984,0.0029060780950313455,0.09436594639661486,0.0,0.0,1.0
Gwh,2022,5,0.0,0.0,0.0,1684.421,1337.8495,0.001,403.389,0.0,0.0,3425.6605,3425.6605,0.0,0.0,0.0,0.49170692775889496,0.3905376787921629,2.9191450816565155e-07,0.11775510153443403,0.0,0.0,1.0
Gwh,2022,6,0.0,0.0,0.0,855.1405,1209.109,0.0,281.448,0.0,0.0,2345.6975,2345.6975,0.0,0.0,0.0,0.36455702408345486,0.5154581952702767,0.0,0.1199847806462683,0.0,0.0,1.0
