unit,year,month,coal,gas,oil,nuclear,hydro,wind,solar,other,fossil,low.carbon,total.prod,coal.perc,gas.perc,oil.perc,nuclear.perc,hydro.perc,wind.perc,solar.perc,other.perc,fossil.perc,low.carbon.perc
Gwh,2022,1,0.0,0.0,0.0,2247.41,1345.168,13.16625,71.514,0.0,0.0,3677.25825,3677.25825,0.0,0.0,0.0,0.6111645816553678,0.36580732397568216,0.0035804529094468685,0.01944764145950315,0.0,0.0,1.0
Gwh,2022,2,0.0,0.0,0.0,2022.574,925.0705,13.87625,135.939,0.0,0.0,3097.45975,3097.45975,0.0,0.0,0.0,0.6529782993951737,0.29865456685918196,0.004479880650587954,0.04388725309505636,0.0,0.0,1.0
Gwh,2022,3,0.0,0.0,0.0,2236.684,966.808,8.227,272.215,0.0,0.0,3483.934,3483.934,0.0,0.0,0.0,0.6419995327121581,0.277504682924533,0.002361410979656905,0.07813437338365192,0.0,0.0,1.0
Gwh,2022,4,0.0,0.0,0.0,2142.283,922.4365,9.866,320.368,0.0,0.0,3394.9535,3394.9535,0.0,0.0,0.0,0.6310198357650554,0.2717081397432984,0.0029060780950313455,0.09436594639661486,0.0,0.0,1.0
Gwh,2022,5,0.0,0.0,0.0,1684.421,1335.8535,0.001,403.389,0.0,0.0,3423.6645,3423.6645,0.0,0.0,0.0,0.491993593414308,0.3901823616186691,2.920846946305633e-07,0.11782375288232828,0.0,0.0,1.0
