unit,year,month,coal,oil,gas,nuclear,hydro,wind,solar,other,fossil,low.carbon,total.prod,coal.perc,oil.perc,gas.perc,nuclear.perc,hydro.perc,wind.perc,solar.perc,other.perc,fossil.perc,low.carbon.perc
Gwh,2022,1,0.0,0.0,0.0,2247.41,1347.76,13.16625,0.0,0.0,0.0,3608.33625,3608.33625,0.0,0.0,0.0,0.6228382956272437,0.373512862056578,0.0036488423161782665,0.0,0.0,0.0,1.0
Gwh,2022,2,0.0,0.0,0.0,2023.177,925.6685,13.87625,0.0,0.0,0.0,2962.72175,2962.72175,0.0,0.0,0.0,0.6828778301573544,0.31243855417742145,0.004683615665224046,0.0,0.0,0.0,1.0
Gwh,2022,3,0.0,0.0,0.0,2236.684,970.807,0.027,0.0,0.0,0.0,3207.518,3207.518,0.0,0.0,0.0,0.6973254709716361,0.3026661113047534,8.417723610592364e-06,0.0,0.0,0.0,1.0
Gwh,2022,4,0.0,0.0,0.0,461.457,228.302,0.0,0.0,0.0,0.0,689.759,689.759,0.0,0.0,0.0,0.6690119302539003,0.33098806974609973,0.0,0.0,0.0,0.0,1.0
