unit,year,month,coal,gas,oil,nuclear,hydro,wind,solar,other,fossil,low.carbon,total.prod,coal.perc,gas.perc,oil.perc,nuclear.perc,hydro.perc,wind.perc,solar.perc,other.perc,fossil.perc,low.carbon.perc
Gwh,2022,1,0.0,0.0,0.0,2247.41,1343.7615,13.16625,71.514,0.0,0.0,3675.85175,3675.85175,0.0,0.0,0.0,0.6113984330298413,0.3655646613060497,0.0035818229067589575,0.01945508275735005,0.0,0.0,1.0
Gwh,2022,2,0.0,0.0,0.0,2022.574,923.9255,13.87625,135.939,0.0,0.0,3096.31475,3096.31475,0.0,0.0,0.0,0.653219767144151,0.29839521321273943,0.00448153728557473,0.04390348235753487,0.0,0.0,1.0
Gwh,2022,3,0.0,0.0,0.0,2236.684,965.8375,8.227,272.215,0.0,0.0,3482.9635,3482.9635,0.0,0.0,0.0,0.6421784207615154,0.27730336536687794,0.0023620689679923436,0.0781561449036144,0.0,0.0,1.0
Gwh,2022,4,0.0,0.0,0.0,2142.283,922.4365,9.866,320.368,0.0,0.0,3394.9535,3394.9535,0.0,0.0,0.0,0.6310198357650554,0.2717081397432984,0.0029060780950313455,0.09436594639661486,0.0,0.0,1.0
Gwh,2022,5,0.0,0.0,0.0,1684.421,1337.4145,8.09,403.389,0.0,0.0,3433.3145,3433.3145,0.0,0.0,0.0,0.49061074946673255,0.38954034068245136,0.002356323605076086,0.11749258624574009,0.0,0.0,1.0
Gwh,2022,6,0.0,0.0,0.0,1039.266,1634.081,8.076,422.497,0.0,0.0,3103.92,3103.92,0.0,0.0,0.0,0.3348237067965669,0.5264571896182891,0.0026018711822469653,0.13611723240289697,0.0,0.0,1.0
Gwh,2022,7,0.0,0.0,0.0,881.501,873.706,0.0,274.825,0.0,0.0,2030.032,2030.032,0.0,0.0,0.0,0.4342301008062927,0.4303902598579727,0.0,0.1353796393357346,0.0,0.0,1.0
