unit,year,month,coal,gas,oil,nuclear,hydro,wind,solar,other,fossil,low.carbon,total.prod,coal.perc,gas.perc,oil.perc,nuclear.perc,hydro.perc,wind.perc,solar.perc,other.perc,fossil.perc,low.carbon.perc
Gwh,2022,1,0.0,0.0,0.0,2247.41,1343.6935,13.16625,71.514,0.0,0.0,3675.78375,3675.78375,0.0,0.0,0.0,0.6114097435682934,0.3655529245973733,0.0035818891685344655,0.019455442665798822,0.0,0.0,1.0
Gwh,2022,2,0.0,0.0,0.0,2022.574,925.0705,13.87625,135.939,0.0,0.0,3097.45975,3097.45975,0.0,0.0,0.0,0.6529782993951737,0.29865456685918196,0.004479880650587954,0.04388725309505636,0.0,0.0,1.0
Gwh,2022,3,0.0,0.0,0.0,2236.684,965.8375,8.227,272.215,0.0,0.0,3482.9635,3482.9635,0.0,0.0,0.0,0.6421784207615154,0.27730336536687794,0.0023620689679923436,0.0781561449036144,0.0,0.0,1.0
Gwh,2022,4,0.0,0.0,0.0,2142.283,922.4365,9.866,320.368,0.0,0.0,3394.9535,3394.9535,0.0,0.0,0.0,0.6310198357650554,0.2717081397432984,0.0029060780950313455,0.09436594639661486,0.0,0.0,1.0
Gwh,2022,5,0.0,0.0,0.0,1684.421,1336.1115,0.001,403.389,0.0,0.0,3423.9225,3423.9225,0.0,0.0,0.0,0.49195652062802236,0.3902283127027554,2.9206268541417045e-07,0.11781487460653679,0.0,0.0,1.0
Gwh,2022,6,0.0,0.0,0.0,1040.1495,1633.65,0.0,365.028,0.0,0.0,3038.8275,3038.8275,0.0,0.0,0.0,0.34228645752350206,0.537592212786017,0.0,0.12012132969048096,0.0,0.0,1.0
Gwh,2022,7,0.0,0.0,0.0,232.025,325.06,0.0,55.128,0.0,0.0,612.213,612.213,0.0,0.0,0.0,0.3789939122494949,0.5309589962970405,0.0,0.09004709145346473,0.0,0.0,1.0
