unit,year,month,coal,oil,gas,nuclear,hydro,wind,solar,other,fossil,low.carbon,total.prod,coal.perc,oil.perc,gas.perc,nuclear.perc,hydro.perc,wind.perc,solar.perc,other.perc,fossil.perc,low.carbon.perc,biomass
Gwh,2022,1,564.283,0.0025,10347.6445,4092.3555,583.652,6081.1435,0.0,1911.1275,10911.93,12668.2785,23580.2085,0.023930365161953508,1.0602111512287943e-07,0.4388275235140521,0.1735504374356995,0.02475177435347953,0.25789184603689996,0.0,0.0810479474768003,0.4627579946971207,0.5372420053028794,1720.91
Gwh,2022,2,665.0055,0.0,5195.254,3431.5525,621.8215,7586.72,0.0,1579.1795,5860.2595,13219.2735,19079.533,0.03485439082811933,0.0,0.2722946101458563,0.17985516207341132,0.03259102306120386,0.3976365668908144,0.0,0.08276824700059483,0.3071490009739756,0.6928509990260243,1423.193
Gwh,2022,3,648.4500833333334,0.069,9078.826121212122,4213.601083333333,511.6649015151515,4601.598333333333,0.0,1528.3333484848483,9727.345204545454,10855.197666666663,20582.542871212117,0.03150485765489606,3.3523554612150096e-06,0.4410935120125643,0.2047172261317968,0.024859168505889245,0.2235680188850418,0.0,0.07425386445435077,0.4726017220229215,0.5273982779770785,1375.328621212121
Gwh,2022,4,222.29,0.0,5722.196666666667,2629.359,222.75266666666667,3033.8713333333335,0.0,885.1778333333334,5944.486666666667,6771.160833333333,12715.6475,0.017481610747702783,0.0,0.45001221264325447,0.20678136917526221,0.017517996363666632,0.23859353865647295,0.0,0.06961327241364103,0.46749382339095724,0.5325061766090429,784.8486666666666
