unit,year,month,coal,gas,oil,nuclear,hydro,wind,solar,other,fossil,low.carbon,total.prod,coal.perc,gas.perc,oil.perc,nuclear.perc,hydro.perc,wind.perc,solar.perc,other.perc,fossil.perc,low.carbon.perc
Gwh,2022,1,564.283,10347.6445,0.0025,4092.3555,583.652,6081.1435,0.0,1911.1275,10911.93,12668.2785,23580.2085,0.023930365161953508,0.4388275235140521,1.0602111512287943e-07,0.1735504374356995,0.02475177435347953,0.25789184603689996,0.0,0.0810479474768003,0.4627579946971207,0.5372420053028794
Gwh,2022,2,665.0055,5195.254,0.0,3431.5525,621.8215,7586.72,0.0,1579.1795,5860.2595,13219.2735,19079.533,0.03485439082811933,0.2722946101458563,0.0,0.17985516207341132,0.03259102306120386,0.3976365668908144,0.0,0.08276824700059483,0.3071490009739756,0.6928509990260243
Gwh,2022,3,648.4500833333334,9078.826121212122,0.069,4213.601083333333,511.6649015151515,4601.598333333333,0.0,1528.3333484848483,9727.345204545454,10855.197666666663,20582.542871212117,0.03150485765489606,0.4410935120125643,3.3523554612150096e-06,0.2047172261317968,0.024859168505889245,0.2235680188850418,0.0,0.07425386445435077,0.4726017220229215,0.5273982779770785
Gwh,2022,4,241.33566666666667,9215.525,0.0,3938.0741666666663,328.5271666666667,4264.237666666667,0.0,1343.924,9456.860666666666,9874.763,19331.623666666663,0.012483983281900915,0.47670724192144515,0.0,0.20371150579850417,0.016994287305165317,0.2205835236705674,0.0,0.0695194580224172,0.489191225203346,0.5108087747966541
Gwh,2022,5,7.059833333333333,8570.4775,0.0425,3321.3506666666667,313.4671666666667,3583.759,0.0,823.7858333333334,8577.579833333333,8042.362666666666,16619.9425,0.0004247808518792007,0.5156743171644547,2.5571688951390775e-06,0.19984128505057502,0.018860905605820637,0.21563004805822883,0.0,0.04956610610014645,0.516101655185229,0.4838983448147709
