unit,year,month,coal,oil,gas,nuclear,hydro,wind,solar,other,fossil,low.carbon,total.prod,coal.perc,oil.perc,gas.perc,nuclear.perc,hydro.perc,wind.perc,solar.perc,other.perc,fossil.perc,low.carbon.perc
Gwh,2022,1,0.0,0.0,6048.72,4390.344,127.224,6739.152,0.0,1882.32,6048.72,13139.04,19187.76,0.0,0.0,0.31523846452113224,0.22880961613028308,0.006630476929042266,0.3512214036448236,0.0,0.09810003877471889,0.31523846452113224,0.6847615354788679
Gwh,2022,2,0.0,0.0,5463.36,3965.472,114.912,6086.976,0.0,1700.16,5463.36,11867.52,17330.88,0.0,0.0,0.3152384645211322,0.22880961613028306,0.006630476929042265,0.3512214036448235,0.0,0.09810003877471889,0.3152384645211322,0.6847615354788678
Gwh,2022,3,0.0,0.0,6048.72,4390.344,127.224,6739.152,0.0,1882.32,6048.72,13139.04,19187.76,0.0,0.0,0.31523846452113224,0.22880961613028308,0.006630476929042266,0.3512214036448236,0.0,0.09810003877471889,0.31523846452113224,0.6847615354788679
Gwh,2022,4,0.0,0.0,4292.64,3115.728,90.288,4782.624,0.0,1335.84,4292.64,9324.48,13617.12,0.0,0.0,0.31523846452113224,0.22880961613028306,0.006630476929042264,0.3512214036448235,0.0,0.09810003877471887,0.31523846452113224,0.6847615354788678
