unit,year,month,coal,gas,oil,nuclear,hydro,wind,solar,other,fossil,low.carbon,total.prod,coal.perc,gas.perc,oil.perc,nuclear.perc,hydro.perc,wind.perc,solar.perc,other.perc,fossil.perc,low.carbon.perc
Gwh,2021,1,0.0,0.0,0.0,2181.376,1816.7625,10.501700000000001,35.646,0.0,0.0,4044.2862,4044.2862,0.0,0.0,0.0,0.5393723124738304,0.4492170954666858,0.002596675774330709,0.008813916285153113,0.0,0.0,1.0
Gwh,2021,2,0.0,0.0,0.0,1981.287,1417.312,12.152299999999999,95.799,0.0,0.0,3506.5503,3506.5503,0.0,0.0,0.0,0.5650245484857297,0.4041898386570984,0.0034655997947612496,0.027320013062410657,0.0,0.0,1.0
Gwh,2021,3,0.0,0.0,0.0,2212.9,1402.9465,9.188,219.951,0.0,0.0,3844.9855,3844.9855,0.0,0.0,0.0,0.5755288283922008,0.36487692866462046,0.002389605890581382,0.05720463705259747,0.0,0.0,1.0
Gwh,2021,4,0.0,0.0,0.0,2145.921,1003.661,0.0,328.853,0.0,0.0,3478.435,3478.435,0.0,0.0,0.0,0.6169214028722687,0.2885380925617411,0.0,0.09454050456599017,0.0,0.0,1.0
Gwh,2021,5,0.0,0.0,0.0,1758.96694,1230.0095,12.426,329.88,0.0,0.0,3331.28244,3331.28244,0.0,0.0,0.0,0.5280149527039203,0.36923002541927963,0.003730095008095441,0.09902492686870465,0.0,0.0,1.0
Gwh,2021,6,0.0,0.0,0.0,977.2120600000001,2074.017,6.4035,381.558,0.0,0.0,3439.19056,3439.19056,0.0,0.0,0.0,0.2841401320896857,0.6030538185706115,0.0018619206724037997,0.11094412866729897,0.0,0.0,1.0
Gwh,2021,7,0.0,0.0,0.0,1258.687,2075.533,8.0965,325.658,0.0,0.0,3667.9745,3667.9745,0.0,0.0,0.0,0.34315587526576313,0.5658526252022744,0.0022073490423665707,0.08878415048959583,0.0,0.0,1.0
Gwh,2021,8,0.0,0.0,0.0,1042.53,1980.514,8.2915,296.748,0.0,0.0,3328.0835,3328.0835,0.0,0.0,0.0,0.3132523567993411,0.595091439262266,0.00249137378914922,0.08916483014924355,0.0,0.0,1.0
Gwh,2021,9,0.0,0.0,0.0,1123.581,1405.199,6.388,251.132,0.0,0.0,2786.3,2786.3,0.0,0.0,0.0,0.4032519829164124,0.5043243728241754,0.0022926461615762838,0.09013099809783584,0.0,0.0,1.0
Gwh,2021,10,0.0,0.0,0.0,1280.7275,1167.6295,10.194567,153.397,0.0,0.0,2611.948567,2611.948567,0.0,0.0,0.0,0.49033411920166653,0.4470338791322762,0.0039030504385885174,0.05872895122746879,0.0,0.0,1.0
Gwh,2021,11,0.0,0.0,0.0,1240.817,1529.0855,8.674933000000001,58.039,0.0,0.0,2836.616433,2836.616433,0.0,0.0,0.0,0.4374285453489086,0.5390526128986858,0.003058197399930243,0.02046064435247527,0.0,0.0,1.0
Gwh,2021,12,0.0,0.0,0.0,2070.499,1336.879,0.032,25.036,0.0,0.0,3432.446,3432.446,0.0,0.0,0.0,0.6032138597373418,0.3894828935400586,9.322797794925252e-06,0.007293923924804644,0.0,0.0,1.0
