unit,year,month,coal,gas,oil,nuclear,hydro,wind,solar,other,fossil,low.carbon,total.prod,coal.perc,gas.perc,oil.perc,nuclear.perc,hydro.perc,wind.perc,solar.perc,other.perc,fossil.perc,low.carbon.perc
Gwh,2021,1,0.0,0.0,0.0,2181.376,1820.045,10.501700000000001,0.0,0.0,0.0,4011.9227,4011.9227,0.0,0.0,0.0,0.5437233374411726,0.4536590398414207,0.0026176227174067937,0.0,0.0,0.0,1.0
Gwh,2021,2,0.0,0.0,0.0,1981.287,1419.381,12.152299999999999,0.0,0.0,0.0,3412.8203,3412.8203,0.0,0.0,0.0,0.5805424328963351,0.41589678776816935,0.003560779335495631,0.0,0.0,0.0,1.0
Gwh,2021,3,0.0,0.0,0.0,2212.9,1404.6585,9.188,0.0,0.0,0.0,3626.7465,3626.7465,0.0,0.0,0.0,0.6101612009551812,0.38730539892986726,0.002533400114951514,0.0,0.0,0.0,1.0
Gwh,2021,4,0.0,0.0,0.0,2147.1435,1004.681,0.0,0.0,0.0,0.0,3151.8245,3151.8245,0.0,0.0,0.0,0.6812382796059869,0.31876172039401307,0.0,0.0,0.0,0.0,1.0
Gwh,2021,5,0.0,0.0,0.0,1763.788375,1229.6665,12.426,0.0,0.0,0.0,3005.880875,3005.880875,0.0,0.0,0.0,0.5867791999574834,0.409086903685097,0.0041338963574196865,0.0,0.0,0.0,1.0
Gwh,2021,6,0.0,0.0,0.0,1047.854125,2078.062,6.4035,0.0,0.0,0.0,3132.319625,3132.319625,0.0,0.0,0.0,0.33452975763927667,0.6634259107577503,0.0020443316029729883,0.0,0.0,0.0,1.0
Gwh,2021,7,0.0,0.0,0.0,1258.687,2075.8015,8.0965,0.0,0.0,0.0,3342.585,3342.585,0.0,0.0,0.0,0.3765609550692054,0.6210168178221347,0.0024222271086599147,0.0,0.0,0.0,1.0
Gwh,2021,8,0.0,0.0,0.0,1186.436679,1981.737,8.2915,0.0,0.0,0.0,3176.465179,3176.465179,0.0,0.0,0.0,0.37350847943924526,0.6238812290786331,0.0026102914821217373,0.0,0.0,0.0,1.0
Gwh,2021,9,0.0,0.0,0.0,1157.272321,1403.732,6.388,0.0,0.0,0.0,2567.392321,2567.392321,0.0,0.0,0.0,0.45075788048989807,0.5467539917908791,0.002488127719222854,0.0,0.0,0.0,1.0
Gwh,2021,10,0.0,0.0,0.0,1280.7275,1167.6295,10.194567,0.0,0.0,0.0,2458.551567,2458.551567,0.0,0.0,0.0,0.5209276539856282,0.47492577160981714,0.00414657440455468,0.0,0.0,0.0,1.0
Gwh,2021,11,0.0,0.0,0.0,1246.127,1530.752,8.674933000000001,0.0,0.0,0.0,2785.553933,2785.553933,0.0,0.0,0.0,0.44735339181099243,0.5495323504116838,0.0031142577773237467,0.0,0.0,0.0,1.0
Gwh,2021,12,0.0,0.0,0.0,2070.499,1341.369,0.032,0.0,0.0,0.0,3411.9,3411.9,0.0,0.0,0.0,0.6068463319558017,0.3931442891057768,9.378938421407428e-06,0.0,0.0,0.0,1.0
