unit,year,month,coal,oil,gas,nuclear,hydro,wind,solar,other,fossil,low.carbon,total.prod,coal.perc,oil.perc,gas.perc,nuclear.perc,hydro.perc,wind.perc,solar.perc,other.perc,fossil.perc,low.carbon.perc
Gwh,2022,1,578.47326,2.770266,39.041268,192.089665,4534.399171,643.099264,88.699381,116.979281,620.2847939999999,5575.266762000001,6195.551556000001,0.09336913021727421,0.000447137914188959,0.006301499978995574,0.031004449444694437,0.7318798221618735,0.10380016342164061,0.014316623822474731,0.018881173038857686,0.10011776811045874,0.8998822318895412
