unit,year,month,coal,oil,gas,nuclear,hydro,wind,solar,other,fossil,low.carbon,total.prod,coal.perc,oil.perc,gas.perc,nuclear.perc,hydro.perc,wind.perc,solar.perc,other.perc,fossil.perc,low.carbon.perc
Gwh,2022,1,5525.266568,22.933552,384.315341,1484.694667,39192.61108,4660.595626,818.49375,880.91668,5932.515461000001,47037.31180300001,52969.827264000014,0.10430969579081764,0.00043295500824837264,0.007255363304935543,0.028029063783808972,0.7399044532402421,0.08798585660420852,0.015452075120438885,0.016630537147299687,0.11199801410400158,0.8880019858959984
Gwh,2022,2,3421.113858,18.045548,244.702088,1267.475597,38157.4704,4518.64214,794.852714,727.81521,3683.861494,45466.256061,49150.117555,0.06960540540257515,0.00036715167526927395,0.004978667400462945,0.025787844669581284,0.7763454554773139,0.09193553067179434,0.01617193922497832,0.014808005478024742,0.07495122447830736,0.9250487755216927
Gwh,2022,3,2110.626292,7.4092649999999995,195.680271,951.766919,28081.972251,3386.176085,565.387913,474.915406,2313.715828,33460.218574,35773.934402,0.058998998217037094,0.0002071135066314029,0.005469911942060815,0.026605038973482042,0.7849841713085389,0.09465484134198811,0.015804465526397093,0.013275459183864583,0.0646760236657293,0.9353239763342707
