unit,year,month,coal,gas,oil,nuclear,hydro,wind,solar,other,fossil,low.carbon,total.prod,coal.perc,gas.perc,oil.perc,nuclear.perc,hydro.perc,wind.perc,solar.perc,other.perc,fossil.perc,low.carbon.perc
Gwh,2022,1,491460.03061551164,23266.460132362972,11944.65440899482,34247.17492807022,85751.02756783254,53436.86652036207,28158.117776288567,20543.7788467213,526671.1451568694,222136.9656392747,748808.1107961441,0.6563230599799245,0.031071324945486662,0.015951555861614643,0.04573558223302109,0.11451669170177757,0.07136256371949175,0.03760391663806957,0.02743530492061423,0.7033459407870258,0.2966540592129742
Gwh,2022,2,393209.96938448824,19753.359867637027,8624.753546106638,29422.425071929785,73368.97243216746,53153.133479637916,30081.882223711433,17896.99319817736,421588.0827982319,203923.40640562397,625511.4892038559,0.6286214980398867,0.03157953164502044,0.013788321549591566,0.047037385531284684,0.11729436420992151,0.08497547110971637,0.04809165417888538,0.028611773735693416,0.6739893512344987,0.3260106487655014
Gwh,2022,3,412920.0,19327.24,11552.934309411854,35488.36,88920.0,78880.0,37760.0,18999.825690588143,443800.17430941184,260048.18569058814,703848.36,0.5866604562380454,0.02745938059726388,0.01641395358143884,0.050420462725806456,0.12633403024481013,0.11206959408131605,0.05364791927624865,0.026994203255070657,0.6305337904167481,0.36946620958325194
