unit,year,month,coal,gas,oil,nuclear,hydro,wind,solar,other,fossil,low.carbon,total.prod,coal.perc,gas.perc,oil.perc,nuclear.perc,hydro.perc,wind.perc,solar.perc,other.perc,fossil.perc,low.carbon.perc
Gwh,2022,1,486954.61074428045,23322.731620267543,10818.309646085438,34244.723068535124,84357.99956160886,53708.324783532335,25829.83071095713,20470.689509320684,521095.65201063344,218611.5676339541,739707.2196445875,0.6583072299581597,0.03152967958251589,0.014625123777057887,0.04629496935961898,0.1140424174880177,0.07260754438673447,0.03491899230531747,0.02767404314257793,0.7044620333177335,0.2955379666822665
Gwh,2022,2,397715.38925571943,19697.088379732457,9719.168093421917,29424.87693146488,74762.00043839114,52881.67521646765,32410.16928904287,18002.01275117208,427131.6457288738,207480.73462653864,634612.3803554124,0.6267060044321549,0.03103798316808943,0.015315125254850421,0.046366692239734726,0.11780734626784456,0.08332909481981972,0.05107081155727166,0.02836694226023469,0.6730591128550947,0.3269408871449054
Gwh,2022,3,412920.0,19327.24,10633.362385617354,35488.36,88920.0,78880.0,37760.0,19919.397614382644,442880.6023856173,260967.75761438263,703848.36,0.5866604562380454,0.02745938059726388,0.015107462047105367,0.050420462725806456,0.12633403024481013,0.11206959408131605,0.05364791927624865,0.028300694789404134,0.6292272988824146,0.37077270111758537
