unit,year,month,coal,gas,oil,nuclear,hydro,wind,solar,other,fossil,low.carbon,total.prod,coal.perc,gas.perc,oil.perc,nuclear.perc,hydro.perc,wind.perc,solar.perc,other.perc,fossil.perc,low.carbon.perc
Gwh,2022,1,544934.1086032768,26499.10959113513,2639.9768910639573,39424.91523920023,96358.051017263,48249.862337064726,26363.37351876434,33708.78582592427,574073.1950854759,244104.98793821657,818178.1830236925,0.6660335363494981,0.03238794451008697,0.003226652758336273,0.048186221604565295,0.11777147449857228,0.05897231597981576,0.03222204412898763,0.04119981017013765,0.7016481336179214,0.2983518663820786
Gwh,2022,2,339735.8913967231,16520.71040886487,1645.8776970072,24244.684760799777,62761.948982737,58340.13766293526,31876.62648123566,21015.539586004692,357902.4795025952,198238.93747371237,556141.4169763075,0.6108804002475442,0.029705952307394288,0.002959458955521949,0.04359446000734133,0.11285249950267731,0.10490162372751433,0.057317483482072065,0.03778812176993462,0.6435458115104605,0.35645418848953964
Gwh,2022,3,412920.0,19327.24,2219.018593473815,35488.36,88920.0,78880.0,37760.0,28333.741406526184,434466.2585934738,269382.10140652617,703848.36,0.5866604562380454,0.02745938059726388,0.0031526941306985715,0.050420462725806456,0.12633403024481013,0.11206959408131605,0.05364791927624865,0.04025546270581093,0.6172725309660079,0.3827274690339922
