unit,year,month,coal,gas,oil,nuclear,hydro,wind,solar,other,fossil,low.carbon,total.prod,coal.perc,gas.perc,oil.perc,nuclear.perc,hydro.perc,wind.perc,solar.perc,other.perc,fossil.perc,low.carbon.perc
Gwh,2022,1,517563.3146435345,25168.119921872123,2505.6975491643425,36587.65005411579,90039.2951091558,65834.8732610509,35722.5042276132,32017.349850526472,545237.1321145709,260201.67250246217,805438.8046170331,0.6425855219250622,0.03124771215094232,0.003110971975525492,0.04542573544306987,0.11178911990957195,0.08173789601849865,0.04435160563762308,0.03975143693970637,0.67694420605153,0.3230557939484699
Gwh,2022,2,367106.6853564654,17851.700078127877,1777.2864602621858,27081.94994588422,69080.7048908442,40755.12673894908,22517.4957723868,22709.846140047113,386735.6718948555,182145.12348811142,568880.795382967,0.6453139011474829,0.031380387988155276,0.0031241808032308905,0.04760566741869502,0.12143265417202122,0.07164089044614871,0.039582098666607585,0.0399202193576582,0.6798184699388692,0.32018153006113076
Gwh,2022,3,412920.0,19327.24,2217.532339739452,35488.36,88920.0,78880.0,37760.0,28335.227660260545,434464.77233973943,269383.58766026056,703848.36,0.5866604562380454,0.02745938059726388,0.0031505825199897486,0.050420462725806456,0.12633403024481013,0.11206959408131605,0.05364791927624865,0.040257574316519745,0.6172704193552989,0.38272958064470103
