unit,year,month,coal,gas,oil,nuclear,hydro,wind,solar,other,fossil,low.carbon,total.prod,coal.perc,gas.perc,oil.perc,nuclear.perc,hydro.perc,wind.perc,solar.perc,other.perc,fossil.perc,low.carbon.perc
Gwh,2022,1,206460.0,9526.560000000001,8736.369109308553,34885.299999999996,16768.19025055312,59234.99999999999,18290.0,111551.12614762972,224722.92910930855,240729.61639818284,465452.5455074914,0.44356831215713494,0.020467306693130273,0.01876962365687168,0.07494920875760581,0.03602556353466809,0.1272632421322672,0.039295090716623064,0.23966165235169892,0.4828052425071369,0.5171947574928631
Gwh,2022,2,206460.0,9526.560000000001,5446.636718111051,34885.299999999996,10921.809749446878,59234.99999999999,18290.0,69545.87802495068,221433.19671811105,192877.98777439754,414311.1844925086,0.4983210874524029,0.02299373117737365,0.013146245918469851,0.08420071990750416,0.026361368358484086,0.14297224457639776,0.044145561801338995,0.16785904080802863,0.5344610645482464,0.4655389354517536
Gwh,2022,3,206460.0,9663.62,15933.102809336282,31188.39,192075.0,67660.0,18880.0,203443.27719066374,232056.72280933626,513246.66719066375,745303.39,0.2770147067223188,0.012966021796841688,0.021378009308848415,0.041846569354796574,0.2577138418758568,0.09078182241999462,0.02533196581864467,0.2729670627026985,0.3113587378280089,0.6886412621719911
