unit,year,month,coal,gas,oil,nuclear,hydro,wind,solar,other,fossil,low.carbon,total.prod,coal.perc,gas.perc,oil.perc,nuclear.perc,hydro.perc,wind.perc,solar.perc,other.perc,fossil.perc,low.carbon.perc
Gwh,2019,1,0.0,0.0,0.0,2415.987,1731.2915,7.525076,0.0,0.0,0.0,4154.803576,4154.803576,0.0,0.0,0.0,0.5814924714987296,0.4166963535895445,0.001811174911725839,0.0,0.0,0.0,1.0
Gwh,2019,2,0.0,0.0,0.0,2127.758,1220.079,8.492281,0.0,0.0,0.0,3356.329281,3356.329281,0.0,0.0,0.0,0.633953888864577,0.3635158823381251,0.0025302287972977944,0.0,0.0,0.0,1.0
Gwh,2019,3,0.0,0.0,0.0,2420.957,910.6065,12.237143,0.0,0.0,0.0,3343.800643,3343.800643,0.0,0.0,0.0,0.7240135577663982,0.27232679134334387,0.0036596508902579333,0.0,0.0,0.0,1.0
Gwh,2019,4,0.0,0.0,0.0,2299.36,1201.071,4.663,0.0,0.0,0.0,3505.094,3505.094,0.0,0.0,0.0,0.6560052312434417,0.34266441927092395,0.0013303494856343368,0.0,0.0,0.0,1.0
Gwh,2019,5,0.0,0.0,0.0,2076.993,1310.2215,7.4575,0.0,0.0,0.0,3394.672,3394.672,0.0,0.0,0.0,0.6118390819495962,0.3859640931436086,0.0021968249067951186,0.0,0.0,0.0,1.0
Gwh,2019,6,0.0,0.0,0.0,1195.7165,2258.2035,4.208,0.0,0.0,0.0,3458.128,3458.128,0.0,0.0,0.0,0.34576987896341604,0.6530132777040063,0.0012168433325776258,0.0,0.0,0.0,1.0
Gwh,2019,7,0.0,0.0,0.0,2087.408,2628.096,4.29,0.0,0.0,0.0,4719.794,4719.794,0.0,0.0,0.0,0.442266759947574,0.5568243020775907,0.0009089379748353424,0.0,0.0,0.0,1.0
Gwh,2019,8,0.0,0.0,0.0,1979.4565,2594.71,5.081,0.0,0.0,0.0,4579.2475,4579.2475,0.0,0.0,0.0,0.4322667643537502,0.5666236646960008,0.001109570950248922,0.0,0.0,0.0,1.0
Gwh,2019,9,0.0,0.0,0.0,2207.362,1525.8905,5.2085,0.0,0.0,0.0,3738.461,3738.461,0.0,0.0,0.0,0.5904467105581682,0.40816006907655317,0.0013932203652786536,0.0,0.0,0.0,1.0
Gwh,2019,10,0.0,0.0,0.0,2478.494,1551.849,7.707,0.0,0.0,0.0,4038.05,4038.05,0.0,0.0,0.0,0.6137848714107057,0.3843065340944267,0.001908594494867572,0.0,0.0,0.0,1.0
Gwh,2019,11,0.0,0.0,0.0,2411.319,1585.2815,6.9425,0.0,0.0,0.0,4003.543,4003.543,0.0,0.0,0.0,0.6022962660823176,0.3959696448870413,0.0017340890306411095,0.0,0.0,0.0,1.0
Gwh,2019,12,0.0,0.0,0.0,2291.299,1482.7715,3.389,0.0,0.0,0.0,3777.4595,3777.4595,0.0,0.0,0.0,0.6065714271721511,0.39253140900650296,0.000897163821346066,0.0,0.0,0.0,1.0
