unit,year,month,coal,gas,oil,nuclear,hydro,wind,solar,other,fossil,low.carbon,total.prod,coal.perc,gas.perc,oil.perc,nuclear.perc,hydro.perc,wind.perc,solar.perc,other.perc,fossil.perc,low.carbon.perc
Gwh,2019,1,0.0,0.0,0.0,2415.987,1729.78,7.525076,9.664,0.0,0.0,4162.9560759999995,4162.9560759999995,0.0,0.0,0.0,0.5803537092136257,0.41551723545016817,0.001807628008227873,0.00232142732797837,0.0,0.0,1.0
Gwh,2019,2,0.0,0.0,0.0,2127.758,1219.329,8.492281,24.457,0.0,0.0,3380.036281,3380.036281,0.0,0.0,0.0,0.629507444035628,0.3607443526136517,0.002512482202554204,0.0072357211481659835,0.0,0.0,1.0
Gwh,2019,3,0.0,0.0,0.0,2420.957,908.95,12.237143,40.267,0.0,0.0,3382.4111430000003,3382.4111430000003,0.0,0.0,0.0,0.7157488837541947,0.2687284193351535,0.00361787567585482,0.011904821234796885,0.0,0.0,1.0
Gwh,2019,4,0.0,0.0,0.0,2299.36,1197.8955,4.663,43.547,0.0,0.0,3545.4655,3545.4655,0.0,0.0,0.0,0.6485354320892419,0.3378669176163187,0.0013152010645710698,0.012282449229868405,0.0,0.0,1.0
Gwh,2019,5,0.0,0.0,0.0,2076.993,1307.1375,7.4575,51.361,0.0,0.0,3442.949,3442.949,0.0,0.0,0.0,0.6032598798297621,0.3796563643550921,0.0021660210476542054,0.014917734767491472,0.0,0.0,1.0
Gwh,2019,6,0.0,0.0,0.0,1075.2825,2258.23,4.208,60.842,0.0,0.0,3398.5625,3398.5625,0.0,0.0,0.0,0.3163933280614966,0.664466226529599,0.0012381705500487338,0.017902274858855767,0.0,0.0,1.0
Gwh,2019,7,0.0,0.0,0.0,2087.408,2626.989,4.29,60.499,0.0,0.0,4779.186,4779.186,0.0,0.0,0.0,0.43677061323832134,0.5496728940869847,0.0008976424018650876,0.012658850272828889,0.0,0.0,1.0
Gwh,2019,8,0.0,0.0,0.0,1974.72,2588.5805,5.081,50.768,0.0,0.0,4619.1495,4619.1495,0.0,0.0,0.0,0.4275072716308489,0.5604019744327391,0.001099986047214969,0.010990767889196918,0.0,0.0,1.0
Gwh,2019,9,0.0,0.0,0.0,2207.362,1525.8905,5.2085,38.307,0.0,0.0,3776.768,3776.768,0.0,0.0,0.0,0.5844579280485325,0.4040201833949027,0.0013790892106690165,0.01014279934589575,0.0,0.0,1.0
Gwh,2019,10,0.0,0.0,0.0,2478.494,1551.6925,7.707,23.42,0.0,0.0,4061.3135,4061.3135,0.0,0.0,0.0,0.6102690668917827,0.38206666390073063,0.0018976619263693876,0.005766607281117304,0.0,0.0,1.0
Gwh,2019,11,0.0,0.0,0.0,2411.319,1588.182,6.9425,11.592,0.0,0.0,4018.0355,4018.0355,0.0,0.0,0.0,0.6001238665014283,0.39526330715594726,0.0017278344106218075,0.002884991932002592,0.0,0.0,1.0
Gwh,2019,12,0.0,0.0,0.0,2291.299,1482.7715,3.389,4.758,0.0,0.0,3782.2175,3782.2175,0.0,0.0,0.0,0.6058083650662607,0.39203760756751826,0.0008960351962836615,0.0012579921699373449,0.0,0.0,1.0
