unit,year,month,coal,gas,oil,nuclear,hydro,wind,solar,other,fossil,low.carbon,total.prod,coal.perc,gas.perc,oil.perc,nuclear.perc,hydro.perc,wind.perc,solar.perc,other.perc,fossil.perc,low.carbon.perc
Gwh,2019,1,0.0,0.0,0.0,2415.987,1729.3365,7.525076,9.664,0.0,0.0,4162.512576,4162.512576,0.0,0.0,0.0,0.5804155437102997,0.41545496101823665,0.0018078206041677075,0.002321674667295948,0.0,0.0,1.0
Gwh,2019,2,0.0,0.0,0.0,2127.758,1219.329,8.492281,24.457,0.0,0.0,3380.036281,3380.036281,0.0,0.0,0.0,0.629507444035628,0.3607443526136517,0.002512482202554204,0.0072357211481659835,0.0,0.0,1.0
Gwh,2019,3,0.0,0.0,0.0,2420.957,908.95,12.237143,40.267,0.0,0.0,3382.4111430000003,3382.4111430000003,0.0,0.0,0.0,0.7157488837541947,0.2687284193351535,0.00361787567585482,0.011904821234796885,0.0,0.0,1.0
Gwh,2019,4,0.0,0.0,0.0,2299.36,1197.8955,4.663,43.547,0.0,0.0,3545.4655,3545.4655,0.0,0.0,0.0,0.6485354320892419,0.3378669176163187,0.0013152010645710698,0.012282449229868405,0.0,0.0,1.0
Gwh,2019,5,0.0,0.0,0.0,2076.993,1307.1375,7.4575,51.361,0.0,0.0,3442.949,3442.949,0.0,0.0,0.0,0.6032598798297621,0.3796563643550921,0.0021660210476542054,0.014917734767491472,0.0,0.0,1.0
Gwh,2019,6,0.0,0.0,0.0,1158.5305,2258.23,4.208,60.842,0.0,0.0,3481.8105,3481.8105,0.0,0.0,0.0,0.33273795342968837,0.6485792377270388,0.0012085666350882681,0.017474242208184505,0.0,0.0,1.0
Gwh,2019,7,0.0,0.0,0.0,2087.408,2626.142,4.29,60.499,0.0,0.0,4778.339,4778.339,0.0,0.0,0.0,0.43684803443204845,0.5495930698931155,0.0008978015163846684,0.012661094158451295,0.0,0.0,1.0
Gwh,2019,8,0.0,0.0,0.0,1974.72,2585.928,5.081,50.768,0.0,0.0,4616.497,4616.497,0.0,0.0,0.0,0.4277529044208195,0.5601493946600636,0.0011006180660357843,0.010997082853081026,0.0,0.0,1.0
Gwh,2019,9,0.0,0.0,0.0,2207.362,1525.1535,5.2085,38.307,0.0,0.0,3776.031,3776.031,0.0,0.0,0.0,0.584572001659944,0.40390386095876857,0.0013793583792082215,0.010144779002079168,0.0,0.0,1.0
Gwh,2019,10,0.0,0.0,0.0,2478.494,1550.5905,7.707,23.42,0.0,0.0,4060.2115,4060.2115,0.0,0.0,0.0,0.6104347027242301,0.38189894787500606,0.001898176979204162,0.005768172421559813,0.0,0.0,1.0
Gwh,2019,11,0.0,0.0,0.0,2411.319,1584.167,6.9425,11.592,0.0,0.0,4014.0205,4014.0205,0.0,0.0,0.0,0.600724136809964,0.39465842289544856,0.0017295626666580302,0.002887877627929404,0.0,0.0,1.0
Gwh,2019,12,0.0,0.0,0.0,2291.299,1478.609,3.389,4.758,0.0,0.0,3778.055,3778.055,0.0,0.0,0.0,0.6064758189068185,0.3913677805114007,0.0008970224096790544,0.0012593781721017825,0.0,0.0,1.0
