unit,year,month,coal,gas,oil,nuclear,hydro,wind,solar,other,fossil,low.carbon,total.prod,coal.perc,gas.perc,oil.perc,nuclear.perc,hydro.perc,wind.perc,solar.perc,other.perc,fossil.perc,low.carbon.perc
Gwh,2017,1,0.0,0.0,0.0,1293.835,1884.8305,6.53,4.704,0.0,0.0,3189.8995,3189.8995,0.0,0.0,0.0,0.40560368751429315,0.5908745714402601,0.0020470864364222135,0.0014746546090245163,0.0,0.0,1.0
Gwh,2017,2,0.0,0.0,0.0,1389.686,784.3305,7.64125,19.53,0.0,0.0,2201.18775,2201.18775,0.0,0.0,0.0,0.6313346056009987,0.3563214905225599,0.0034714212815331177,0.008872482594908136,0.0,0.0,1.0
Gwh,2017,3,0.0,0.0,0.0,2169.838,932.8875,8.09075,37.806,0.0,0.0,3148.62225,3148.62225,0.0,0.0,0.0,0.6891388765356022,0.2962843510363938,0.0025696159645699004,0.012007156463434126,0.0,0.0,1.0
Gwh,2017,4,0.0,0.0,0.0,2097.694,884.948,5.364,47.979,0.0,0.0,3035.985,3035.985,0.0,0.0,0.0,0.6909434664532268,0.2914862886344959,0.0017668071482566613,0.015803437764020573,0.0,0.0,1.0
Gwh,2017,5,0.0,0.0,0.0,2139.46,1111.178,4.982,58.128,0.0,0.0,3313.748,3313.748,0.0,0.0,0.0,0.6456314722785197,0.33532362750577294,0.0015034335743092113,0.0175414666413982,0.0,0.0,1.0
Gwh,2017,6,0.0,0.0,0.0,1397.6555,1566.71,4.528,61.783,0.0,0.0,3030.6765,3030.6765,0.0,0.0,0.0,0.46116947816766324,0.5169505884247296,0.0014940558650849076,0.02038587754252227,0.0,0.0,1.0
Gwh,2017,7,0.0,0.0,0.0,2045.455,1413.466,6.101,57.331,0.0,0.0,3522.353,3522.353,0.0,0.0,0.0,0.5807069876301438,0.40128459583693055,0.0017320807993974482,0.016276335733528127,0.0,0.0,1.0
Gwh,2017,8,0.0,0.0,0.0,1740.4415,1610.411,4.705,50.877,0.0,0.0,3406.4345,3406.4345,0.0,0.0,0.0,0.5109276282869962,0.47275560413681816,0.0013812095902621935,0.014935557985923406,0.0,0.0,1.0
Gwh,2017,9,0.0,0.0,0.0,1378.394,1212.9245,5.5265,36.287,0.0,0.0,2633.132,2633.132,0.0,0.0,0.0,0.5234807825813518,0.46063945901686665,0.0020988313536883076,0.013780927048093297,0.0,0.0,1.0
Gwh,2017,10,0.0,0.0,0.0,1225.526,1048.991,6.7395,29.264,0.0,0.0,2310.5205,2310.5205,0.0,0.0,0.0,0.5304112211945318,0.45400635917318194,0.0029168752235697536,0.012665544408716563,0.0,0.0,1.0
Gwh,2017,11,0.0,0.0,0.0,1236.031,1536.8175,8.9165,11.894,0.0,0.0,2793.659,2793.659,0.0,0.0,0.0,0.44244161510048285,0.5501091937133344,0.003191692328949238,0.00425749885723347,0.0,0.0,1.0
Gwh,2017,12,0.0,0.0,0.0,1601.434,1429.8455,9.9155,5.529,0.0,0.0,3046.724,3046.724,0.0,0.0,0.0,0.5256249007130281,0.46930588395929523,0.003254479237371025,0.0018147360903055215,0.0,0.0,1.0
