unit,year,month,coal,gas,oil,nuclear,hydro,wind,solar,other,fossil,low.carbon,total.prod,coal.perc,gas.perc,oil.perc,nuclear.perc,hydro.perc,wind.perc,solar.perc,other.perc,fossil.perc,low.carbon.perc
Gwh,2017,1,0.0,0.0,0.0,1293.835,1886.997,6.53,0.0,0.0,0.0,3187.362,3187.362,0.0,0.0,0.0,0.405926593841553,0.5920246900101087,0.0020487161483383437,0.0,0.0,0.0,1.0
Gwh,2017,2,0.0,0.0,0.0,1389.686,784.3305,7.64125,0.0,0.0,0.0,2181.65775,2181.65775,0.0,0.0,0.0,0.6369862550622343,0.35951124781144067,0.0035024971263251537,0.0,0.0,0.0,1.0
Gwh,2017,3,0.0,0.0,0.0,2169.838,932.8875,8.09075,0.0,0.0,0.0,3110.81625,3110.81625,0.0,0.0,0.0,0.6975140367098186,0.29988511857619365,0.002600844713987848,0.0,0.0,0.0,1.0
Gwh,2017,4,0.0,0.0,0.0,2097.694,884.948,5.364,0.0,0.0,0.0,2988.006,2988.006,0.0,0.0,0.0,0.7020380815835042,0.2961667412983776,0.0017951771181182368,0.0,0.0,0.0,1.0
Gwh,2017,5,0.0,0.0,0.0,2139.46,1111.8765,4.982,0.0,0.0,0.0,3256.3185,3256.3185,0.0,0.0,0.0,0.6570180404650221,0.34145201091355165,0.0015299486214263133,0.0,0.0,0.0,1.0
Gwh,2017,6,0.0,0.0,0.0,1397.6555,1566.71,4.528,0.0,0.0,0.0,2968.8935,2968.8935,0.0,0.0,0.0,0.47076646568831115,0.527708386979863,0.001525147331825813,0.0,0.0,0.0,1.0
Gwh,2017,7,0.0,0.0,0.0,2045.455,1413.466,6.101,0.0,0.0,0.0,3465.022,3465.022,0.0,0.0,0.0,0.5903151552861713,0.4079241055323747,0.0017607391814539707,0.0,0.0,0.0,1.0
Gwh,2017,8,0.0,0.0,0.0,1740.4415,1612.854,4.705,0.0,0.0,0.0,3358.0005,3358.0005,0.0,0.0,0.0,0.5182969746430949,0.48030189393956313,0.001401131417341957,0.0,0.0,0.0,1.0
Gwh,2017,9,0.0,0.0,0.0,1378.394,1213.0475,5.5265,0.0,0.0,0.0,2596.968,2596.968,0.0,0.0,0.0,0.5307704985198124,0.46710144291342826,0.0021280585667593907,0.0,0.0,0.0,1.0
Gwh,2017,10,0.0,0.0,0.0,1225.526,1048.991,6.7395,0.0,0.0,0.0,2281.2565,2281.2565,0.0,0.0,0.0,0.5372153460165484,0.4598303610313001,0.0029542929521515883,0.0,0.0,0.0,1.0
Gwh,2017,11,0.0,0.0,0.0,1236.031,1541.457,8.9165,0.0,0.0,0.0,2786.4045,2786.4045,0.0,0.0,0.0,0.4435935270704594,0.5532064709197821,0.0032000020097584536,0.0,0.0,0.0,1.0
Gwh,2017,12,0.0,0.0,0.0,1601.434,1429.8455,9.9155,0.0,0.0,0.0,3041.195,3041.195,0.0,0.0,0.0,0.5265805053605572,0.47015909864378963,0.003260395995653024,0.0,0.0,0.0,1.0
