unit,year,month,coal,oil,gas,nuclear,hydro,wind,solar,other,fossil,low.carbon,total.prod,coal.perc,oil.perc,gas.perc,nuclear.perc,hydro.perc,wind.perc,solar.perc,other.perc,fossil.perc,low.carbon.perc
Gwh,2022,1,87552.96,3712.164,121950.708,70880.423,25362.667,37909.066,7046.906,6532.893,213215.832,147731.955,360947.787,0.2425640581639028,0.01028449026063706,0.33786246208513254,0.19637306434018945,0.07026685829216624,0.10502645359064079,0.019523338980881464,0.018099274286449633,0.5907110105096723,0.40928898949032755
Gwh,2022,2,71718.315,2336.009,102117.959,62033.319,21635.079,38155.054,8108.634,5946.844,176172.283,135878.93,312051.213,0.22982866918065786,0.007485979552978056,0.3272474348625589,0.1987921098066682,0.06933182150456824,0.12227176953803412,0.025984946259446202,0.01905726929508843,0.5645620835961949,0.43543791640380514
Gwh,2022,3,41735.2,742.48,66514.282,41753.378,16446.112,27102.47,6422.008,3347.101,108991.962,95071.06899999999,204063.031,0.20452112171165387,0.0036384836408707467,0.3259496914950754,0.20461020203115576,0.08059329472568699,0.13281420876278174,0.031470707695212076,0.016402289937563458,0.5341092968476,0.4658907031524
