unit,year,month,coal,oil,gas,nuclear,hydro,wind,solar,other,fossil,low.carbon,total.prod,coal.perc,oil.perc,gas.perc,nuclear.perc,hydro.perc,wind.perc,solar.perc,other.perc,fossil.perc,low.carbon.perc
Gwh,2022,1,87552.96,3712.164,121950.708,70880.423,25362.667,37909.066,7046.906,6532.893,213215.832,147731.955,360947.787,0.2425640581639028,0.01028449026063706,0.33786246208513254,0.19637306434018945,0.07026685829216624,0.10502645359064079,0.019523338980881464,0.018099274286449633,0.5907110105096723,0.40928898949032755
Gwh,2022,2,71718.315,2336.009,102117.959,62033.319,21635.079,38155.054,8108.634,5946.844,176172.283,135878.93,312051.213,0.22982866918065786,0.007485979552978056,0.3272474348625589,0.1987921098066682,0.06933182150456824,0.12227176953803412,0.025984946259446202,0.01905726929508843,0.5645620835961949,0.43543791640380514
Gwh,2022,3,46817.566,810.123,75568.696,47800.806,19038.807,32282.592,7384.0,3901.21,123196.385,110407.41500000001,233603.8,0.2004144025054387,0.0034679358811800154,0.3234908678711562,0.2046234093794707,0.08150041651719707,0.1381937793820135,0.03160907485237826,0.016700113611165572,0.527373206257775,0.47262679374222516
